// Imagem convertida para ESP32
const uint16_t imageData[] = {
  0x0000, 0x0000, 0x0000, 0x0000, 0x0000, 0x0000, 0x0000, 0x0000, 0x0000, 0x0000, 0x0000, 0x0000, 0x0000, 0x0000, 0x0000, 0x0000, 
  0x0000, 0x0000, 0x0000, 0x0000, 0x0000, 0x0000, 0x0000, 0x0000, 0x0000, 0x0000, 0x0000, 0x0000, 0x0000, 0x0000, 0x0000, 0x0000, 
  0x0000, 0x0000, 0x0000, 0x0000, 0x0000, 0x0000, 0x0000, 0x0000, 0x0000, 0x0000, 0x0000, 0x0000, 0x0000, 0x0000, 0x0000, 0x0000, 
  0x0000, 0x0000, 0x0000, 0x0000, 0x0000, 0x0000, 0x0000, 0x0000, 0x0000, 0x0000, 0x0000, 0x0000, 0x0000, 0x0000, 0x0000, 0x0000, 
  0x0000, 0x0000, 0x0000, 0x0000, 0x0000, 0x0000, 0x0000, 0x0000, 0x0000, 0x0000, 0x0000, 0x0000, 0x0000, 0x0000, 0x0000, 0x0000, 
  0x0000, 0x0000, 0x0000, 0x0000, 0x0000, 0x0000, 0x0000, 0x0000, 0x0000, 0x0000, 0x0000, 0x0000, 0xf800, 0x05e7, 0x003f, 0x7800, 
  0xf800, 0x0000, 0x0000, 0x0000, 0x0000, 0x0000, 0x0006, 0x3180, 0x7982, 0x55a9, 0x0ad9, 0x504b, 0xe2e0, 0x5fed, 0x0279, 0x5050, 
  0xa223, 0xfcc8, 0x17f3, 0x40bf, 0x9a23, 0xfce8, 0x175f, 0x680a, 0xeb00, 0x5eeb, 0x02d8, 0x504a, 0x99e2, 0x5b04, 0x19c0, 0x0000, 
  0x7800, 0x0000, 0x0000, 0x0000, 0x0000, 0x07ef, 0x0017, 0x3800, 0x79e7, 0x0000, 0x0000, 0x0000, 0x0000, 0x0000, 0x0000, 0x0000, 
  0x0000, 0x0000, 0x0000, 0x0000, 0x0000, 0x0000, 0x0000, 0x0000, 0x0000, 0x0000, 0x0000, 0x0000, 0x0000, 0x0000, 0x0000, 0x0000, 
  0x0000, 0x0000, 0x0000, 0x0000, 0x0000, 0x0000, 0x0000, 0x0000, 0x9a22, 0xe4e8, 0x1ff3, 0x40bf, 0x9a22, 0xfcc8, 0x17f3, 0x40bf, 
  0x9a22, 0xfcc8, 0x17f3, 0x40bf, 0x9a22, 0xfcc8, 0x17f3, 0x40bf, 0x9a22, 0xfcc8, 0x17f3, 0x40bf, 0x9a22, 0xfcc8, 0x17f3, 0x40bf, 
  0x9a22, 0xfcc8, 0x17f3, 0x40bf, 0xa243, 0xfd29, 0x15df, 0xf800, 0x0000, 0x07e0, 0x0000, 0x0000, 0x0000, 0x0000, 0x0000, 0x0000, 
  0x0000, 0x0000, 0x0000, 0x0000, 0x0000, 0x0000, 0x0000, 0x0000, 0x0000, 0x0000, 0x0000, 0x0000, 0x0000, 0x0000, 0x0000, 0x0000, 
  0x0000, 0x0000, 0x0000, 0x0000, 0x0000, 0x0000, 0x0000, 0x0000, 0x0000, 0x0000, 0x0000, 0x0000, 0x0000, 0x0000, 0x0000, 0x0000, 
  0x0000, 0x0000, 0x0000, 0x0000, 0x0000, 0x0000, 0x0000, 0x0000, 0x0000, 0x0000, 0x0000, 0x0000, 0x0000, 0x0000, 0x0000, 0x0000, 
  0x0000, 0x0000, 0x0000, 0x0000, 0x0000, 0x0000, 0x0000, 0x0000, 0x0000, 0x0000, 0x0000, 0x0000, 0x0000, 0x0000, 0x0000, 0x0000, 
  0x0000, 0x0000, 0x0000, 0x0000, 0x0000, 0x0000, 0x0000, 0x0000, 0x0000, 0x0000, 0x0000, 0x0000, 0x0000, 0x0000, 0x0000, 0x0000, 
  0x0000, 0x0000, 0x0000, 0x0000, 0x0000, 0x0000, 0x0000, 0x0000, 0x0000, 0x0000, 0x0000, 0x0000, 0x0000, 0x0000, 0x0000, 0x0000, 
  0x0000, 0x0000, 0x0000, 0x0000, 0x0000, 0x0000, 0x0000, 0x0000, 0x0000, 0x0000, 0x0000, 0x0000, 0x0000, 0x0000, 0x0000, 0x0000, 
  0x0000, 0x0000, 0x0000, 0x0000, 0x0000, 0x0000, 0x0000, 0x0000, 0x0000, 0x0000, 0x0000, 0x0000, 0x0000, 0x0000, 0x0000, 0x0000, 
  0x0000, 0x0000, 0x0000, 0x0000, 0x0000, 0x0000, 0x0000, 0x0000, 0x0000, 0x0000, 0x0000, 0x0000, 0x0000, 0x0000, 0x0000, 0x0000, 
  0x0000, 0x0000, 0x0000, 0x0000, 0x0000, 0x0000, 0x0000, 0x0000, 0x0000, 0x0000, 0x0000, 0x0000, 0x0000, 0x0000, 0x0000, 0x0000, 
  0x0000, 0x0000, 0x0000, 0x0000, 0x0000, 0x0000, 0x0000, 0x0000, 0x0000, 0x0000, 0x0000, 0x0000, 0x0000, 0x0000, 0x0000, 0x0000, 
  0x0000, 0x0000, 0x0000, 0x0000, 0x0000, 0x0000, 0x0000, 0x0000, 0x0000, 0x0000, 0x0000, 0x0000, 0x0000, 0x0000, 0x0000, 0x0000, 
  0x0000, 0x0000, 0x0000, 0x0000, 0x0000, 0x0000, 0x0000, 0x0000, 0x7be0, 0x07ef, 0x003f, 0x7800, 0xfaa0, 0x0000, 0x0000, 0x0000, 
  0x30e5, 0x1d49, 0x08b4, 0x4088, 0xa222, 0xc7ac, 0x05bf, 0x6817, 0xeb00, 0xffed, 0x07ff, 0x681f, 0xfb80, 0xffee, 0x07ff, 0x701f, 
  0xfb60, 0xffee, 0x07ff, 0x701f, 0xfb60, 0xffed, 0x07ff, 0x701f, 0xfb80, 0xffed, 0x07ff, 0x681f, 0xfb40, 0xff6c, 0x075f, 0x6816, 
  0xcaa0, 0xc427, 0x1d3c, 0x5802, 0x5144, 0x18a2, 0x2860, 0x0000, 0x0000, 0x07ef, 0x003f, 0x7800, 0xb9e0, 0x0000, 0x0000, 0x0000, 
  0x0000, 0x0000, 0x0000, 0x0000, 0x0000, 0x0000, 0x0000, 0x0000, 0x0000, 0x0000, 0x0000, 0x0000, 0x0000, 0x0000, 0x0000, 0x0000, 
  0x0000, 0x0000, 0x0000, 0x0000, 0x0000, 0x0000, 0x0000, 0x0000, 0xfb60, 0xe7ee, 0x07ff, 0x681f, 0xfb80, 0xffee, 0x07ff, 0x701f, 
  0xfb80, 0xffee, 0x07ff, 0x701f, 0xfb80, 0xffee, 0x07ff, 0x701f, 0xfb80, 0xffee, 0x07ff, 0x701f, 0xfb80, 0xffee, 0x07ff, 0x701f, 
  0xfb80, 0xffee, 0x07ff, 0x701f, 0xfb80, 0xffcd, 0x07f9, 0x5046, 0x0000, 0x07ef, 0x0000, 0x0000, 0x0000, 0x0000, 0x0000, 0x0000, 
  0x0000, 0x0000, 0x0000, 0x0000, 0x0000, 0x0000, 0x0000, 0x0000, 0x0000, 0x0000, 0x0000, 0x0000, 0x0000, 0x0000, 0x0000, 0x0000, 
  0x0000, 0x0000, 0x0000, 0x0000, 0x0000, 0x0000, 0x0000, 0x0000, 0x0000, 0x0000, 0x0000, 0x0000, 0x0000, 0x0000, 0x0000, 0x0000, 
  0x0000, 0x0000, 0x0000, 0x0000, 0x0000, 0x0000, 0x0000, 0x0000, 0x0000, 0x0000, 0x0000, 0x0000, 0x0000, 0x0000, 0x0000, 0x0000, 
  0x0000, 0x0000, 0x0000, 0x0000, 0x0000, 0x0000, 0x0000, 0x0000, 0x0000, 0x0000, 0x0000, 0x0000, 0x0000, 0x0000, 0x0000, 0x0000, 
  0x0000, 0x0000, 0x0000, 0x0000, 0x0000, 0x0000, 0x0000, 0x0000, 0x0000, 0x0000, 0x0000, 0x0000, 0x0000, 0x0000, 0x0000, 0x0000, 
  0x0000, 0x0000, 0x0000, 0x0000, 0x0000, 0x0000, 0x0000, 0x0000, 0x0000, 0x0000, 0x0000, 0x0000, 0x0000, 0x0000, 0x0000, 0x0000, 
  0x0000, 0x0000, 0x0000, 0x0000, 0x0000, 0x0000, 0x0000, 0x0000, 0x0000, 0x0000, 0x0000, 0x0000, 0x0000, 0x0000, 0x0000, 0x0000, 
  0x0000, 0x0000, 0x0000, 0x0000, 0x0000, 0x0000, 0x0000, 0x0000, 0x0000, 0x0000, 0x0000, 0x0000, 0x0000, 0x0000, 0x0000, 0x0000, 
  0x0000, 0x0000, 0x0000, 0x0000, 0x0000, 0x0000, 0x0000, 0x0000, 0x0000, 0x0000, 0x0000, 0x0000, 0x0000, 0x0000, 0x0000, 0x0000, 
  0x0000, 0x0000, 0x0000, 0x0000, 0x0000, 0x0000, 0x0000, 0x0000, 0x0000, 0x0000, 0x0000, 0x0000, 0x0000, 0x0000, 0x0000, 0x0000, 
  0x0000, 0x0000, 0x0000, 0x0000, 0x0000, 0x0000, 0x0000, 0x0000, 0x0000, 0x0000, 0x0000, 0x0000, 0x0000, 0x0000, 0x0000, 0x0000, 
  0x0000, 0x0000, 0x0000, 0x0000, 0x0000, 0x0000, 0x0000, 0x0000, 0x0000, 0x0000, 0x0000, 0x0000, 0x0000, 0x0000, 0x0000, 0x0000, 
  0x0000, 0x0000, 0x0000, 0x0000, 0x0000, 0x0000, 0x7813, 0x3000, 0xfbe0, 0x0000, 0x0000, 0x0000, 0x5124, 0x2447, 0x13bc, 0x580c, 
  0xba81, 0xe6eb, 0x07ff, 0x681f, 0xfb60, 0xffed, 0x07ff, 0x681f, 0xfb60, 0xffed, 0x07df, 0x681f, 0xfb40, 0xffed, 0x07df, 0x681f, 
  0xfb40, 0xffed, 0x07ff, 0x681f, 0xfb40, 0xffed, 0x07ff, 0x681f, 0xfb40, 0xffed, 0x07df, 0x681f, 0xfb40, 0xffed, 0x07ff, 0x701f, 
  0xfb60, 0xffed, 0x07fe, 0x601f, 0xcaa1, 0xfdea, 0x0d57, 0x506c, 0x6143, 0x6800, 0x3020, 0x0000, 0x0000, 0x05e7, 0x002f, 0x7800, 
  0x0000, 0x0000, 0x0000, 0x0000, 0x0000, 0x0000, 0x0000, 0x0000, 0x0000, 0x0000, 0x0000, 0x0000, 0x0000, 0x0000, 0x0000, 0x0000, 
  0x0000, 0x0000, 0x0000, 0x0000, 0x0000, 0x0000, 0x0000, 0x0000, 0xfb20, 0xe7ed, 0x07ff, 0x681f, 0xfb40, 0xffed, 0x07ff, 0x681f, 
  0xfb40, 0xffed, 0x07ff, 0x681f, 0xfb40, 0xffed, 0x07ff, 0x681f, 0xfb40, 0xffed, 0x07ff, 0x681f, 0xfb40, 0xffed, 0x07ff, 0x681f, 
  0xfb40, 0xffed, 0x07ff, 0x681f, 0xfb40, 0xff6c, 0x07f5, 0x4046, 0x0000, 0x07ef, 0x0000, 0x0000, 0x0000, 0x0000, 0x0000, 0x0000, 
  0x0000, 0x0000, 0x0000, 0x0000, 0x0000, 0x0000, 0x0000, 0x0000, 0x0000, 0x0000, 0x0000, 0x0000, 0x0000, 0x0000, 0x0000, 0x0000, 
  0x0000, 0x0000, 0x0000, 0x0000, 0x0000, 0x0000, 0x0000, 0x0000, 0x0000, 0x0000, 0x0000, 0x0000, 0x0000, 0x0000, 0x0000, 0x0000, 
  0x0000, 0x0000, 0x0000, 0x0000, 0x0000, 0x0000, 0x0000, 0x0000, 0x0000, 0x0000, 0x0000, 0x0000, 0x0000, 0x0000, 0x0000, 0x0000, 
  0x0000, 0x0000, 0x0000, 0x0000, 0x0000, 0x0000, 0x0000, 0x0000, 0x0000, 0x0000, 0x0000, 0x0000, 0x0000, 0x0000, 0x0000, 0x0000, 
  0x0000, 0x0000, 0x0000, 0x0000, 0x0000, 0x0000, 0x0000, 0x0000, 0x0000, 0x0000, 0x0000, 0x0000, 0x0000, 0x0000, 0x0000, 0x0000, 
  0x0000, 0x0000, 0x0000, 0x0000, 0x0000, 0x0000, 0x0000, 0x0000, 0x0000, 0x0000, 0x0000, 0x0000, 0x0000, 0x0000, 0x0000, 0x0000, 
  0x0000, 0x0000, 0x0000, 0x0000, 0x0000, 0x0000, 0x0000, 0x0000, 0x0000, 0x0000, 0x0000, 0x0000, 0x0000, 0x0000, 0x0000, 0x0000, 
  0x0000, 0x0000, 0x0000, 0x0000, 0x0000, 0x0000, 0x0000, 0x0000, 0x0000, 0x0000, 0x0000, 0x0000, 0x0000, 0x0000, 0x0000, 0x0000, 
  0x0000, 0x0000, 0x0000, 0x0000, 0x0000, 0x0000, 0x0000, 0x0000, 0x0000, 0x0000, 0x0000, 0x0000, 0x0000, 0x0000, 0x0000, 0x0000, 
  0x0000, 0x0000, 0x0000, 0x0000, 0x0000, 0x0000, 0x0000, 0x0000, 0x0000, 0x0000, 0x0000, 0x0000, 0x0000, 0x0000, 0x0000, 0x0000, 
  0x0000, 0x0000, 0x0000, 0x0000, 0x0000, 0x0000, 0x0000, 0x0000, 0x0000, 0x0000, 0x0000, 0x0000, 0x0000, 0x0000, 0x0000, 0x0000, 
  0x0000, 0x0000, 0x0000, 0x0000, 0x0000, 0x0000, 0x0000, 0x0000, 0x0000, 0x0000, 0x0000, 0x0000, 0x0000, 0x0000, 0x0000, 0x0000, 
  0x0000, 0x0000, 0x000f, 0x3800, 0xfbe0, 0x054a, 0x0000, 0x0000, 0x7122, 0x0ca7, 0x12f6, 0x487a, 0xe300, 0xdfcd, 0x07ff, 0x701f, 
  0xfb60, 0xffed, 0x07ff, 0x681f, 0xfb40, 0xffed, 0x07df, 0x681f, 0xfb40, 0xffed, 0x07ff, 0x681f, 0xfb40, 0xffed, 0x07ff, 0x681f, 
  0xfb40, 0xffed, 0x07ff, 0x681f, 0xfb40, 0xffed, 0x07ff, 0x681f, 0xfb40, 0xffed, 0x07ff, 0x681f, 0xfb40, 0xffed, 0x07ff, 0x681f, 
  0xfb40, 0xffed, 0x07ff, 0x681f, 0xfb60, 0xffed, 0x07ff, 0x683f, 0xe301, 0xfe4a, 0x0ed9, 0x504a, 0x6963, 0x20c0, 0x3040, 0x0000, 
  0xfb20, 0x05e7, 0x0020, 0x0000, 0x0000, 0x0000, 0x0000, 0x0000, 0x0000, 0x0000, 0x0000, 0x0000, 0x0000, 0x0000, 0x0000, 0x0000, 
  0x0000, 0x0000, 0x0000, 0x0000, 0x0000, 0x0000, 0x0000, 0x0000, 0xfb40, 0xe7ed, 0x07ff, 0x681f, 0xfb40, 0xffed, 0x07ff, 0x681f, 
  0xfb40, 0xffed, 0x07ff, 0x681f, 0xfb40, 0xffed, 0x07ff, 0x681f, 0xfb40, 0xffed, 0x07ff, 0x681f, 0xfb40, 0xffed, 0x07ff, 0x681f, 
  0xfb40, 0xffed, 0x07ff, 0x681f, 0xfb60, 0xff8c, 0x07f5, 0x4046, 0x0000, 0x07ef, 0x0000, 0x0000, 0x0000, 0x0000, 0x0000, 0x0000, 
  0x0000, 0x0000, 0x0000, 0x0000, 0x0000, 0x0000, 0x0000, 0x0000, 0x0000, 0x0000, 0x0000, 0x0000, 0x0000, 0x0000, 0x0000, 0x0000, 
  0x0000, 0x0000, 0x0000, 0x0000, 0x0000, 0x0000, 0x0000, 0x0000, 0x0000, 0x0000, 0x0000, 0x0000, 0x0000, 0x0000, 0x0000, 0x0000, 
  0x0000, 0x0000, 0x0000, 0x0000, 0x0000, 0x0000, 0x0000, 0x0000, 0x0000, 0x0000, 0x0000, 0x0000, 0x0000, 0x0000, 0x0000, 0x0000, 
  0x0000, 0x0000, 0x0000, 0x0000, 0x0000, 0x0000, 0x0000, 0x0000, 0x0000, 0x0000, 0x0000, 0x0000, 0x0000, 0x0000, 0x0000, 0x0000, 
  0x0000, 0x0000, 0x0000, 0x0000, 0x0000, 0x0000, 0x0000, 0x0000, 0x0000, 0x0000, 0x0000, 0x0000, 0x0000, 0x0000, 0x0000, 0x0000, 
  0x0000, 0x0000, 0x0000, 0x0000, 0x0000, 0x0000, 0x0000, 0x0000, 0x0000, 0x0000, 0x0000, 0x0000, 0x0000, 0x0000, 0x0000, 0x0000, 
  0x0000, 0x0000, 0x0000, 0x0000, 0x0000, 0x0000, 0x0000, 0x0000, 0x0000, 0x0000, 0x0000, 0x0000, 0x0000, 0x0000, 0x0000, 0x0000, 
  0x0000, 0x0000, 0x0000, 0x0000, 0x0000, 0x0000, 0x0000, 0x0000, 0x0000, 0x0000, 0x0000, 0x0000, 0x0000, 0x0000, 0x0000, 0x0000, 
  0x0000, 0x0000, 0x0000, 0x0000, 0x0000, 0x0000, 0x0000, 0x0000, 0x0000, 0x0000, 0x0000, 0x0000, 0x0000, 0x0000, 0x0000, 0x0000, 
  0x0000, 0x0000, 0x0000, 0x0000, 0x0000, 0x0000, 0x0000, 0x0000, 0x0000, 0x0000, 0x0000, 0x0000, 0x0000, 0x0000, 0x0000, 0x0000, 
  0x0000, 0x0000, 0x0000, 0x0000, 0x0000, 0x0000, 0x0000, 0x0000, 0x0000, 0x0000, 0x0000, 0x0000, 0x0000, 0x0000, 0x0000, 0x0000, 
  0x0000, 0x0000, 0x0000, 0x0000, 0x0000, 0x0000, 0x0000, 0x0000, 0x0000, 0x0000, 0x0000, 0x0000, 0x0000, 0x0000, 0x0000, 0x0000, 
  0x7800, 0x05e7, 0x002f, 0x0000, 0x0000, 0x0244, 0x2234, 0x4070, 0xdae0, 0xcfed, 0x07ff, 0x681f, 0xfb60, 0xffed, 0x07df, 0x681f, 
  0xfb40, 0xffed, 0x07ff, 0x681f, 0xfb40, 0xffed, 0x07ff, 0x681f, 0xfb40, 0xffed, 0x07ff, 0x681f, 0xfb40, 0xffed, 0x07ff, 0x681f, 
  0xfb40, 0xffed, 0x07ff, 0x681f, 0xfb40, 0xffed, 0x07ff, 0x681f, 0xfb40, 0xffed, 0x07ff, 0x681f, 0xfb40, 0xffed, 0x07ff, 0x681f, 
  0xfb40, 0xffed, 0x07ff, 0x681f, 0xfb40, 0xffed, 0x07ff, 0x681f, 0xfb60, 0xffed, 0x07ff, 0x681f, 0xdae1, 0xfe0a, 0x0d33, 0x38a7, 
  0x0000, 0x054a, 0x001f, 0x7800, 0xf800, 0x0000, 0x0000, 0x0000, 0x0000, 0x0000, 0x0000, 0x0000, 0x0000, 0x0000, 0x0000, 0x0000, 
  0x0000, 0x0000, 0x0000, 0x0000, 0x0000, 0x0000, 0x0000, 0x0000, 0xfb40, 0xe7ed, 0x07ff, 0x681f, 0xfb40, 0xffed, 0x07ff, 0x681f, 
  0xfb40, 0xffed, 0x07ff, 0x681f, 0xfb40, 0xffed, 0x07ff, 0x681f, 0xfb40, 0xffed, 0x07ff, 0x681f, 0xfb40, 0xffed, 0x07ff, 0x681f, 
  0xfb40, 0xffed, 0x07ff, 0x681f, 0xfb60, 0xff8c, 0x07f5, 0x4046, 0x0000, 0x07ef, 0x0000, 0x0000, 0x0000, 0x0000, 0x0000, 0x0000, 
  0x0000, 0x0000, 0x0000, 0x0000, 0x0000, 0x0000, 0x0000, 0x0000, 0x0000, 0x0000, 0x0000, 0x0000, 0x0000, 0x0000, 0x0000, 0x0000, 
  0x0000, 0x0000, 0x0000, 0x0000, 0x0000, 0x0000, 0x0000, 0x0000, 0x0000, 0x0000, 0x0000, 0x0000, 0x0000, 0x0000, 0x0000, 0x0000, 
  0x0000, 0x0000, 0x0000, 0x0000, 0x0000, 0x0000, 0x0000, 0x0000, 0x0000, 0x0000, 0x0000, 0x0000, 0x0000, 0x0000, 0x0000, 0x0000, 
  0x0000, 0x0000, 0x0000, 0x0000, 0x0000, 0x0000, 0x0000, 0x0000, 0x0000, 0x0000, 0x0000, 0x0000, 0x0000, 0x0000, 0x0000, 0x0000, 
  0x0000, 0x0000, 0x0000, 0x0000, 0x0000, 0x0000, 0x0000, 0x0000, 0x0000, 0x0000, 0x0000, 0x0000, 0x0000, 0x0000, 0x0000, 0x0000, 
  0x0000, 0x0000, 0x0000, 0x0000, 0x0000, 0x0000, 0x0000, 0x0000, 0x0000, 0x0000, 0x0000, 0x0000, 0x0000, 0x0000, 0x0000, 0x0000, 
  0x0000, 0x0000, 0x0000, 0x0000, 0x0000, 0x0000, 0x0000, 0x0000, 0x0000, 0x0000, 0x0000, 0x0000, 0x0000, 0x0000, 0x0000, 0x0000, 
  0x0000, 0x0000, 0x0000, 0x0000, 0x0000, 0x0000, 0x0000, 0x0000, 0x0000, 0x0000, 0x0000, 0x0000, 0x0000, 0x0000, 0x0000, 0x0000, 
  0x0000, 0x0000, 0x0000, 0x0000, 0x0000, 0x0000, 0x0000, 0x0000, 0x0000, 0x0000, 0x0000, 0x0000, 0x0000, 0x0000, 0x0000, 0x0000, 
  0x0000, 0x0000, 0x0000, 0x0000, 0x0000, 0x0000, 0x0000, 0x0000, 0x0000, 0x0000, 0x0000, 0x0000, 0x0000, 0x0000, 0x0000, 0x0000, 
  0x0000, 0x0000, 0x0000, 0x0000, 0x0000, 0x0000, 0x0000, 0x0000, 0x0000, 0x0000, 0x0000, 0x0000, 0x0000, 0x0000, 0x0000, 0x0000, 
  0x0000, 0x0000, 0x0000, 0x0000, 0x0000, 0x0000, 0x0000, 0x0000, 0x0000, 0x0000, 0x0000, 0x0000, 0x0000, 0x0000, 0x0017, 0x7800, 
  0x0000, 0x00e3, 0x184d, 0x3106, 0xa222, 0xb6eb, 0x07bf, 0x681f, 0xfb60, 0xffed, 0x07df, 0x681f, 0xfb40, 0xffed, 0x07ff, 0x681f, 
  0xfb40, 0xffed, 0x07ff, 0x681f, 0xfb40, 0xffed, 0x07ff, 0x681f, 0xfb40, 0xffed, 0x07ff, 0x681f, 0xfb40, 0xffed, 0x07ff, 0x681f, 
  0xfb40, 0xffed, 0x07df, 0x681f, 0xfb40, 0xffed, 0x07ff, 0x681f, 0xfb40, 0xffed, 0x07ff, 0x681f, 0xfb40, 0xffed, 0x07ff, 0x681f, 
  0xfb40, 0xffed, 0x07ff, 0x681f, 0xfb40, 0xffed, 0x07ff, 0x681f, 0xfb40, 0xffed, 0x07df, 0x681f, 0xfb60, 0xffee, 0x07fe, 0x603e, 
  0xc281, 0xb569, 0x098d, 0x2120, 0x0000, 0x07ef, 0x0017, 0x3800, 0x0000, 0x0000, 0x0000, 0x0000, 0x0000, 0x0000, 0x0000, 0x0000, 
  0x0000, 0x0000, 0x0000, 0x0000, 0x0000, 0x0000, 0x0000, 0x0000, 0xfb40, 0xe7ed, 0x07ff, 0x681f, 0xfb40, 0xffed, 0x07ff, 0x681f, 
  0xfb40, 0xffed, 0x07ff, 0x681f, 0xfb40, 0xffed, 0x07df, 0x681f, 0xfb40, 0xffed, 0x07df, 0x681f, 0xfb40, 0xffed, 0x07ff, 0x681f, 
  0xfb40, 0xffed, 0x07ff, 0x681f, 0xfb60, 0xff8c, 0x07f5, 0x4046, 0x0000, 0x07ef, 0x0000, 0x0000, 0x0000, 0x0000, 0x0000, 0x0000, 
  0x0000, 0x0000, 0x0000, 0x0000, 0x0000, 0x0000, 0x0000, 0x0000, 0x0000, 0x0000, 0x0000, 0x0000, 0x0000, 0x0000, 0x0000, 0x0000, 
  0x0000, 0x0000, 0x0000, 0x0000, 0x0000, 0x0000, 0x0000, 0x0000, 0xfaa0, 0x03ef, 0x0000, 0x0000, 0x0000, 0x0000, 0x0000, 0x0000, 
  0x0000, 0x0000, 0x0000, 0x0000, 0x0000, 0x0000, 0x0000, 0x0000, 0x0000, 0x0000, 0x0000, 0x0000, 0x0000, 0x0000, 0x0000, 0x0000, 
  0x0000, 0x0000, 0x0000, 0x0000, 0x0000, 0x0000, 0x0000, 0x0000, 0x0000, 0x0000, 0x0000, 0x0000, 0x0000, 0x0000, 0x0000, 0x0000, 
  0x0000, 0x0000, 0x0000, 0x0000, 0x0000, 0x0000, 0x0000, 0x0000, 0x0000, 0x0000, 0x0000, 0x0000, 0x0000, 0x0000, 0x0000, 0x0000, 
  0x0000, 0x0000, 0x0000, 0x0000, 0x0000, 0x0000, 0x0000, 0x0000, 0x0000, 0x0000, 0x0000, 0x0000, 0x0000, 0x0000, 0x0000, 0x0000, 
  0x0000, 0x0000, 0x0000, 0x0000, 0x0000, 0x0000, 0x0000, 0x0000, 0x0000, 0x0000, 0x0000, 0x0000, 0x0000, 0x0000, 0x0000, 0x0000, 
  0x0000, 0x0000, 0x0000, 0x0000, 0x0000, 0x0000, 0x0000, 0x0000, 0x0000, 0x0000, 0x0000, 0x0000, 0x0000, 0x0000, 0x0000, 0x0000, 
  0x0000, 0x0000, 0x0000, 0x0000, 0x0000, 0x0000, 0x0000, 0x0000, 0x0000, 0x0000, 0x0000, 0x0000, 0x0000, 0x0000, 0x0000, 0x0000, 
  0x0000, 0x0000, 0x0000, 0x0000, 0x0000, 0x0000, 0x0000, 0x0000, 0x0000, 0x0000, 0x0000, 0x0000, 0x0000, 0x0000, 0x0000, 0x0000, 
  0x0000, 0x0000, 0x0000, 0x0000, 0x0000, 0x0000, 0x0000, 0x0000, 0x0000, 0x0000, 0x0000, 0x0000, 0x0000, 0x0000, 0x0000, 0x0000, 
  0x0000, 0x0000, 0x0000, 0x0000, 0x0000, 0x0000, 0x0000, 0x0000, 0x0000, 0x0000, 0x0000, 0x0000, 0x52a0, 0x0545, 0x0020, 0x0000, 
  0x6984, 0x35c9, 0x0d7b, 0x585f, 0xfb60, 0xffed, 0x07ff, 0x681f, 0xfb40, 0xffed, 0x07ff, 0x681f, 0xfb40, 0xffed, 0x07ff, 0x681f, 
  0xfb40, 0xffed, 0x07ff, 0x681f, 0xfb40, 0xffed, 0x07ff, 0x681f, 0xfb40, 0xffed, 0x07df, 0x681f, 0xfb60, 0xffed, 0x07df, 0x681f, 
  0xfb80, 0xffee, 0x07ff, 0x701f, 0xfb80, 0xffed, 0x07ff, 0x681f, 0xfb60, 0xffed, 0x07df, 0x681f, 0xfb40, 0xffed, 0x07ff, 0x681f, 
  0xfb40, 0xffed, 0x07ff, 0x681f, 0xfb40, 0xffed, 0x07ff, 0x681f, 0xfb40, 0xffed, 0x07ff, 0x681f, 0xfb40, 0xffed, 0x07df, 0x681f, 
  0xfb60, 0xff8c, 0x07da, 0x5835, 0xb221, 0x3000, 0x0015, 0x5000, 0xfbe0, 0x0000, 0x0000, 0x0000, 0x0000, 0x0000, 0x0000, 0x0000, 
  0x0000, 0x0000, 0x0000, 0x0000, 0x0000, 0x0000, 0x0000, 0x0000, 0xfb40, 0xe7ed, 0x07ff, 0x681f, 0xfb40, 0xffed, 0x07ff, 0x681f, 
  0xfb40, 0xffed, 0x07ff, 0x681f, 0xfb60, 0xffed, 0x07ff, 0x681f, 0xfb60, 0xffed, 0x07ff, 0x681f, 0xfb60, 0xffed, 0x07ff, 0x681f, 
  0xfb40, 0xffed, 0x07ff, 0x681f, 0xfb60, 0xff8c, 0x07f5, 0x4046, 0x0000, 0x07ef, 0x0000, 0x0000, 0x0000, 0x0000, 0x0000, 0x0000, 
  0x0000, 0x0000, 0x0000, 0x0000, 0x0000, 0x0000, 0x0000, 0x0000, 0x0000, 0x0000, 0x0000, 0x0000, 0x0000, 0x0000, 0x0000, 0x0000, 
  0x0000, 0x0000, 0x0000, 0x0000, 0x0000, 0x02aa, 0x0000, 0x0320, 0x0000, 0x07ef, 0x001f, 0x0000, 0x0000, 0x0000, 0x0000, 0x0000, 
  0x0000, 0x0000, 0x0000, 0x0000, 0x0000, 0x0000, 0x0000, 0x0000, 0x0000, 0x0000, 0x0000, 0x0000, 0x0000, 0x0000, 0x0000, 0x0000, 
  0x0000, 0x0000, 0x0000, 0x0000, 0x0000, 0x0000, 0x0000, 0x0000, 0x0000, 0x0000, 0x0000, 0x0000, 0x0000, 0x0000, 0x0000, 0x0000, 
  0x0000, 0x0000, 0x0000, 0x0000, 0x0000, 0x0000, 0x0000, 0x0000, 0x0000, 0x0000, 0x0000, 0x0000, 0x0000, 0x0000, 0x0000, 0x0000, 
  0x0000, 0x0000, 0x0000, 0x0000, 0x0000, 0x0000, 0x0000, 0x0000, 0x0000, 0x0000, 0x0000, 0x0000, 0x0000, 0x0000, 0x0000, 0x0000, 
  0x0000, 0x0000, 0x0000, 0x0000, 0x0000, 0x0000, 0x0000, 0x0000, 0x0000, 0x0000, 0x0000, 0x0000, 0x0000, 0x0000, 0x0000, 0x0000, 
  0x0000, 0x0000, 0x0000, 0x0000, 0x0000, 0x0000, 0x0000, 0x0000, 0x0000, 0x0000, 0x0000, 0x0000, 0x0000, 0x0000, 0x0000, 0x0000, 
  0x0000, 0x0000, 0x0000, 0x0000, 0x0000, 0x0000, 0x0000, 0x0000, 0x0000, 0x0000, 0x0000, 0x0000, 0x0000, 0x0000, 0x0000, 0x0000, 
  0x0000, 0x0000, 0x0000, 0x0000, 0x0000, 0x0000, 0x0000, 0x0000, 0x0000, 0x0000, 0x0000, 0x0000, 0x0000, 0x0000, 0x0000, 0x0000, 
  0x0000, 0x0000, 0x0000, 0x0000, 0x0000, 0x0000, 0x0000, 0x0000, 0x0000, 0x0000, 0x0000, 0x0000, 0x0000, 0x0000, 0x0000, 0x0000, 
  0x0000, 0x0000, 0x0000, 0x0000, 0x0000, 0x0000, 0x0000, 0x0000, 0x0000, 0x03ef, 0x0019, 0x3000, 0x0000, 0x0285, 0x2897, 0x484a, 
  0xeb20, 0xefee, 0x07ff, 0x681f, 0xfb40, 0xffed, 0x07ff, 0x681f, 0xfb40, 0xffed, 0x07ff, 0x681f, 0xfb40, 0xffed, 0x07ff, 0x681f, 
  0xfb40, 0xffed, 0x07df, 0x681f, 0xfb40, 0xffed, 0x07ff, 0x681f, 0xfb60, 0xffed, 0x07fe, 0x683f, 0xf321, 0xff2c, 0x0ffc, 0x585d, 
  0xfb40, 0xafed, 0x05bf, 0x6816, 0xfb40, 0xb7cc, 0x05fb, 0x585f, 0xeb01, 0xff8d, 0x07ff, 0x683f, 0xfb60, 0xffed, 0x07ff, 0x681f, 
  0xfb60, 0xffed, 0x07ff, 0x681f, 0xfb40, 0xffed, 0x07ff, 0x681f, 0xfb40, 0xffed, 0x07ff, 0x681f, 0xfb40, 0xffed, 0x07ff, 0x681f, 
  0xfb40, 0xffed, 0x07ff, 0x701f, 0xf320, 0xfe6a, 0x0d8c, 0x2906, 0x000f, 0x07e0, 0x001f, 0x7800, 0x0000, 0x0000, 0x0000, 0x0000, 
  0x0000, 0x0000, 0x0000, 0x0000, 0x0000, 0x0000, 0x0000, 0x0000, 0xfb40, 0xe7ed, 0x07ff, 0x681f, 0xfb40, 0xffed, 0x07ff, 0x681f, 
  0xfb40, 0xffcd, 0x05ff, 0x6816, 0xfb20, 0xb7ec, 0x059f, 0x6016, 0xfb20, 0xb7ec, 0x05bf, 0x6815, 0xeb00, 0xdfed, 0x07ff, 0x681f, 
  0xfb40, 0xffed, 0x07ff, 0x681f, 0xfb60, 0xff8c, 0x07f5, 0x4046, 0x0000, 0x07ef, 0x0000, 0x0000, 0x0000, 0x0000, 0x0000, 0x0000, 
  0x0000, 0x0000, 0x0000, 0x0000, 0x0000, 0x0000, 0x0000, 0x0000, 0x0000, 0x0000, 0x0000, 0x0000, 0x0000, 0x0000, 0x0000, 0x0000, 
  0x0000, 0x0000, 0x0000, 0x0000, 0x0000, 0x01a3, 0x2894, 0x409e, 0xca81, 0x7082, 0x30e0, 0x0000, 0xb9e0, 0x054a, 0x0000, 0x0000, 
  0x0000, 0x0000, 0x0000, 0x0000, 0x0000, 0x0000, 0x0000, 0x0000, 0x0000, 0x0000, 0x0000, 0x0000, 0x0000, 0x0000, 0x0000, 0x0000, 
  0x0000, 0x0000, 0x0000, 0x0000, 0x0000, 0x0000, 0x0000, 0x0000, 0x0000, 0x0000, 0x0000, 0x0000, 0x0000, 0x0000, 0x0000, 0x0000, 
  0x0000, 0x0000, 0x0000, 0x0000, 0x0000, 0x0000, 0x0000, 0x0000, 0x0000, 0x0000, 0x0000, 0x0000, 0x0000, 0x0000, 0x0000, 0x0000, 
  0x0000, 0x0000, 0x0000, 0x0000, 0x0000, 0x0000, 0x0000, 0x0000, 0x0000, 0x0000, 0x0000, 0x0000, 0x0000, 0x0000, 0x0000, 0x0000, 
  0x0000, 0x0000, 0x0000, 0x0000, 0x0000, 0x0000, 0x0000, 0x0000, 0x0000, 0x0000, 0x0000, 0x0000, 0x0000, 0x0000, 0x0000, 0x0000, 
  0x0000, 0x0000, 0x0000, 0x0000, 0x0000, 0x0000, 0x0000, 0x0000, 0x0000, 0x0000, 0x0000, 0x0000, 0x0000, 0x0000, 0x0000, 0x0000, 
  0x0000, 0x0000, 0x0000, 0x0000, 0x0000, 0x0000, 0x0000, 0x0000, 0x0000, 0x0000, 0x0000, 0x0000, 0x0000, 0x0000, 0x0000, 0x0000, 
  0x0000, 0x0000, 0x0000, 0x0000, 0x0000, 0x0000, 0x0000, 0x0000, 0x0000, 0x0000, 0x0000, 0x0000, 0x0000, 0x0000, 0x0000, 0x0000, 
  0x0000, 0x0000, 0x0000, 0x0000, 0x0000, 0x0000, 0x0000, 0x0000, 0x0000, 0x0000, 0x0000, 0x0000, 0x0000, 0x0000, 0x0000, 0x0000, 
  0x0000, 0x0000, 0x0000, 0x0000, 0x0000, 0x0000, 0x0000, 0x0000, 0xf800, 0x04c6, 0x0020, 0x0000, 0x7183, 0x666a, 0x0e7f, 0x681f, 
  0xfb60, 0xffed, 0x07df, 0x681f, 0xfb40, 0xffed, 0x07ff, 0x681f, 0xfb40, 0xffed, 0x07ff, 0x681f, 0xfb40, 0xffed, 0x07ff, 0x681f, 
  0xfb60, 0xffed, 0x07ff, 0x683f, 0xe300, 0xf62a, 0x0fb5, 0x489d, 0xdae0, 0x5e6a, 0x0294, 0x40aa, 0x89c3, 0x5325, 0x1ac8, 0x2127, 
  0x0000, 0x0000, 0x0000, 0x0000, 0x0000, 0x0162, 0x284a, 0x210a, 0x7983, 0x54a7, 0x1ab6, 0x486a, 0xf300, 0x4dca, 0x0c56, 0x487f, 
  0xdae0, 0xefac, 0x07ff, 0x681f, 0xfb60, 0xffed, 0x07df, 0x681f, 0xfb40, 0xffed, 0x07ff, 0x681f, 0xfb40, 0xffed, 0x07ff, 0x681f, 
  0xfb40, 0xffed, 0x07ff, 0x681f, 0xfb40, 0xffee, 0x07fb, 0x585f, 0xb261, 0x6000, 0x0019, 0x6000, 0xaaa0, 0x0000, 0x0000, 0x0000, 
  0x0000, 0x0000, 0x0000, 0x0000, 0x0000, 0x0000, 0x0000, 0x0000, 0xfb40, 0xe7ed, 0x07ff, 0x681f, 0xfb40, 0xffed, 0x07ff, 0x681f, 
  0xf340, 0xfe6b, 0x0940, 0x0000, 0xfbe0, 0x0000, 0x0000, 0x0000, 0x0000, 0x04c6, 0x0020, 0x0000, 0x81a3, 0x7fcc, 0x07ff, 0x681f, 
  0xfb40, 0xffed, 0x07ff, 0x681f, 0xfb60, 0xff8c, 0x07f5, 0x4046, 0x0000, 0x07ef, 0x0000, 0x0000, 0x0000, 0x0000, 0x0000, 0x0000, 
  0x0000, 0x0000, 0x0000, 0x0000, 0x0000, 0x0000, 0x0000, 0x0000, 0x0000, 0x0000, 0x0000, 0x0000, 0x0000, 0x0000, 0x0000, 0x0000, 
  0x0000, 0x0000, 0x0015, 0x5000, 0x0000, 0x04e8, 0x141f, 0x681f, 0xfb60, 0xfe4a, 0x0ed4, 0x4083, 0x0000, 0x07ef, 0x000f, 0x0000, 
  0x0000, 0x0000, 0x0000, 0x0000, 0x0000, 0x0000, 0x0000, 0x0000, 0x0000, 0x0000, 0x0000, 0x0000, 0x0000, 0x0000, 0x0000, 0x0000, 
  0x0000, 0x0000, 0x0000, 0x0000, 0x0000, 0x0000, 0x0000, 0x0000, 0x0000, 0x0000, 0x0000, 0x0000, 0x0000, 0x0000, 0x0000, 0x0000, 
  0x0000, 0x0000, 0x0000, 0x0000, 0x0000, 0x0000, 0x0000, 0x0000, 0x0000, 0x0000, 0x0000, 0x0000, 0x0000, 0x0000, 0x0000, 0x0000, 
  0x0000, 0x0000, 0x0000, 0x0000, 0x0000, 0x0000, 0x0000, 0x0000, 0x0000, 0x0000, 0x0000, 0x0000, 0x0000, 0x0000, 0x0000, 0x0000, 
  0x0000, 0x0000, 0x0000, 0x0000, 0x0000, 0x0000, 0x0000, 0x0000, 0x0000, 0x0000, 0x0000, 0x0000, 0x0000, 0x0000, 0x0000, 0x0000, 
  0x0000, 0x0000, 0x0000, 0x0000, 0x0000, 0x0000, 0x0000, 0x0000, 0x0000, 0x0000, 0x0000, 0x0000, 0x0000, 0x0000, 0x0000, 0x0000, 
  0x0000, 0x0000, 0x0000, 0x0000, 0x0000, 0x0000, 0x0000, 0x0000, 0x0000, 0x0000, 0x0000, 0x0000, 0x0000, 0x0000, 0x0000, 0x0000, 
  0x0000, 0x0000, 0x0000, 0x0000, 0x0000, 0x0000, 0x0000, 0x0000, 0x0000, 0x0000, 0x0000, 0x0000, 0x0000, 0x0000, 0x0000, 0x0000, 
  0x0000, 0x0000, 0x0000, 0x0000, 0x0000, 0x0000, 0x0000, 0x0000, 0x0000, 0x0000, 0x0000, 0x0000, 0x0000, 0x0000, 0x0000, 0x0000, 
  0x0000, 0x0000, 0x0000, 0x0000, 0x0000, 0x0000, 0x000f, 0x2940, 0x0000, 0x01e3, 0x2937, 0x4850, 0xeb00, 0xffed, 0x07ff, 0x681f, 
  0xfb40, 0xffed, 0x07ff, 0x681f, 0xfb40, 0xffed, 0x07ff, 0x681f, 0xfb40, 0xffed, 0x07ff, 0x681f, 0xfb60, 0xffed, 0x07ff, 0x681f, 
  0xdac1, 0xeeab, 0x04ef, 0x38d6, 0x5964, 0x4000, 0x0003, 0x0261, 0x0000, 0x0000, 0x0000, 0x0000, 0x0000, 0x0000, 0x001f, 0xf800, 
  0xfbe0, 0x07ef, 0x003f, 0x7800, 0xfbe0, 0x07f5, 0x0000, 0x0000, 0x0000, 0x0000, 0x0000, 0x0000, 0x0000, 0x0000, 0x5002, 0x0221, 
  0x0000, 0x0386, 0x1c15, 0x4894, 0xe2e0, 0xb78c, 0x0fff, 0x701f, 0xfb60, 0xffed, 0x07df, 0x681f, 0xfb40, 0xffed, 0x07ff, 0x681f, 
  0xfb40, 0xffed, 0x07ff, 0x681f, 0xfb40, 0xffec, 0x07ff, 0x681f, 0xfb40, 0xfe0a, 0x0f3a, 0x5024, 0x0000, 0x04c6, 0x002a, 0x52a0, 
  0x0000, 0x0000, 0x0000, 0x0000, 0x0000, 0x0000, 0x0000, 0x0000, 0xfb40, 0xe7ed, 0x07ff, 0x681f, 0xfb40, 0xffed, 0x07ff, 0x681f, 
  0xf340, 0xfeab, 0x0960, 0x0000, 0xfbe0, 0x07ef, 0x003f, 0x7800, 0xfbe0, 0x062a, 0x0040, 0x0000, 0x81c2, 0x87cc, 0x07ff, 0x681f, 
  0xfb40, 0xffed, 0x07ff, 0x681f, 0xfb60, 0xff8c, 0x07f5, 0x4046, 0x0000, 0x07ef, 0x0000, 0x0000, 0x0000, 0x0000, 0x0000, 0x0000, 
  0x0000, 0x0000, 0x0000, 0x0000, 0x0000, 0x0000, 0x0000, 0x0000, 0x0000, 0x0000, 0x0000, 0x0000, 0x0000, 0x0000, 0x0000, 0x0000, 
  0x0000, 0x07e0, 0x0000, 0x0000, 0x30c5, 0x170c, 0x06bf, 0x681f, 0xfb40, 0xffed, 0x07dd, 0x603f, 0xc281, 0xa3c6, 0x19a0, 0x0000, 
  0xaaa0, 0x05e7, 0x0020, 0x0000, 0x0000, 0x0000, 0x0000, 0x0000, 0x0000, 0x0000, 0x0000, 0x0000, 0x0000, 0x0000, 0x0000, 0x0000, 
  0x0000, 0x0000, 0x0000, 0x0000, 0x0000, 0x0000, 0x0000, 0x0000, 0x0000, 0x0000, 0x0000, 0x0000, 0x0000, 0x0000, 0x0000, 0x0000, 
  0x0000, 0x0000, 0x0000, 0x0000, 0x0000, 0x0000, 0x0000, 0x0000, 0x0000, 0x0000, 0x0000, 0x0000, 0x0000, 0x0000, 0x0000, 0x0000, 
  0x0000, 0x0000, 0x0000, 0x0000, 0x0000, 0x0000, 0x0000, 0x0000, 0x0000, 0x0000, 0x0000, 0x0000, 0x0000, 0x0000, 0x0000, 0x0000, 
  0x0000, 0x0000, 0x0000, 0x0000, 0x0000, 0x0000, 0x0000, 0x0000, 0x0000, 0x0000, 0x0000, 0x0000, 0x0000, 0x0000, 0x0000, 0x0000, 
  0x0000, 0x0000, 0x0000, 0x0000, 0x0000, 0x0000, 0x0000, 0x0000, 0x0000, 0x0000, 0x0000, 0x0000, 0x0000, 0x0000, 0x0000, 0x0000, 
  0x0000, 0x0000, 0x0000, 0x0000, 0x0000, 0x0000, 0x0000, 0x0000, 0x0000, 0x0000, 0x0000, 0x0000, 0x0000, 0x0000, 0x0000, 0x0000, 
  0x0000, 0x0000, 0x0000, 0x0000, 0x0000, 0x0000, 0x0000, 0x0000, 0x0000, 0x0000, 0x0000, 0x0000, 0x0000, 0x0000, 0x0000, 0x0000, 
  0x0000, 0x0000, 0x0000, 0x0000, 0x0000, 0x0000, 0x0000, 0x0000, 0x0000, 0x0000, 0x0000, 0x0000, 0x0000, 0x0000, 0x0000, 0x0000, 
  0x0000, 0x0000, 0x0000, 0x0000, 0xf800, 0x07ec, 0x0020, 0x0000, 0x91e1, 0x268a, 0x0f3f, 0x701f, 0xfb40, 0xffed, 0x07ff, 0x681f, 
  0xfb40, 0xffed, 0x07ff, 0x681f, 0xfb40, 0xffed, 0x07ff, 0x681f, 0xfb40, 0xffed, 0x07ff, 0x681f, 0xeb20, 0xed89, 0x0e97, 0x4848, 
  0x38e5, 0x3000, 0x0000, 0x0000, 0x0000, 0x0000, 0x0000, 0x0000, 0xfbe0, 0x05e7, 0x0037, 0x3800, 0xb9e0, 0x03e7, 0x0035, 0x5000, 
  0x0000, 0x0000, 0x0000, 0x0000, 0x0000, 0x0000, 0x000f, 0x3800, 0x79e0, 0x05e7, 0x0037, 0x3800, 0xfbe0, 0x07ea, 0x0000, 0x0000, 
  0x0000, 0x0000, 0x0000, 0x0000, 0x3106, 0x0c47, 0x11d8, 0x504d, 0xd2c1, 0xf7cd, 0x07df, 0x681f, 0xfb40, 0xffed, 0x07df, 0x681f, 
  0xfb40, 0xffed, 0x07ff, 0x681f, 0xfb40, 0xffed, 0x07ff, 0x681f, 0xfb40, 0xffee, 0x07fe, 0x681c, 0x9202, 0x9000, 0x781f, 0x7800, 
  0xfbe0, 0x0000, 0x0000, 0x0000, 0x0000, 0x0000, 0x0000, 0x0000, 0xfb40, 0xe7ed, 0x07ff, 0x681f, 0xfb40, 0xffed, 0x07ff, 0x681f, 
  0xf340, 0xfe6b, 0x0940, 0x0000, 0xfbe0, 0x0000, 0x0000, 0x0000, 0x0000, 0x04c6, 0x0020, 0x0000, 0x81c3, 0x7fcc, 0x07ff, 0x681f, 
  0xfb40, 0xffed, 0x07ff, 0x681f, 0xfb60, 0xff8c, 0x07f5, 0x4046, 0x0000, 0x07ef, 0x0000, 0x0000, 0x0000, 0x0000, 0x0000, 0x0000, 
  0x0000, 0x0000, 0x0000, 0x0000, 0x0000, 0x0000, 0x0000, 0x0000, 0x0000, 0x0000, 0x0000, 0x0000, 0x0000, 0x0000, 0x0000, 0x0000, 
  0x0000, 0x07ec, 0x0020, 0x0000, 0xeb00, 0x67ee, 0x07ff, 0x681f, 0xfb40, 0xffed, 0x07ff, 0x681f, 0xfb80, 0xff4c, 0x07da, 0x502a, 
  0x0004, 0x07ff, 0x0019, 0x6000, 0xfaa0, 0x0000, 0x0000, 0x0000, 0x0000, 0x0000, 0x0000, 0x0000, 0x0000, 0x0000, 0x0000, 0x0000, 
  0x0000, 0x0000, 0x0000, 0x0000, 0x0000, 0x0000, 0x0000, 0x0000, 0x0000, 0x0000, 0x0000, 0x0000, 0x0000, 0x0000, 0x0000, 0x0000, 
  0x0000, 0x0000, 0x0000, 0x0000, 0x0000, 0x0000, 0x0000, 0x0000, 0x0000, 0x0000, 0x0000, 0x0000, 0x0000, 0x0000, 0x0000, 0x0000, 
  0x0000, 0x0000, 0x0000, 0x0000, 0x0000, 0x0000, 0x0000, 0x0000, 0x0000, 0x0000, 0x0000, 0x0000, 0x0000, 0x0000, 0x0000, 0x0000, 
  0x0000, 0x0000, 0x0000, 0x0000, 0x0000, 0x0000, 0x0000, 0x0000, 0x0000, 0x0000, 0x0000, 0x0000, 0x0000, 0x0000, 0x0000, 0x0000, 
  0x0000, 0x0000, 0x0000, 0x0000, 0x0000, 0x0000, 0x0000, 0x0000, 0x0000, 0x0000, 0x0000, 0x0000, 0x0000, 0x0000, 0x0000, 0x0000, 
  0x0000, 0x0000, 0x0000, 0x0000, 0x0000, 0x0000, 0x0000, 0x0000, 0x0000, 0x0000, 0x0000, 0x0000, 0x0000, 0x0000, 0x0000, 0x0000, 
  0x0000, 0x0000, 0x0000, 0x0000, 0x0000, 0x0000, 0x0000, 0x0000, 0x0000, 0x0000, 0x0000, 0x0000, 0x0000, 0x0000, 0x0000, 0x0000, 
  0x0000, 0x0000, 0x0000, 0x0000, 0x0000, 0x0000, 0x0000, 0x0000, 0x0000, 0x0000, 0x0000, 0x0000, 0x0000, 0x0000, 0x0000, 0x0000, 
  0x0000, 0x0000, 0x001f, 0x0000, 0x0000, 0x0000, 0x2850, 0x38ed, 0xeb00, 0xe7ee, 0x07ff, 0x681f, 0xfb40, 0xffed, 0x07ff, 0x681f, 
  0xfb40, 0xffed, 0x07ff, 0x681f, 0xfb40, 0xffed, 0x07df, 0x681f, 0xfb40, 0xfe6b, 0x0ef6, 0x486f, 0x6924, 0x0000, 0x0000, 0x0000, 
  0xf800, 0x07ef, 0x002f, 0x3800, 0x0000, 0x0000, 0x0000, 0x0000, 0x0000, 0x0000, 0x0000, 0x0000, 0x0000, 0x0000, 0x0000, 0x0000, 
  0x0000, 0x0000, 0x0000, 0x0000, 0x0000, 0x0000, 0x0000, 0x0000, 0x0000, 0x0000, 0x0000, 0x0000, 0x0000, 0x0000, 0x0000, 0x0000, 
  0x0000, 0x02aa, 0x0017, 0x3800, 0xfaa0, 0x0000, 0x0000, 0x0000, 0x0009, 0x0427, 0x1c1b, 0x5853, 0xe2e1, 0xffed, 0x07ff, 0x681f, 
  0xfb40, 0xffed, 0x07ff, 0x681f, 0xfb40, 0xffed, 0x07ff, 0x681f, 0xfb40, 0xffec, 0x07ff, 0x681f, 0xfb60, 0xfe0a, 0x0d88, 0x2128, 
  0x0000, 0x03e0, 0x0000, 0x0000, 0x0000, 0x0000, 0x0000, 0x0000, 0xfb40, 0xe7ed, 0x07ff, 0x681f, 0xfb40, 0xffed, 0x07ff, 0x681f, 
  0xf340, 0xfe6b, 0x0940, 0x0000, 0xfbe0, 0x0000, 0x0000, 0x0000, 0x0000, 0x04c6, 0x0020, 0x0000, 0x81c3, 0x7fcc, 0x07ff, 0x681f, 
  0xfb40, 0xffed, 0x07ff, 0x681f, 0xfb60, 0xff8c, 0x07f5, 0x4046, 0x0000, 0x07ef, 0x0000, 0x0000, 0x0000, 0x0000, 0x0000, 0x0000, 
  0x0000, 0x0000, 0x0000, 0x0000, 0x0000, 0x0000, 0x0000, 0x0000, 0x0000, 0x0000, 0x0000, 0x0000, 0x0000, 0x0000, 0x0000, 0x0000, 
  0xaaa0, 0x0000, 0x0012, 0x38a9, 0xeb00, 0xffed, 0x07ff, 0x681f, 0xfb40, 0xffed, 0x07ff, 0x681f, 0xfb40, 0xffed, 0x07df, 0x681f, 
  0xd2c1, 0xd4a7, 0x1ae0, 0x02a0, 0x0000, 0x05ef, 0x0020, 0x0000, 0x0000, 0x0000, 0x0000, 0x0000, 0x0000, 0x0000, 0x0000, 0x0000, 
  0x0000, 0x0000, 0x0000, 0x0000, 0x0000, 0x0000, 0x0000, 0x0000, 0x0000, 0x0000, 0x0000, 0x0000, 0x0000, 0x0000, 0x0000, 0x0000, 
  0x0000, 0x0000, 0x0000, 0x0000, 0x0000, 0x0000, 0x0000, 0x0000, 0x0000, 0x0000, 0x0000, 0x0000, 0x0000, 0x0000, 0x0000, 0x0000, 
  0x0000, 0x0000, 0x0000, 0x0000, 0x0000, 0x0000, 0x0000, 0x0000, 0x0000, 0x0000, 0x0000, 0x0000, 0x0000, 0x0000, 0x0000, 0x0000, 
  0x0000, 0x0000, 0x0000, 0x0000, 0x0000, 0x0000, 0x0000, 0x0000, 0x0000, 0x0000, 0x0000, 0x0000, 0x0000, 0x0000, 0x0000, 0x0000, 
  0x0000, 0x0000, 0x0000, 0x0000, 0x0000, 0x0000, 0x0000, 0x0000, 0x0000, 0x0000, 0x0000, 0x0000, 0x0000, 0x0000, 0x0000, 0x0000, 
  0x0000, 0x0000, 0x0000, 0x0000, 0x0000, 0x0000, 0x0000, 0x0000, 0x0000, 0x0000, 0x0000, 0x0000, 0x0000, 0x0000, 0x0000, 0x0000, 
  0x0000, 0x0000, 0x0000, 0x0000, 0x0000, 0x0000, 0x0000, 0x0000, 0x0000, 0x0000, 0x0000, 0x0000, 0x0000, 0x0000, 0x0000, 0x0000, 
  0x0000, 0x0000, 0x0000, 0x0000, 0x0000, 0x0000, 0x0000, 0x0000, 0x0000, 0x0000, 0x0000, 0x0000, 0x0000, 0x0000, 0x0000, 0x0000, 
  0x0000, 0x03e0, 0x001f, 0xf800, 0x001f, 0x04c8, 0x153e, 0x605f, 0xfb60, 0xffcc, 0x07ff, 0x681f, 0xfb40, 0xffed, 0x07ff, 0x681f, 
  0xfb40, 0xffed, 0x07ff, 0x681f, 0xfb60, 0xffcd, 0x07f7, 0x507c, 0x81c3, 0x7183, 0x30a0, 0x0000, 0x0000, 0x0000, 0x001f, 0x7800, 
  0x52aa, 0x0000, 0x0000, 0x0000, 0x0000, 0x0000, 0x0000, 0x0000, 0x0000, 0x0000, 0x0000, 0x0000, 0x0000, 0x0000, 0x0000, 0x0000, 
  0x0000, 0x0000, 0x0000, 0x0000, 0x0000, 0x0000, 0x0000, 0x0000, 0x0000, 0x0000, 0x0000, 0x0000, 0x0000, 0x0000, 0x0000, 0x0000, 
  0x0000, 0x0000, 0x0000, 0x0000, 0x0000, 0x05e7, 0x003f, 0xa800, 0x0000, 0x0000, 0x000a, 0x2940, 0x89e3, 0x2da9, 0x0d7e, 0x603e, 
  0xfb80, 0xffed, 0x07df, 0x681f, 0xfb40, 0xffed, 0x07ff, 0x681f, 0xfb40, 0xffed, 0x07ff, 0x681f, 0xfb40, 0xffed, 0x07f9, 0x507f, 
  0x81a2, 0x3800, 0x0015, 0x5000, 0x0000, 0x0000, 0x0000, 0x0000, 0xfb40, 0xe7ed, 0x07ff, 0x681f, 0xfb40, 0xffed, 0x07ff, 0x681f, 
  0xf340, 0xfe6b, 0x0940, 0x0000, 0xfbe0, 0x0000, 0x0000, 0x0000, 0x0000, 0x04c6, 0x0020, 0x0000, 0x81c3, 0x7fcc, 0x07ff, 0x681f, 
  0xfb40, 0xffed, 0x07ff, 0x681f, 0xfb60, 0xff8c, 0x07f5, 0x4046, 0x0000, 0x07ef, 0x0000, 0x0000, 0x0000, 0x0000, 0x0000, 0x0000, 
  0x0000, 0x0000, 0x0000, 0x0000, 0x0000, 0x0000, 0x0000, 0x0000, 0x0000, 0x0000, 0x0000, 0x0000, 0x0000, 0x0000, 0x0000, 0x0000, 
  0xfbe0, 0x0000, 0x001c, 0x5856, 0xfb80, 0xffed, 0x07df, 0x681f, 0xfb40, 0xffed, 0x07ff, 0x681f, 0xfb40, 0xffed, 0x07ff, 0x681f, 
  0xfb60, 0xffad, 0x07d6, 0x487b, 0x79a3, 0x4000, 0x001f, 0x7800, 0xfbe0, 0x0000, 0x0000, 0x0000, 0x0000, 0x0000, 0x0000, 0x0000, 
  0x0000, 0x0000, 0x0000, 0x0000, 0x0000, 0x0000, 0x0000, 0x0000, 0x0000, 0x0000, 0x0000, 0x0000, 0x0000, 0x0000, 0x0000, 0x0000, 
  0x0000, 0x0000, 0x0000, 0x0000, 0x0000, 0x0000, 0x0000, 0x0000, 0x0000, 0x0000, 0x0000, 0x0000, 0x0000, 0x0000, 0x0000, 0x0000, 
  0x0000, 0x0000, 0x0000, 0x0000, 0x0000, 0x0000, 0x0000, 0x0000, 0x0000, 0x0000, 0x0000, 0x0000, 0x0000, 0x0000, 0x0000, 0x0000, 
  0x0000, 0x0000, 0x0000, 0x0000, 0x0000, 0x0000, 0x0000, 0x0000, 0x0000, 0x0000, 0x0000, 0x0000, 0x0000, 0x0000, 0x0000, 0x0000, 
  0x0000, 0x0000, 0x0000, 0x0000, 0x0000, 0x0000, 0x0000, 0x0000, 0x0000, 0x0000, 0x0000, 0x0000, 0x0000, 0x0000, 0x0000, 0x0000, 
  0x0000, 0x0000, 0x0000, 0x0000, 0x0000, 0x0000, 0x0000, 0x0000, 0x0000, 0x0000, 0x0000, 0x0000, 0x0000, 0x0000, 0x0000, 0x0000, 
  0x0000, 0x0000, 0x0000, 0x0000, 0x0000, 0x0000, 0x0000, 0x0000, 0x0000, 0x0000, 0x0000, 0x0000, 0x0000, 0x0000, 0x0000, 0x0000, 
  0x0000, 0x0000, 0x0000, 0x0000, 0x0000, 0x0000, 0x0000, 0x0000, 0x0000, 0x0000, 0x0000, 0x0000, 0x0000, 0x0000, 0x0000, 0x0000, 
  0x0000, 0x07ea, 0x0000, 0x0000, 0xb261, 0xa7ed, 0x07ff, 0x681f, 0xfb40, 0xffed, 0x07ff, 0x681f, 0xfb40, 0xffed, 0x07ff, 0x681f, 
  0xfb40, 0xffed, 0x07df, 0x681f, 0xdae0, 0xece8, 0x13c5, 0x1942, 0x0000, 0x03e0, 0x0017, 0x3800, 0x0000, 0x0000, 0x0000, 0x0000, 
  0x0000, 0x0000, 0x0000, 0x0000, 0x0000, 0x0000, 0x0000, 0x0000, 0x0000, 0x0000, 0x0000, 0x0000, 0x0000, 0x0000, 0x0000, 0x0000, 
  0x0000, 0x0000, 0x0000, 0x0000, 0x0000, 0x0000, 0x0000, 0x0000, 0x0000, 0x0000, 0x0000, 0x0000, 0x0000, 0x0000, 0x0000, 0x0000, 
  0x0000, 0x0000, 0x0000, 0x0000, 0x0000, 0x0000, 0x0000, 0x0000, 0x0000, 0x03e7, 0x0037, 0x7800, 0xfbe0, 0x0000, 0x0011, 0x38a7, 
  0xdac0, 0xa7cd, 0x07ff, 0x681f, 0xfb40, 0xffed, 0x07ff, 0x681f, 0xfb40, 0xffed, 0x07ff, 0x681f, 0xfb40, 0xffed, 0x07df, 0x701f, 
  0xeb20, 0x5000, 0x001f, 0x7800, 0x0000, 0x0000, 0x0000, 0x0000, 0xfb40, 0xe7ed, 0x07ff, 0x681f, 0xfb40, 0xffed, 0x07ff, 0x681f, 
  0xf340, 0xfe6b, 0x0940, 0x0000, 0xfbe0, 0x0000, 0x0000, 0x0000, 0x0000, 0x04c6, 0x0020, 0x0000, 0x81c3, 0x7fcc, 0x07ff, 0x681f, 
  0xfb40, 0xffed, 0x07ff, 0x681f, 0xfb60, 0xff8c, 0x07f5, 0x4046, 0x0000, 0x07ef, 0x0000, 0x0000, 0x0000, 0x0000, 0x0000, 0x0000, 
  0x0000, 0x0000, 0x0000, 0x0000, 0x0000, 0x0000, 0x0000, 0x0000, 0x0000, 0x0000, 0x0000, 0x0000, 0x0000, 0x0000, 0x001f, 0x7800, 
  0x0000, 0x0407, 0x1cbf, 0x683f, 0xfb40, 0xffed, 0x07ff, 0x681f, 0xfb40, 0xffed, 0x07ff, 0x681f, 0xfb40, 0xffed, 0x07ff, 0x681f, 
  0xfb40, 0xffed, 0x07df, 0x701f, 0xeb20, 0xeda9, 0x0c08, 0x2942, 0x0000, 0x066c, 0x003f, 0x0000, 0x0000, 0x0000, 0x0000, 0x0000, 
  0x0000, 0x0000, 0x0000, 0x0000, 0x0000, 0x0000, 0x0000, 0x0000, 0x0000, 0x0000, 0x0000, 0x0000, 0x0000, 0x0000, 0x0000, 0x0000, 
  0x0000, 0x0000, 0x0000, 0x0000, 0x0000, 0x0000, 0x0000, 0x0000, 0x0000, 0x0000, 0x0000, 0x0000, 0x0000, 0x0000, 0x0000, 0x0000, 
  0x0000, 0x0000, 0x0000, 0x0000, 0x0000, 0x0000, 0x0000, 0x0000, 0x0000, 0x0000, 0x0000, 0x0000, 0x0000, 0x0000, 0x0000, 0x0000, 
  0x0000, 0x0000, 0x0000, 0x0000, 0x0000, 0x0000, 0x0000, 0x0000, 0x0000, 0x0000, 0x0000, 0x0000, 0x0000, 0x0000, 0x0000, 0x0000, 
  0x0000, 0x0000, 0x0000, 0x0000, 0x0000, 0x0000, 0x0000, 0x0000, 0x0000, 0x0000, 0x0000, 0x0000, 0x0000, 0x0000, 0x0000, 0x0000, 
  0x0000, 0x0000, 0x0000, 0x0000, 0x0000, 0x0000, 0x0000, 0x0000, 0x0000, 0x0000, 0x0000, 0x0000, 0x0000, 0x0000, 0x0000, 0x0000, 
  0x0000, 0x0000, 0x0000, 0x0000, 0x0000, 0x0000, 0x0000, 0x0000, 0x0000, 0x0000, 0x0000, 0x0000, 0x0000, 0x0000, 0x0000, 0x0000, 
  0x0000, 0x0000, 0x0000, 0x0000, 0x0000, 0x0000, 0x0000, 0x0000, 0x0000, 0x0000, 0x0000, 0x0000, 0x0000, 0x0000, 0x000f, 0x0000, 
  0xffe0, 0x0000, 0xf816, 0x4894, 0xfb60, 0xffed, 0x07df, 0x681f, 0xfb40, 0xffed, 0x07ff, 0x681f, 0xfb40, 0xffed, 0x07ff, 0x681f, 
  0xfb60, 0xff4c, 0x0ff8, 0x5050, 0x48e5, 0x13e0, 0x001f, 0x7800, 0xfbe0, 0x02aa, 0x0000, 0x0000, 0x0000, 0x0000, 0x0000, 0x0000, 
  0x0000, 0x0000, 0x0000, 0x0000, 0x0000, 0x0000, 0x0000, 0x0000, 0x0000, 0x0000, 0x0000, 0x0000, 0x0000, 0x0000, 0x0000, 0x0000, 
  0x0000, 0x0000, 0x0000, 0x0000, 0x0000, 0x0000, 0x0000, 0x0000, 0x0000, 0x0000, 0x0000, 0x0000, 0x0000, 0x0000, 0x0000, 0x0000, 
  0x0000, 0x0000, 0x0000, 0x0000, 0x0000, 0x0000, 0x0000, 0x0000, 0x0000, 0x0000, 0x0000, 0x0000, 0x79e0, 0x07ec, 0x0035, 0x5000, 
  0x0000, 0x0447, 0x141a, 0x585c, 0xfb60, 0xffed, 0x07ff, 0x681f, 0xfb40, 0xffed, 0x07ff, 0x681f, 0xfb40, 0xffed, 0x07df, 0x681f, 
  0xdb20, 0x4800, 0x001f, 0x7800, 0x0000, 0x0000, 0x0000, 0x0000, 0xfb40, 0xe7ed, 0x07ff, 0x681f, 0xfb40, 0xffed, 0x07ff, 0x681f, 
  0xf340, 0xfe6b, 0x0940, 0x0000, 0xfbe0, 0x0000, 0x0000, 0x0000, 0x0000, 0x04c6, 0x0020, 0x0000, 0x81c3, 0x7fcc, 0x07ff, 0x681f, 
  0xfb40, 0xffed, 0x07ff, 0x681f, 0xfb60, 0xff8c, 0x07f5, 0x4046, 0x0000, 0x07ef, 0x0000, 0x0000, 0x0000, 0x0000, 0x0000, 0x0000, 
  0x0000, 0x0000, 0x0000, 0x0000, 0x0000, 0x0000, 0x0000, 0x0000, 0x0000, 0x0000, 0x0000, 0x0000, 0x0000, 0x0000, 0x0000, 0x0000, 
  0x18a5, 0x266a, 0x0f7f, 0x681f, 0xfb40, 0xffed, 0x07ff, 0x681f, 0xfb40, 0xffed, 0x07ff, 0x681f, 0xfb40, 0xffed, 0x07ff, 0x681f, 
  0xfb40, 0xffed, 0x07ff, 0x601f, 0xfb60, 0xffed, 0x07f9, 0x505d, 0x81c3, 0x7800, 0x001f, 0x0000, 0xfbe0, 0x07e0, 0x0000, 0x0000, 
  0x0000, 0x0000, 0x0000, 0x0000, 0x0000, 0x0000, 0x0000, 0x0000, 0x0000, 0x0000, 0x0000, 0x0000, 0x0000, 0x0000, 0x0000, 0x0000, 
  0x0000, 0x0000, 0x0000, 0x0000, 0x0000, 0x0000, 0x0000, 0x0000, 0x0000, 0x0000, 0x0000, 0x0000, 0x0000, 0x0000, 0x0000, 0x0000, 
  0x0000, 0x0000, 0x0000, 0x0000, 0x0000, 0x0000, 0x0000, 0x0000, 0x0000, 0x0000, 0x0000, 0x0000, 0x0000, 0x0000, 0x0000, 0x0000, 
  0x0000, 0x0000, 0x0000, 0x0000, 0x0000, 0x0000, 0x0000, 0x0000, 0x0000, 0x0000, 0x0000, 0x0000, 0x0000, 0x0000, 0x0000, 0x0000, 
  0x0000, 0x0000, 0x0000, 0x0000, 0x0000, 0x0000, 0x0000, 0x0000, 0x0000, 0x0000, 0x0000, 0x0000, 0x0000, 0x0000, 0x0000, 0x0000, 
  0x0000, 0x0000, 0x0000, 0x0000, 0x0000, 0x0000, 0x0000, 0x0000, 0x0000, 0x0000, 0x0000, 0x0000, 0x0000, 0x0000, 0x0000, 0x0000, 
  0x0000, 0x0000, 0x0000, 0x0000, 0x0000, 0x0000, 0x0000, 0x0000, 0x0000, 0x0000, 0x0000, 0x0000, 0x0000, 0x0000, 0x0000, 0x0000, 
  0x0000, 0x0000, 0x0000, 0x0000, 0x0000, 0x0000, 0x0000, 0x0000, 0x0000, 0x0000, 0x0000, 0x0000, 0x0000, 0x0000, 0x0017, 0x3800, 
  0x0000, 0x05c9, 0x153f, 0x683f, 0xfb40, 0xffed, 0x07ff, 0x681f, 0xfb40, 0xffed, 0x07ff, 0x681f, 0xfb40, 0xffed, 0x07df, 0x701f, 
  0xd2a1, 0xcb86, 0x1a60, 0x02a0, 0x0000, 0x05e7, 0x0020, 0x0000, 0x0000, 0x0000, 0x0000, 0x0000, 0x0000, 0x0000, 0x0000, 0x0000, 
  0x0000, 0x0000, 0x0000, 0x0000, 0x0000, 0x0000, 0x0000, 0x0000, 0x0000, 0x0000, 0x0000, 0x0000, 0x0000, 0x0000, 0x0000, 0x0000, 
  0x0000, 0x0000, 0x0000, 0x0000, 0x0000, 0x0000, 0x0000, 0x0000, 0x0000, 0x0000, 0x0000, 0x0000, 0x0000, 0x0000, 0x0000, 0x0000, 
  0x0000, 0x0000, 0x0000, 0x0000, 0x0000, 0x0000, 0x0000, 0x0000, 0x0000, 0x0000, 0x0000, 0x0000, 0x0000, 0x0000, 0x000f, 0x7800, 
  0xcb20, 0x0000, 0x000c, 0x28c3, 0xba61, 0x778c, 0x07bf, 0x681f, 0xfb40, 0xffed, 0x07ff, 0x681f, 0xfb40, 0xffed, 0x07df, 0x701f, 
  0xe320, 0x4800, 0x001f, 0x7800, 0x0000, 0x0000, 0x0000, 0x0000, 0xfb40, 0xe7ed, 0x07ff, 0x681f, 0xfb40, 0xffed, 0x07ff, 0x681f, 
  0xf340, 0xfe6b, 0x0940, 0x0000, 0xfbe0, 0x0000, 0x0000, 0x0000, 0x0000, 0x04c6, 0x0020, 0x0000, 0x81c3, 0x7fcc, 0x07ff, 0x681f, 
  0xfb40, 0xffed, 0x07ff, 0x681f, 0xfb60, 0xff8c, 0x07f5, 0x4046, 0x0000, 0x07ef, 0x0000, 0x0000, 0x0000, 0x0000, 0x0000, 0x0000, 
  0x0000, 0x0000, 0x0000, 0x0000, 0x0000, 0x0000, 0x0000, 0x0000, 0x0000, 0x0000, 0x0000, 0x0000, 0x0000, 0x066c, 0x0020, 0x0000, 
  0xba62, 0x8fed, 0x07ff, 0x681f, 0xfb40, 0xffed, 0x07ff, 0x681f, 0xfb40, 0xffed, 0x07ff, 0x681f, 0xfb40, 0xffed, 0x07ff, 0x681f, 
  0xfb40, 0xffed, 0x07ff, 0x681f, 0xfb40, 0xffed, 0x07df, 0x681f, 0xf320, 0xfe6a, 0x0d73, 0x3886, 0x0000, 0x07ec, 0x002a, 0x5000, 
  0x0000, 0x0000, 0x0000, 0x0000, 0x0000, 0x0000, 0x0000, 0x0000, 0x0000, 0x0000, 0x0000, 0x0000, 0x0000, 0x0000, 0x0000, 0x0000, 
  0x0000, 0x0000, 0x0000, 0x0000, 0x0000, 0x0000, 0x0000, 0x0000, 0x0000, 0x0000, 0x0000, 0x0000, 0x0000, 0x0000, 0x0000, 0x0000, 
  0x0000, 0x0000, 0x0000, 0x0000, 0x0000, 0x0000, 0x0000, 0x0000, 0x0000, 0x0000, 0x0000, 0x0000, 0x0000, 0x0000, 0x0000, 0x0000, 
  0x0000, 0x0000, 0x0000, 0x0000, 0x0000, 0x0000, 0x0000, 0x0000, 0x0000, 0x0000, 0x0000, 0x0000, 0x0000, 0x0000, 0x0000, 0x0000, 
  0x0000, 0x0000, 0x0000, 0x0000, 0x0000, 0x0000, 0x0000, 0x0000, 0x0000, 0x0000, 0x0000, 0x0000, 0x0000, 0x0000, 0x0000, 0x0000, 
  0x0000, 0x0000, 0x0000, 0x0000, 0x0000, 0x0000, 0x0000, 0x0000, 0x0000, 0x0000, 0x0000, 0x0000, 0x0000, 0x0000, 0x0000, 0x0000, 
  0x0000, 0x0000, 0x0000, 0x0000, 0x0000, 0x0000, 0x0000, 0x0000, 0x0000, 0x0000, 0x0000, 0x0000, 0x0000, 0x0000, 0x0000, 0x0000, 
  0x0000, 0x0000, 0x0000, 0x0000, 0x0000, 0x0000, 0x0000, 0x0000, 0x0000, 0x0000, 0x0000, 0x0000, 0x0000, 0x07ff, 0x0000, 0x03e0, 
  0xb261, 0xafee, 0x07ff, 0x681f, 0xfb40, 0xffed, 0x07ff, 0x681f, 0xfb40, 0xffed, 0x07ff, 0x681f, 0xfb60, 0xffed, 0x0754, 0x4074, 
  0x1867, 0x1000, 0x0000, 0x0000, 0x0000, 0x0000, 0x0000, 0x0000, 0x0000, 0x0000, 0x0000, 0x0000, 0x0000, 0x0000, 0x0000, 0x0000, 
  0x0000, 0x0000, 0x0000, 0x0000, 0x0000, 0x0000, 0x0000, 0x0000, 0x0000, 0x0000, 0x0000, 0x0000, 0x0000, 0x0000, 0x0000, 0x0000, 
  0x0000, 0x0000, 0x0000, 0x0000, 0x0000, 0x0000, 0x0000, 0x0000, 0x0000, 0x0000, 0x0000, 0x0000, 0x0000, 0x0000, 0x0000, 0x0000, 
  0x0000, 0x0000, 0x0000, 0x0000, 0x0000, 0x0000, 0x0000, 0x0000, 0x0000, 0x0000, 0x0000, 0x0000, 0x0000, 0x0000, 0x0000, 0x0000, 
  0x0000, 0x0000, 0x0015, 0x5000, 0x0000, 0x0528, 0x0a3d, 0x601f, 0xfb40, 0xffed, 0x07ff, 0x681f, 0xfb40, 0xffed, 0x07df, 0x701f, 
  0xe320, 0x4800, 0x001f, 0x7800, 0x0000, 0x0000, 0x0000, 0x0000, 0xfb40, 0xe7ed, 0x07ff, 0x681f, 0xfb40, 0xffed, 0x07ff, 0x681f, 
  0xf340, 0xfe6b, 0x0940, 0x0000, 0xfbe0, 0x0000, 0x0000, 0x0000, 0x0000, 0x04c6, 0x0020, 0x0000, 0x81c3, 0x7fcc, 0x07ff, 0x681f, 
  0xfb40, 0xffed, 0x07ff, 0x681f, 0xfb60, 0xff8c, 0x07f5, 0x4046, 0x0000, 0x07ef, 0x0000, 0x0000, 0x0000, 0x0000, 0x0000, 0x0000, 
  0x0000, 0x0000, 0x0000, 0x0000, 0x0000, 0x0000, 0x0000, 0x0000, 0x0000, 0x0000, 0x0000, 0x0000, 0xfbe0, 0x0000, 0x0016, 0x4045, 
  0xeb20, 0xffed, 0x07ff, 0x681f, 0xfb40, 0xffed, 0x07ff, 0x681f, 0xfb40, 0xffed, 0x07ff, 0x681f, 0xfb60, 0xffed, 0x07ff, 0x681f, 
  0xfb40, 0xffed, 0x07ff, 0x681f, 0xfb40, 0xffed, 0x07ff, 0x681f, 0xfb40, 0xffee, 0x07fd, 0x603f, 0xa222, 0xbeeb, 0x0040, 0x0000, 
  0x7800, 0x05e7, 0x3820, 0x0000, 0x0000, 0x0000, 0x0000, 0x0000, 0x0000, 0x0000, 0x0000, 0x0000, 0x0000, 0x0000, 0x0000, 0x0000, 
  0x0000, 0x0000, 0x0000, 0x0000, 0x0000, 0x0000, 0x0000, 0x0000, 0x0000, 0x0000, 0x0000, 0x0000, 0x0000, 0x0000, 0x0000, 0x0000, 
  0x0000, 0x0000, 0x0000, 0x0000, 0x0000, 0x0000, 0x0000, 0x0000, 0x0000, 0x0000, 0x0000, 0x0000, 0x0000, 0x0000, 0x0000, 0x0000, 
  0x0000, 0x0000, 0x0000, 0x0000, 0x0000, 0x0000, 0x0000, 0x0000, 0x0000, 0x0000, 0x0000, 0x0000, 0x0000, 0x0000, 0x0000, 0x0000, 
  0x0000, 0x0000, 0x0000, 0x0000, 0x0000, 0x0000, 0x0000, 0x0000, 0x0000, 0x0000, 0x0000, 0x0000, 0x0000, 0x0000, 0x0000, 0x0000, 
  0x0000, 0x0000, 0x0000, 0x0000, 0x0000, 0x0000, 0x0000, 0x0000, 0x0000, 0x0000, 0x0000, 0x0000, 0x0000, 0x0000, 0x0000, 0x0000, 
  0x0000, 0x0000, 0x0000, 0x0000, 0x0000, 0x0000, 0x0000, 0x0000, 0x0000, 0x0000, 0x0000, 0x0000, 0x0000, 0x0000, 0x0000, 0x0000, 
  0x0000, 0x0000, 0x0000, 0x0000, 0x0000, 0x0000, 0x0000, 0x0000, 0x0000, 0x0000, 0x0000, 0x0000, 0xfaa0, 0x0000, 0x0012, 0x38d3, 
  0xfb40, 0xffed, 0x07df, 0x681f, 0xfb40, 0xffed, 0x07ff, 0x681f, 0xfb40, 0xffed, 0x07ff, 0x681f, 0xe300, 0xfe2a, 0x0a40, 0x0000, 
  0xb9e0, 0x03e7, 0x0020, 0x0000, 0x0000, 0x0000, 0x0000, 0x0000, 0x0000, 0x0000, 0x0000, 0x0000, 0x0000, 0x0000, 0x0000, 0x0000, 
  0x0000, 0x0000, 0x0000, 0x0000, 0x0000, 0x0000, 0x0000, 0x0000, 0x0000, 0x0000, 0x0000, 0x0000, 0x0000, 0x0000, 0x0000, 0x0000, 
  0x0000, 0x0000, 0x0000, 0x0000, 0x0000, 0x0000, 0x0000, 0x0000, 0x0000, 0x0000, 0x0000, 0x0000, 0x0000, 0x0000, 0x0000, 0x0000, 
  0x0000, 0x0000, 0x0000, 0x0000, 0x0000, 0x0000, 0x0000, 0x0000, 0x0000, 0x0000, 0x0000, 0x0000, 0x0000, 0x0000, 0x0000, 0x0000, 
  0x0000, 0x0000, 0x001f, 0x0000, 0xdae0, 0x0800, 0x001f, 0x6817, 0xfb60, 0xffed, 0x07ff, 0x681f, 0xfb40, 0xffed, 0x07df, 0x701f, 
  0xe320, 0x4800, 0x001f, 0x7800, 0x0000, 0x0000, 0x0000, 0x0000, 0xfb40, 0xe7ed, 0x07ff, 0x681f, 0xfb40, 0xffed, 0x07ff, 0x681f, 
  0xf340, 0xfe6b, 0x0940, 0x0000, 0xfbe0, 0x0000, 0x0000, 0x0000, 0x0000, 0x04c6, 0x0020, 0x0000, 0x81c3, 0x7fcc, 0x07ff, 0x681f, 
  0xfb40, 0xffed, 0x07ff, 0x681f, 0xfb60, 0xff8c, 0x07f5, 0x4046, 0x0000, 0x07ef, 0x0000, 0x0000, 0x0000, 0x0000, 0x0000, 0x0000, 
  0x0000, 0x0000, 0x0000, 0x0000, 0x0000, 0x0000, 0x0000, 0x0000, 0x0000, 0x0000, 0x0000, 0x0000, 0xfbe0, 0x0000, 0x001a, 0x5834, 
  0xfb80, 0xffec, 0x07ff, 0x681f, 0xfb40, 0xffed, 0x07ff, 0x681f, 0xfb60, 0xfeab, 0x0fb0, 0x30dd, 0xdae0, 0xefed, 0x07ff, 0x681f, 
  0xfb40, 0xffed, 0x07ff, 0x681f, 0xfb40, 0xffed, 0x07ff, 0x681f, 0xfb40, 0xffed, 0x07df, 0x681f, 0xfb60, 0xff2b, 0x0673, 0x40ac, 
  0x001f, 0x054a, 0x0015, 0x5000, 0x0000, 0x0000, 0x0000, 0x0000, 0x0000, 0x0000, 0x0000, 0x0000, 0x0000, 0x0000, 0x0000, 0x0000, 
  0x0000, 0x0000, 0x0000, 0x0000, 0x0000, 0x0000, 0x0000, 0x0000, 0x0000, 0x0000, 0x0000, 0x0000, 0x0000, 0x0000, 0x0000, 0x0000, 
  0x0000, 0x0000, 0x0000, 0x0000, 0x0000, 0x0000, 0x0000, 0x0000, 0x0000, 0x0000, 0x0000, 0x0000, 0x0000, 0x0000, 0x0000, 0x0000, 
  0x0000, 0x0000, 0x0000, 0x0000, 0x0000, 0x0000, 0x0000, 0x0000, 0x0000, 0x0000, 0x0000, 0x0000, 0x0000, 0x0000, 0x0000, 0x0000, 
  0x0000, 0x0000, 0x0000, 0x0000, 0x0000, 0x0000, 0x0000, 0x0000, 0x0000, 0x0000, 0x0000, 0x0000, 0x0000, 0x0000, 0x0000, 0x0000, 
  0x0000, 0x0000, 0x0000, 0x0000, 0x0000, 0x0000, 0x0000, 0x0000, 0x0000, 0x0000, 0x0000, 0x0000, 0x0000, 0x0000, 0x0000, 0x0000, 
  0x0000, 0x0000, 0x0000, 0x0000, 0x0000, 0x0000, 0x0000, 0x0000, 0x0000, 0x0000, 0x0000, 0x0000, 0x0000, 0x0000, 0x0000, 0x0000, 
  0x0000, 0x0000, 0x0000, 0x0000, 0x0000, 0x0000, 0x0000, 0x0000, 0x0000, 0x0000, 0x001f, 0x7800, 0x0000, 0x0609, 0x095d, 0x603d, 
  0xfb60, 0xffed, 0x07ff, 0x681f, 0xfb40, 0xffed, 0x07ff, 0x681f, 0xfb20, 0xffed, 0x07fa, 0x585f, 0x81c3, 0x3800, 0x0016, 0x4800, 
  0x0000, 0x0000, 0x0000, 0x0000, 0x0000, 0x0000, 0x0000, 0x0000, 0x0000, 0x0000, 0x0000, 0x0000, 0x0000, 0x0000, 0x0000, 0x0000, 
  0x0000, 0x0000, 0x0000, 0x0000, 0x0000, 0x0000, 0x0000, 0x0000, 0x0000, 0x0000, 0x0000, 0x0000, 0x0000, 0x0000, 0x0000, 0x0000, 
  0x0000, 0x0000, 0x0000, 0x0000, 0x0000, 0x0000, 0x0000, 0x0000, 0x0000, 0x0000, 0x0000, 0x0000, 0x0000, 0x0000, 0x0000, 0x0000, 
  0x0000, 0x0000, 0x0000, 0x0000, 0x0000, 0x0000, 0x0000, 0x0000, 0x0000, 0x0000, 0x0000, 0x0000, 0x0000, 0x0000, 0x0000, 0x0000, 
  0x0000, 0x0000, 0x0000, 0x0000, 0xfd40, 0x0000, 0x001f, 0x6818, 0xfb60, 0xffed, 0x07ff, 0x681f, 0xfb40, 0xffed, 0x07df, 0x701f, 
  0xe320, 0x4800, 0x001f, 0x7800, 0x0000, 0x0000, 0x0000, 0x0000, 0xfb40, 0xe7ed, 0x07ff, 0x681f, 0xfb40, 0xffed, 0x07ff, 0x681f, 
  0xf340, 0xfe6b, 0x0940, 0x0000, 0xfbe0, 0x0000, 0x0000, 0x0000, 0x0000, 0x04c6, 0x0020, 0x0000, 0x81c3, 0x7fcc, 0x07ff, 0x681f, 
  0xfb40, 0xffed, 0x07ff, 0x681f, 0xfb60, 0xff8c, 0x07f5, 0x4046, 0x0000, 0x07ef, 0x0000, 0x0000, 0x0000, 0x0000, 0x0000, 0x0000, 
  0x0000, 0x0000, 0x0000, 0x0000, 0x0000, 0x0000, 0x0000, 0x0000, 0x0000, 0x0000, 0x0013, 0x3000, 0x0000, 0x0487, 0x13df, 0x683f, 
  0xfb40, 0xffed, 0x07ff, 0x681f, 0xfb40, 0xffed, 0x07ff, 0x681f, 0xfb60, 0xfcc8, 0x1c20, 0x0000, 0x000a, 0x0589, 0x153d, 0x605f, 
  0xfb60, 0xffed, 0x07ff, 0x681f, 0xfb40, 0xffed, 0x07ff, 0x681f, 0xfb40, 0xffed, 0x07ff, 0x681f, 0xfb40, 0xffed, 0x07fe, 0x681f, 
  0xba61, 0xe3e6, 0x1b00, 0x01a1, 0x0000, 0x04c6, 0x003f, 0x0000, 0x0000, 0x0000, 0x0000, 0x0000, 0x0000, 0x0000, 0x0000, 0x0000, 
  0x0000, 0x0000, 0x0000, 0x0000, 0x0000, 0x0000, 0x0000, 0x0000, 0x0000, 0x0000, 0x0000, 0x0000, 0x0000, 0x0000, 0x0000, 0x0000, 
  0x0000, 0x0000, 0x0000, 0x0000, 0x0000, 0x0000, 0x0000, 0x0000, 0x0000, 0x0000, 0x0000, 0x0000, 0x0000, 0x0000, 0x0000, 0x0000, 
  0x0000, 0x0000, 0x0000, 0x0000, 0x0000, 0x0000, 0x0000, 0x0000, 0x0000, 0x0000, 0x0000, 0x0000, 0x0000, 0x0000, 0x0000, 0x0000, 
  0x0000, 0x0000, 0x0000, 0x0000, 0x0000, 0x0000, 0x0000, 0x0000, 0x0000, 0x0000, 0x0000, 0x0000, 0x0000, 0x0000, 0x0000, 0x0000, 
  0x0000, 0x0000, 0x0000, 0x0000, 0x0000, 0x0000, 0x0000, 0x0000, 0x0000, 0x0000, 0x0000, 0x0000, 0x0000, 0x0000, 0x0000, 0x0000, 
  0x0000, 0x0000, 0x0000, 0x0000, 0x0000, 0x0000, 0x0000, 0x0000, 0x0000, 0x0000, 0x0000, 0x0000, 0x0000, 0x0000, 0x0000, 0x0000, 
  0x0000, 0x0000, 0x0000, 0x0000, 0x0000, 0x0000, 0x0000, 0x0000, 0x0000, 0x03e0, 0x0000, 0x0000, 0x5923, 0x2f0b, 0x071f, 0x681f, 
  0xfb20, 0xffed, 0x07ff, 0x681f, 0xfb40, 0xffed, 0x07ff, 0x681f, 0xfb60, 0xfe8b, 0x0fce, 0x30e9, 0x0000, 0x04c6, 0x0020, 0x0000, 
  0x0000, 0x0000, 0x0000, 0x0000, 0x0000, 0x0000, 0x0000, 0x0000, 0x0000, 0x0000, 0x0000, 0x0000, 0x0000, 0x0000, 0x0000, 0x0000, 
  0x0000, 0x0000, 0x0000, 0x0000, 0x0000, 0x0000, 0x0000, 0x0000, 0x0000, 0x0000, 0x0000, 0x0000, 0x0000, 0x0000, 0x0000, 0x0000, 
  0x0000, 0x0000, 0x0000, 0x0000, 0x0000, 0x0000, 0x0000, 0x0000, 0x0000, 0x0000, 0x0000, 0x0000, 0x0000, 0x0000, 0x0000, 0x0000, 
  0x0000, 0x0000, 0x0000, 0x0000, 0x0000, 0x0000, 0x0000, 0x0000, 0x0000, 0x0000, 0x0000, 0x0000, 0x0000, 0x0000, 0x0000, 0x0000, 
  0x0000, 0x0000, 0x0000, 0x0000, 0xfbe0, 0x0000, 0x001f, 0x6817, 0xfb60, 0xffed, 0x07ff, 0x681f, 0xfb40, 0xffed, 0x07df, 0x701f, 
  0xe320, 0x4800, 0x001f, 0x7800, 0x0000, 0x0000, 0x0000, 0x0000, 0xfb40, 0xe7ed, 0x07ff, 0x681f, 0xfb40, 0xffed, 0x07ff, 0x681f, 
  0xf340, 0xfe6b, 0x0940, 0x0000, 0xfbe0, 0x0000, 0x0000, 0x0000, 0x0000, 0x04c6, 0x0020, 0x0000, 0x81c3, 0x7fcc, 0x07ff, 0x681f, 
  0xfb40, 0xffed, 0x07ff, 0x681f, 0xfb60, 0xff8c, 0x07f5, 0x4046, 0x0000, 0x07ef, 0x0000, 0x0000, 0x0000, 0x0000, 0x0000, 0x0000, 
  0x0000, 0x0000, 0x0000, 0x0000, 0x0000, 0x0000, 0x0000, 0x0000, 0x0000, 0x0000, 0x0000, 0x0000, 0x38c4, 0x166a, 0x0f1f, 0x681f, 
  0xfb40, 0xffed, 0x07ff, 0x681f, 0xfb40, 0xffcd, 0x07ff, 0x681f, 0xcaa1, 0xd040, 0x38c0, 0x0000, 0x0000, 0x0000, 0x3070, 0x38a9, 
  0xd2c1, 0xd7ed, 0x07df, 0x681f, 0xfb40, 0xffed, 0x07ff, 0x681f, 0xfb40, 0xffed, 0x07ff, 0x681f, 0xfb40, 0xffed, 0x07ff, 0x681f, 
  0xfb60, 0xff8c, 0x0ff8, 0x5054, 0x40c5, 0x1000, 0x383f, 0xf800, 0xcb20, 0x0000, 0x0000, 0x0000, 0x0000, 0x0000, 0x0000, 0x0000, 
  0x0000, 0x0000, 0x0000, 0x0000, 0x0000, 0x0000, 0x0000, 0x0000, 0x0000, 0x0000, 0x0000, 0x0000, 0x0000, 0x0000, 0x0000, 0x0000, 
  0x0000, 0x0000, 0x0000, 0x0000, 0x0000, 0x0000, 0x0000, 0x0000, 0x0000, 0x0000, 0x0000, 0x0000, 0x0000, 0x0000, 0x0000, 0x0000, 
  0x0000, 0x0000, 0x0000, 0x0000, 0x0000, 0x0000, 0x0000, 0x0000, 0x0000, 0x0000, 0x0000, 0x0000, 0x0000, 0x0000, 0x0000, 0x0000, 
  0x0000, 0x0000, 0x0000, 0x0000, 0x0000, 0x0000, 0x0000, 0x0000, 0x0000, 0x0000, 0x0000, 0x0000, 0x0000, 0x0000, 0x0000, 0x0000, 
  0x0000, 0x0000, 0x0000, 0x0000, 0x0000, 0x0000, 0x0000, 0x0000, 0x0000, 0x0000, 0x0000, 0x0000, 0x0000, 0x0000, 0x0000, 0x0000, 
  0x0000, 0x0000, 0x0000, 0x0000, 0x0000, 0x0000, 0x0000, 0x0000, 0x0000, 0x0000, 0x0000, 0x0000, 0x0000, 0x0000, 0x0000, 0x0000, 
  0x0000, 0x0000, 0x0000, 0x0000, 0x0000, 0x0000, 0x0000, 0x0000, 0x0000, 0x05e7, 0x0020, 0x0000, 0xba81, 0xc7ee, 0x07ff, 0x681f, 
  0xfb40, 0xffed, 0x07ff, 0x681f, 0xfb40, 0xffed, 0x07ff, 0x681f, 0xcac1, 0xfbc6, 0x1a00, 0x0000, 0x6180, 0x0000, 0x0000, 0x0000, 
  0x0000, 0x0000, 0x0000, 0x0000, 0x0000, 0x0000, 0x0000, 0x0000, 0x0000, 0x0000, 0x0000, 0x0000, 0x0000, 0x0000, 0x0000, 0x0000, 
  0x0000, 0x0000, 0x0000, 0x0000, 0x0000, 0x0000, 0x0000, 0x0000, 0x0000, 0x0000, 0x0000, 0x0000, 0x0000, 0x0000, 0x0000, 0x0000, 
  0x0000, 0x0000, 0x0000, 0x0000, 0x0000, 0x0000, 0x0000, 0x0000, 0x0000, 0x0000, 0x0000, 0x0000, 0x0000, 0x0000, 0x0000, 0x0000, 
  0x0000, 0x0000, 0x0000, 0x0000, 0x0000, 0x0000, 0x0000, 0x0000, 0x0000, 0x0000, 0x0000, 0x0000, 0x0000, 0x0000, 0x0000, 0x0000, 
  0x0000, 0x0000, 0x0000, 0x0000, 0xfbe0, 0x0000, 0x001f, 0x6817, 0xfb60, 0xffed, 0x07ff, 0x681f, 0xfb40, 0xffed, 0x07df, 0x681f, 
  0xe320, 0x4800, 0x001f, 0x7800, 0x0000, 0x0000, 0x0000, 0x0000, 0xfb40, 0xe7ed, 0x07ff, 0x681f, 0xfb40, 0xffed, 0x07ff, 0x681f, 
  0xf340, 0xfe6b, 0x0940, 0x0000, 0xfbe0, 0x0000, 0x0000, 0x0000, 0x0000, 0x04c6, 0x0020, 0x0000, 0x81c3, 0x7fcc, 0x07ff, 0x681f, 
  0xfb40, 0xffed, 0x07ff, 0x681f, 0xfb60, 0xff8c, 0x07f5, 0x4046, 0x0000, 0x07ef, 0x0000, 0x0000, 0x0000, 0x0000, 0x0000, 0x0000, 
  0x0000, 0x0000, 0x0000, 0x0000, 0x0000, 0x0000, 0x0000, 0x0000, 0x0000, 0x07ea, 0x0000, 0x0000, 0xcaa1, 0x6fed, 0x07ff, 0x681f, 
  0xfb40, 0xffed, 0x07ff, 0x681f, 0xfb40, 0xffed, 0x07dd, 0x603f, 0xa222, 0x3800, 0x0015, 0x5000, 0x0000, 0x054a, 0x0015, 0x5000, 
  0x0000, 0x0589, 0x0b7a, 0x587f, 0xfb60, 0xffed, 0x07ff, 0x681f, 0xfb40, 0xffed, 0x07ff, 0x681f, 0xfb40, 0xffed, 0x07ff, 0x681f, 
  0xfb40, 0xffed, 0x07df, 0x681f, 0xd2c1, 0xfc87, 0x1447, 0x1944, 0x0000, 0x0666, 0x002f, 0x7be0, 0x0000, 0x0000, 0x0000, 0x0000, 
  0x0000, 0x0000, 0x0000, 0x0000, 0x0000, 0x0000, 0x0000, 0x0000, 0x0000, 0x0000, 0x0000, 0x0000, 0x0000, 0x0000, 0x0000, 0x0000, 
  0x0000, 0x0000, 0x0000, 0x0000, 0x0000, 0x0000, 0x0000, 0x0000, 0x0000, 0x0000, 0x0000, 0x0000, 0x0000, 0x0000, 0x0000, 0x0000, 
  0x0000, 0x0000, 0x0000, 0x0000, 0x0000, 0x0000, 0x0000, 0x0000, 0x0000, 0x0000, 0x0000, 0x0000, 0x0000, 0x0000, 0x0000, 0x0000, 
  0x0000, 0x0000, 0x0000, 0x0000, 0x0000, 0x0000, 0x0000, 0x0000, 0x0000, 0x0000, 0x0000, 0x0000, 0x0000, 0x0000, 0x0000, 0x0000, 
  0x0000, 0x0000, 0x0000, 0x0000, 0x0000, 0x0000, 0x0000, 0x0000, 0x0000, 0x0000, 0x0000, 0x0000, 0x0000, 0x0000, 0x0000, 0x0000, 
  0x0000, 0x0000, 0x0000, 0x0000, 0x0000, 0x0000, 0x0000, 0x0000, 0x0000, 0x0000, 0x0000, 0x0000, 0x0000, 0x0000, 0x0000, 0x0000, 
  0x0000, 0x0000, 0x0000, 0x0000, 0x0000, 0x0000, 0x0000, 0x0000, 0xfbe0, 0x0000, 0x0013, 0x408d, 0xf340, 0xffed, 0x07ff, 0x681f, 
  0xfb40, 0xffed, 0x07ff, 0x681f, 0xfb40, 0xffed, 0x07fb, 0x585f, 0x6163, 0x4800, 0x0013, 0x6000, 0x0000, 0x0000, 0x0000, 0x0000, 
  0x0000, 0x0000, 0x0000, 0x0000, 0x0000, 0x0000, 0x0000, 0x0000, 0x0000, 0x0000, 0x0000, 0x0000, 0x0000, 0x0000, 0x0000, 0x0000, 
  0x0000, 0x0000, 0x0000, 0x0000, 0x0000, 0x0000, 0x0000, 0x0000, 0x0000, 0x0000, 0x0000, 0x0000, 0x0000, 0x0000, 0x0000, 0x0000, 
  0x0000, 0x0000, 0x0000, 0x0000, 0x0000, 0x0000, 0x0000, 0x0000, 0x0000, 0x0000, 0x0000, 0x0000, 0x0000, 0x0000, 0x0000, 0x0000, 
  0x0000, 0x0000, 0x0000, 0x0000, 0x0000, 0x0000, 0x0000, 0x0000, 0x0000, 0x0000, 0x0000, 0x0000, 0x0000, 0x0000, 0x0000, 0x0000, 
  0x0000, 0x0000, 0x0000, 0x0000, 0xfbe0, 0x0000, 0x001f, 0x6817, 0xfb60, 0xffed, 0x07ff, 0x681f, 0xfb40, 0xffed, 0x07df, 0x681f, 
  0xe320, 0x4800, 0x001f, 0x7800, 0x0000, 0x0000, 0x0000, 0x0000, 0xfb40, 0xe7ed, 0x07ff, 0x681f, 0xfb40, 0xffed, 0x07ff, 0x681f, 
  0xf340, 0xfe6b, 0x0940, 0x0000, 0xfbe0, 0x0000, 0x0000, 0x0000, 0x0000, 0x04c6, 0x0020, 0x0000, 0x81c3, 0x7fcc, 0x07ff, 0x681f, 
  0xfb40, 0xffed, 0x07ff, 0x681f, 0xfb60, 0xff8c, 0x07f6, 0x4866, 0x0000, 0x07ef, 0x0000, 0x0000, 0x0000, 0x0000, 0x0000, 0x0000, 
  0x0000, 0x0000, 0x0000, 0x0000, 0x0000, 0x0000, 0x0000, 0x0000, 0x79e0, 0x0000, 0x000c, 0x28ea, 0xe301, 0xffed, 0x07df, 0x681f, 
  0xfb40, 0xffed, 0x07ff, 0x681f, 0xfb40, 0xffed, 0x07f6, 0x4895, 0x0000, 0x07ef, 0x0020, 0x0000, 0x0000, 0x0000, 0x0017, 0x3800, 
  0x0000, 0x0000, 0x2827, 0x1944, 0xaa42, 0xaf8c, 0x079f, 0x681f, 0xfb40, 0xffed, 0x07ff, 0x681f, 0xfb40, 0xffed, 0x07ff, 0x681f, 
  0xfb40, 0xffed, 0x07ff, 0x681f, 0xfb60, 0xffed, 0x07f9, 0x507a, 0x91e1, 0x3183, 0x3040, 0x0000, 0xfbe0, 0x03e0, 0x0000, 0x0000, 
  0x0000, 0x0000, 0x0000, 0x0000, 0x0000, 0x0000, 0x0000, 0x0000, 0x0000, 0x0000, 0x0000, 0x0000, 0x0000, 0x0000, 0x0000, 0x0000, 
  0x0000, 0x0000, 0x0000, 0x0000, 0x0000, 0x0000, 0x0000, 0x0000, 0x0000, 0x0000, 0x0000, 0x0000, 0x0000, 0x0000, 0x0000, 0x0000, 
  0x0000, 0x0000, 0x0000, 0x0000, 0x0000, 0x0000, 0x0000, 0x0000, 0x0000, 0x0000, 0x0000, 0x0000, 0x0000, 0x0000, 0x0000, 0x0000, 
  0x0000, 0x0000, 0x0000, 0x0000, 0x0000, 0x0000, 0x0000, 0x0000, 0x0000, 0x0000, 0x0000, 0x0000, 0x0000, 0x0000, 0x0000, 0x0000, 
  0x0000, 0x0000, 0x0000, 0x0000, 0x0000, 0x0000, 0x0000, 0x0000, 0x0000, 0x0000, 0x0000, 0x0000, 0x0000, 0x0000, 0x0000, 0x0000, 
  0x0000, 0x0000, 0x0000, 0x0000, 0x0000, 0x0000, 0x0000, 0x0000, 0x0000, 0x0000, 0x0000, 0x0000, 0x0000, 0x0000, 0x0000, 0x0000, 
  0x0000, 0x0000, 0x0000, 0x0000, 0x0000, 0x0000, 0x0000, 0x0000, 0x0000, 0x0285, 0x2899, 0x507f, 0xfb60, 0xffed, 0x07ff, 0x681f, 
  0xfb40, 0xffed, 0x07ff, 0x681f, 0xfb40, 0xff6c, 0x07d5, 0x4068, 0x0000, 0x04c6, 0x0020, 0x0000, 0x0000, 0x0000, 0x0000, 0x0000, 
  0x0000, 0x0000, 0x0000, 0x0000, 0x0000, 0x0000, 0x0000, 0x0000, 0x0000, 0x0000, 0x0000, 0x0000, 0x0000, 0x0000, 0x0000, 0x0000, 
  0x0000, 0x0000, 0x0000, 0x0000, 0x0000, 0x0000, 0x0000, 0x0000, 0x0000, 0x0000, 0x0000, 0x0000, 0x0000, 0x0000, 0x0000, 0x0000, 
  0x0000, 0x0000, 0x0000, 0x0000, 0x0000, 0x0000, 0x0000, 0x0000, 0x0000, 0x0000, 0x0000, 0x0000, 0x0000, 0x0000, 0x0000, 0x0000, 
  0x0000, 0x0000, 0x0000, 0x0000, 0x0000, 0x0000, 0x0000, 0x0000, 0x0000, 0x0000, 0x0000, 0x0000, 0x0000, 0x0000, 0x0000, 0x0000, 
  0x0000, 0x0000, 0x0000, 0x0000, 0xfbe0, 0x0000, 0x001f, 0x6817, 0xfb60, 0xffed, 0x07ff, 0x681f, 0xfb40, 0xffed, 0x07df, 0x681f, 
  0xe320, 0x4800, 0x001f, 0x7800, 0x0000, 0x0000, 0x0000, 0x0000, 0xfb40, 0xe7ed, 0x07ff, 0x681f, 0xfb40, 0xffed, 0x07ff, 0x681f, 
  0xf340, 0xfe6b, 0x0940, 0x0000, 0xfbe0, 0x0000, 0x0000, 0x0000, 0x0000, 0x04c6, 0x0020, 0x0000, 0x81c3, 0x7fcc, 0x07ff, 0x681f, 
  0xfb40, 0xffed, 0x07ff, 0x681f, 0xfb60, 0xff8c, 0x07f5, 0x4046, 0x0000, 0x05a9, 0x002f, 0x0000, 0x0000, 0x0000, 0x0000, 0x0000, 
  0x0000, 0x0000, 0x0000, 0x0000, 0x0000, 0x0000, 0x0000, 0x0000, 0xffe0, 0x0000, 0x7819, 0x5856, 0xfb60, 0xffed, 0x07ff, 0x681f, 
  0xfb40, 0xffed, 0x07ff, 0x681f, 0xfb60, 0xfe6a, 0x0fc7, 0x1948, 0x0000, 0x03e0, 0x0000, 0x0000, 0x0000, 0x0000, 0x0000, 0x0000, 
  0x0000, 0x054a, 0x0015, 0x5000, 0x0000, 0x04c8, 0x11b6, 0x487e, 0xfb60, 0xffed, 0x07ff, 0x681f, 0xfb40, 0xffed, 0x07ff, 0x681f, 
  0xfb40, 0xffed, 0x07ff, 0x681f, 0xfb40, 0xffed, 0x07df, 0x681f, 0xf320, 0xfe2a, 0x0d8a, 0x2128, 0x0000, 0x04c6, 0x0035, 0x5000, 
  0x0000, 0x0000, 0x0000, 0x0000, 0x0000, 0x0000, 0x0000, 0x0000, 0x0000, 0x0000, 0x0000, 0x0000, 0x0000, 0x0000, 0x0000, 0x0000, 
  0x0000, 0x0000, 0x0000, 0x0000, 0x0000, 0x0000, 0x0000, 0x0000, 0x0000, 0x0000, 0x0000, 0x0000, 0x0000, 0x0000, 0x0000, 0x0000, 
  0x0000, 0x0000, 0x0000, 0x0000, 0x0000, 0x0000, 0x0000, 0x0000, 0x0000, 0x0000, 0x0000, 0x0000, 0x0000, 0x0000, 0x0000, 0x0000, 
  0x0000, 0x0000, 0x0000, 0x0000, 0x0000, 0x0000, 0x0000, 0x0000, 0x0000, 0x0000, 0x0000, 0x0000, 0x0000, 0x0000, 0x0000, 0x0000, 
  0x0000, 0x0000, 0x0000, 0x0000, 0x0000, 0x0000, 0x0000, 0x0000, 0x0000, 0x0000, 0x0000, 0x0000, 0x0000, 0x0000, 0x0000, 0x0000, 
  0x0000, 0x0000, 0x0000, 0x0000, 0x0000, 0x0000, 0x0000, 0x0000, 0x0000, 0x0000, 0x0000, 0x0000, 0x0000, 0x0000, 0x0000, 0x0000, 
  0x0000, 0x0000, 0x0000, 0x0000, 0x0000, 0x0000, 0x0017, 0x3800, 0x0000, 0x0589, 0x14df, 0x681f, 0xfb40, 0xffed, 0x07ff, 0x681f, 
  0xfb40, 0xffed, 0x07ff, 0x681f, 0xfb60, 0xfe4a, 0x12e0, 0x0000, 0xb240, 0x0000, 0x0000, 0x0000, 0x0000, 0x0000, 0x0000, 0x0000, 
  0x0000, 0x0000, 0x0000, 0x0000, 0x0000, 0x0000, 0x0000, 0x0000, 0x0000, 0x0000, 0x0000, 0x0000, 0x0000, 0x0000, 0x0000, 0x0000, 
  0x0000, 0x0000, 0x0000, 0x0000, 0x0000, 0x0000, 0x0000, 0x0000, 0x0000, 0x0000, 0x0000, 0x0000, 0x0000, 0x0000, 0x0000, 0x0000, 
  0x0000, 0x0000, 0x0000, 0x0000, 0x0000, 0x0000, 0x0000, 0x0000, 0x0000, 0x0000, 0x0000, 0x0000, 0x0000, 0x0000, 0x0000, 0x0000, 
  0x0000, 0x0000, 0x0000, 0x0000, 0x0000, 0x0000, 0x0000, 0x0000, 0x0000, 0x0000, 0x0000, 0x0000, 0x0000, 0x0000, 0x0000, 0x0000, 
  0x0000, 0x0000, 0x0000, 0x0000, 0xfbe0, 0x0000, 0x001f, 0x6817, 0xfb60, 0xffed, 0x07ff, 0x681f, 0xfb40, 0xffed, 0x07df, 0x681f, 
  0xe320, 0x4800, 0x001f, 0x7800, 0x0000, 0x0000, 0x0000, 0x0000, 0xfb40, 0xe7ed, 0x07ff, 0x681f, 0xfb40, 0xffed, 0x07ff, 0x681f, 
  0xf340, 0xfe6b, 0x0940, 0x0000, 0xfbe0, 0x0000, 0x0000, 0x0000, 0x0000, 0x04c6, 0x0020, 0x0000, 0x81c3, 0x7fcc, 0x07ff, 0x681f, 
  0xfb40, 0xffed, 0x07ff, 0x681f, 0xfb60, 0xff8c, 0x07ef, 0x30eb, 0x0000, 0x07ef, 0x0000, 0x0000, 0x0000, 0x0000, 0x001f, 0x7800, 
  0xb9e0, 0x03ef, 0x7800, 0x0000, 0x0000, 0x0000, 0x001f, 0x7800, 0x0000, 0x0549, 0x11de, 0x603f, 0xfb40, 0xffed, 0x07ff, 0x681f, 
  0xfb40, 0xffed, 0x07ff, 0x681f, 0xfb60, 0xfe0a, 0x12e0, 0x0000, 0xfbe0, 0x0000, 0x0000, 0x0000, 0x0000, 0x0000, 0x0000, 0x0000, 
  0x0000, 0x0000, 0x000f, 0x39e0, 0xfb20, 0x05e7, 0x0020, 0x0241, 0xa222, 0x7eeb, 0x0eff, 0x681f, 0xfb60, 0xffed, 0x07df, 0x681f, 
  0xfb40, 0xffed, 0x07ff, 0x681f, 0xfb40, 0xffed, 0x07ff, 0x681f, 0xfb40, 0xffed, 0x07fb, 0x585e, 0xb261, 0x5b05, 0x20a0, 0x0000, 
  0xbbe0, 0x054a, 0x0000, 0x0000, 0x0000, 0x0000, 0x0000, 0x0000, 0x0000, 0x0000, 0x0000, 0x0000, 0x0000, 0x0000, 0x0000, 0x0000, 
  0x0000, 0x0000, 0x0000, 0x0000, 0x0000, 0x0000, 0x0000, 0x0000, 0x0000, 0x0000, 0x0000, 0x0000, 0x0000, 0x0000, 0x0000, 0x0000, 
  0x0000, 0x0000, 0x0000, 0x0000, 0x0000, 0x0000, 0x0000, 0x0000, 0x0000, 0x0000, 0x0000, 0x0000, 0x0000, 0x0000, 0x0000, 0x0000, 
  0x0000, 0x0000, 0x0000, 0x0000, 0x0000, 0x0000, 0x0000, 0x0000, 0x0000, 0x0000, 0x0000, 0x0000, 0x0000, 0x0000, 0x0000, 0x0000, 
  0x0000, 0x0000, 0x0000, 0x0000, 0x0000, 0x0000, 0x0000, 0x0000, 0x0000, 0x0000, 0x0000, 0x0000, 0x0000, 0x0000, 0x0000, 0x0000, 
  0x0000, 0x0000, 0x0000, 0x0000, 0x0000, 0x0000, 0x0000, 0x0000, 0x0000, 0x0000, 0x0000, 0x0000, 0x0000, 0x0000, 0x0000, 0x0000, 
  0x0000, 0x0000, 0x0000, 0x0000, 0x0000, 0x07ef, 0x0000, 0x0000, 0x91e2, 0x2f6c, 0x077f, 0x681f, 0xfb40, 0xffed, 0x07ff, 0x681f, 
  0xfb40, 0xffed, 0x07ff, 0x681f, 0xb241, 0xd000, 0x3880, 0x0000, 0x0000, 0x0000, 0x0000, 0x0000, 0x0000, 0x0000, 0x0000, 0x0000, 
  0x0000, 0x0000, 0x0000, 0x0000, 0x0000, 0x0000, 0x0000, 0x0000, 0x0000, 0x0000, 0x0000, 0x0000, 0x0000, 0x0000, 0x0000, 0x0000, 
  0x0000, 0x0000, 0x0000, 0x0000, 0x0000, 0x0000, 0x0000, 0x0000, 0x0000, 0x0000, 0x0000, 0x0000, 0x0000, 0x0000, 0x0000, 0x0000, 
  0x0000, 0x0000, 0x0000, 0x0000, 0x0000, 0x0000, 0x0000, 0x0000, 0x0000, 0x0000, 0x0000, 0x0000, 0x0000, 0x0000, 0x0000, 0x0000, 
  0x0000, 0x0000, 0x0000, 0x0000, 0x0000, 0x0000, 0x0000, 0x0000, 0x0000, 0x0000, 0x0000, 0x0000, 0x0000, 0x0000, 0x0000, 0x0000, 
  0x0000, 0x0000, 0x0000, 0x0000, 0xfbe0, 0x0000, 0x001f, 0x6817, 0xfb60, 0xffed, 0x07ff, 0x681f, 0xfb40, 0xffed, 0x07df, 0x681f, 
  0xe320, 0x4800, 0x001f, 0x7800, 0x0000, 0x0000, 0x0000, 0x0000, 0xfb40, 0xe7ed, 0x07ff, 0x681f, 0xfb40, 0xffed, 0x07ff, 0x681f, 
  0xf340, 0xfe6b, 0x0940, 0x0000, 0xfbe0, 0x0000, 0x0000, 0x0000, 0x0000, 0x04c6, 0x0020, 0x0000, 0x81c3, 0x7fcc, 0x07ff, 0x681f, 
  0xfb40, 0xffed, 0x07ff, 0x681f, 0xfb40, 0xffed, 0x07f9, 0x507d, 0xd2a1, 0x94c8, 0x154e, 0x30c8, 0x0000, 0x0120, 0x4820, 0x0000, 
  0x0000, 0x07e0, 0x0019, 0x3000, 0x780f, 0x03e0, 0x0000, 0x0000, 0x1886, 0x2e2a, 0x0f5f, 0x681f, 0xfb40, 0xffed, 0x07ff, 0x681f, 
  0xfb40, 0xffec, 0x07ff, 0x681f, 0xdae1, 0xd000, 0x2880, 0x0000, 0xf800, 0x0000, 0x0000, 0x0000, 0x0000, 0x0000, 0x0000, 0x0000, 
  0x0000, 0x0000, 0x0000, 0x0000, 0x0000, 0x07ef, 0x000f, 0x7800, 0x0000, 0x0325, 0x18d7, 0x484e, 0xeb00, 0xf7ee, 0x07ff, 0x681f, 
  0xfb40, 0xffed, 0x07ff, 0x681f, 0xfb40, 0xffed, 0x07ff, 0x681f, 0xfb40, 0xffed, 0x07ff, 0x681f, 0xfb60, 0xfeab, 0x0e8f, 0x38cd, 
  0x0000, 0x054a, 0x000f, 0x3800, 0x0000, 0x0000, 0x0000, 0x0000, 0x0000, 0x0000, 0x0000, 0x0000, 0x0000, 0x0000, 0x0000, 0x0000, 
  0x0000, 0x0000, 0x0000, 0x0000, 0x0000, 0x0000, 0x0000, 0x0000, 0x0000, 0x0000, 0x0000, 0x0000, 0x0000, 0x0000, 0x0000, 0x0000, 
  0x0000, 0x0000, 0x0000, 0x0000, 0x0000, 0x0000, 0x0000, 0x0000, 0x0000, 0x0000, 0x0000, 0x0000, 0x0000, 0x0000, 0x0000, 0x0000, 
  0x0000, 0x0000, 0x0000, 0x0000, 0x0000, 0x0000, 0x0000, 0x0000, 0x0000, 0x0000, 0x0000, 0x0000, 0x0000, 0x0000, 0x0000, 0x0000, 
  0x0000, 0x0000, 0x0000, 0x0000, 0x0000, 0x0000, 0x0000, 0x0000, 0x0000, 0x0000, 0x0000, 0x0000, 0x0000, 0x0000, 0x0000, 0x0000, 
  0x0000, 0x0000, 0x0000, 0x0000, 0x0000, 0x0000, 0x0000, 0x0000, 0x0000, 0x0000, 0x0000, 0x0000, 0x0000, 0x0000, 0x0000, 0x0000, 
  0x0000, 0x0000, 0x0000, 0x0000, 0x0000, 0x07ef, 0x0000, 0x0000, 0xdae1, 0x87ee, 0x07ff, 0x681f, 0xfb40, 0xffed, 0x07ff, 0x681f, 
  0xfb40, 0xffed, 0x07fa, 0x585f, 0x48e5, 0x1800, 0x001f, 0x0000, 0x0000, 0x0000, 0x0000, 0x0000, 0x0000, 0x0000, 0x0000, 0x0000, 
  0x0000, 0x0000, 0x0000, 0x0000, 0x0000, 0x0000, 0x0000, 0x0000, 0x0000, 0x0000, 0x0000, 0x0000, 0x0000, 0x0000, 0x0000, 0x0000, 
  0x0000, 0x0000, 0x0000, 0x0000, 0x0000, 0x0000, 0x0000, 0x0000, 0x0000, 0x0000, 0x0000, 0x0000, 0x0000, 0x0000, 0x0000, 0x0000, 
  0x0000, 0x0000, 0x0000, 0x0000, 0x0000, 0x0000, 0x0000, 0x0000, 0x0000, 0x0000, 0x0000, 0x0000, 0x0000, 0x0000, 0x0000, 0x0000, 
  0x0000, 0x0000, 0x0000, 0x0000, 0x0000, 0x0000, 0x0000, 0x0000, 0x0000, 0x0000, 0x0000, 0x0000, 0x0000, 0x0000, 0x0000, 0x0000, 
  0x0000, 0x0000, 0x0000, 0x0000, 0xfbe0, 0x0000, 0x001f, 0x6817, 0xfb60, 0xffed, 0x07ff, 0x681f, 0xfb40, 0xffed, 0x07df, 0x681f, 
  0xe320, 0x4800, 0x001f, 0x7800, 0x0000, 0x0000, 0x0000, 0x0000, 0xfb40, 0xe7ed, 0x07ff, 0x681f, 0xfb40, 0xffed, 0x07ff, 0x681f, 
  0xf340, 0xfe6b, 0x0940, 0x0000, 0xfbe0, 0x0000, 0x0000, 0x0000, 0x0000, 0x04c6, 0x0020, 0x0000, 0x81c3, 0x7fcc, 0x07ff, 0x681f, 
  0xfb40, 0xffed, 0x07ff, 0x681f, 0xfb40, 0xffed, 0x07ff, 0x681f, 0xfb60, 0xffed, 0x07fe, 0x681e, 0xe2e0, 0xf569, 0x173c, 0x582a, 
  0x81c3, 0x59e3, 0x2160, 0x0000, 0x7800, 0x07ef, 0x0000, 0x0000, 0xaa42, 0x87ed, 0x07ff, 0x681f, 0xfb40, 0xffed, 0x07ff, 0x681f, 
  0xfb40, 0xffed, 0x07fe, 0x603f, 0x79a3, 0x7000, 0x0015, 0x5000, 0x0000, 0x0000, 0x0000, 0x0000, 0x0000, 0x0000, 0x0000, 0x0000, 
  0x0000, 0x0000, 0x0000, 0x0000, 0x0000, 0x0000, 0x0000, 0x0000, 0x52a0, 0x03e5, 0x0020, 0x0000, 0x6984, 0x462a, 0x0e1f, 0x681f, 
  0xfb60, 0xffed, 0x07df, 0x681f, 0xfb40, 0xffed, 0x07ff, 0x681f, 0xfb40, 0xffed, 0x07ff, 0x681f, 0xfb40, 0xffed, 0x07de, 0x683f, 
  0xdae0, 0x9447, 0x1160, 0x0000, 0x7800, 0x0000, 0x0000, 0x0000, 0x0000, 0x0000, 0x0000, 0x0000, 0x0000, 0x0000, 0x0000, 0x0000, 
  0x0000, 0x0000, 0x0000, 0x0000, 0x0000, 0x0000, 0x0000, 0x0000, 0x0000, 0x0000, 0x0000, 0x0000, 0x0000, 0x0000, 0x0000, 0x0000, 
  0x0000, 0x0000, 0x0000, 0x0000, 0x0000, 0x0000, 0x0000, 0x0000, 0x0000, 0x0000, 0x0000, 0x0000, 0x0000, 0x0000, 0x0000, 0x0000, 
  0x0000, 0x0000, 0x0000, 0x0000, 0x0000, 0x0000, 0x0000, 0x0000, 0x0000, 0x0000, 0x0000, 0x0000, 0x0000, 0x0000, 0x0000, 0x0000, 
  0x0000, 0x0000, 0x0000, 0x0000, 0x0000, 0x0000, 0x0000, 0x0000, 0x0000, 0x0000, 0x0000, 0x0000, 0x0000, 0x0000, 0x0000, 0x0000, 
  0x0000, 0x0000, 0x0000, 0x0000, 0x0000, 0x0000, 0x0000, 0x0000, 0x0000, 0x0000, 0x0000, 0x0000, 0x0000, 0x0000, 0x0000, 0x0000, 
  0x0000, 0x0000, 0x0000, 0x0000, 0x0000, 0x0000, 0x000b, 0x2962, 0xeb00, 0xf7ed, 0x07ff, 0x681f, 0xfb40, 0xffed, 0x07ff, 0x681f, 
  0xfb40, 0xffcd, 0x07f2, 0x38b0, 0x0000, 0x07ea, 0x0000, 0x0000, 0x0000, 0x0000, 0x0000, 0x0000, 0x0000, 0x0000, 0x0000, 0x0000, 
  0x0000, 0x0000, 0x0000, 0x0000, 0x0000, 0x0000, 0x0000, 0x0000, 0x0000, 0x0000, 0x0000, 0x0000, 0x0000, 0x0000, 0x0000, 0x0000, 
  0x0000, 0x0000, 0x0000, 0x0000, 0x0000, 0x0000, 0x0000, 0x0000, 0x0000, 0x0000, 0x0000, 0x0000, 0x0000, 0x0000, 0x0000, 0x0000, 
  0x0000, 0x0000, 0x0000, 0x0000, 0x0000, 0x0000, 0x0000, 0x0000, 0x0000, 0x0000, 0x0000, 0x0000, 0x0000, 0x0000, 0x0000, 0x0000, 
  0x0000, 0x0000, 0x0000, 0x0000, 0x0000, 0x0000, 0x0000, 0x0000, 0x0000, 0x0000, 0x0000, 0x0000, 0x0000, 0x0000, 0x0000, 0x0000, 
  0x0000, 0x0000, 0x0000, 0x0000, 0xfbe0, 0x0000, 0x001f, 0x6817, 0xfb60, 0xffed, 0x07ff, 0x681f, 0xfb40, 0xffed, 0x07df, 0x681f, 
  0xe320, 0x4800, 0x001f, 0x7800, 0x0000, 0x0000, 0x0000, 0x0000, 0xfb40, 0xe7ed, 0x07ff, 0x681f, 0xfb40, 0xffed, 0x07ff, 0x681f, 
  0xf340, 0xfe6b, 0x0940, 0x0000, 0xfbe0, 0x0000, 0x0000, 0x0000, 0x0000, 0x04c6, 0x0020, 0x0000, 0x81c3, 0x7fcc, 0x07ff, 0x681f, 
  0xfb40, 0xffed, 0x07ff, 0x681f, 0xfb40, 0xffed, 0x07ff, 0x681f, 0xfb40, 0xffed, 0x07df, 0x681f, 0xfb40, 0xffed, 0x07ff, 0x681f, 
  0xf321, 0xfeeb, 0x0eb6, 0x4876, 0x79a3, 0x5800, 0x000a, 0x1943, 0xeb00, 0xefed, 0x07ff, 0x681f, 0xfb40, 0xffed, 0x07ff, 0x681f, 
  0xfb40, 0xffee, 0x07fa, 0x5851, 0x0000, 0x07ea, 0x0000, 0x0000, 0x0000, 0x0000, 0x0000, 0x0000, 0x0000, 0x0000, 0x0000, 0x0000, 
  0x0000, 0x0000, 0x0000, 0x0000, 0x0000, 0x0000, 0x0000, 0x0000, 0x0000, 0x0000, 0x0019, 0x6000, 0x0000, 0x0326, 0x1855, 0x4869, 
  0xe2e0, 0xd7ee, 0x07ff, 0x681f, 0xfb40, 0xffed, 0x07ff, 0x681f, 0xfb40, 0xffed, 0x07ff, 0x681f, 0xfb40, 0xffed, 0x07ff, 0x681f, 
  0xfb80, 0xff6c, 0x0732, 0x40b4, 0x4924, 0x1800, 0x0000, 0x0000, 0x0000, 0x0000, 0x0000, 0x0000, 0x0000, 0x0000, 0x0000, 0x0000, 
  0x0000, 0x0000, 0x0000, 0x0000, 0x0000, 0x0000, 0x0000, 0x0000, 0x0000, 0x0000, 0x0000, 0x0000, 0x0000, 0x0000, 0x0000, 0x0000, 
  0x0000, 0x0000, 0x0000, 0x0000, 0x0000, 0x0000, 0x0000, 0x0000, 0x0000, 0x0000, 0x0000, 0x0000, 0x0000, 0x0000, 0x0000, 0x0000, 
  0x0000, 0x0000, 0x0000, 0x0000, 0x0000, 0x0000, 0x0000, 0x0000, 0x0000, 0x0000, 0x0000, 0x0000, 0x0000, 0x0000, 0x0000, 0x0000, 
  0x0000, 0x0000, 0x0000, 0x0000, 0x0000, 0x0000, 0x0000, 0x0000, 0x0000, 0x0000, 0x0000, 0x0000, 0x0000, 0x0000, 0x0000, 0x0000, 
  0x0000, 0x0000, 0x0000, 0x0000, 0x0000, 0x0000, 0x0000, 0x0000, 0x0000, 0x0000, 0x0000, 0x0000, 0x0000, 0x0000, 0x0000, 0x0000, 
  0x0000, 0x0000, 0x0000, 0x0000, 0x9980, 0x0000, 0x0015, 0x4893, 0xfb60, 0xffed, 0x07df, 0x681f, 0xfb40, 0xffed, 0x07ff, 0x681f, 
  0xfb60, 0xff2b, 0x0de0, 0x0000, 0xfaa0, 0x0000, 0x0000, 0x0000, 0x0000, 0x0000, 0x0000, 0x0000, 0x0000, 0x0000, 0x0000, 0x0000, 
  0x0000, 0x0000, 0x0000, 0x0000, 0x0000, 0x0000, 0x0000, 0x0000, 0x0000, 0x0000, 0x0000, 0x0000, 0xb9e0, 0x07e7, 0x002f, 0x3800, 
  0x79e0, 0x03e0, 0x7800, 0x0000, 0x0000, 0x0000, 0x0000, 0x0000, 0x0000, 0x0000, 0x0000, 0x0000, 0x0000, 0x0000, 0x0000, 0x0000, 
  0x0000, 0x0000, 0x0000, 0x0000, 0x0000, 0x0000, 0x0000, 0x0000, 0x0000, 0x0000, 0x0000, 0x0000, 0x0000, 0x0000, 0x0000, 0x0000, 
  0x0000, 0x0000, 0x0000, 0x0000, 0x0000, 0x0000, 0x0000, 0x0000, 0x0000, 0x0000, 0x0000, 0x0000, 0x0000, 0x0000, 0x0000, 0x0000, 
  0x0000, 0x0000, 0x0000, 0x0000, 0xfbe0, 0x0000, 0x001f, 0x6817, 0xfb60, 0xffed, 0x07ff, 0x681f, 0xfb40, 0xffed, 0x07df, 0x681f, 
  0xe320, 0x4800, 0x001f, 0x7800, 0x0000, 0x0000, 0x0000, 0x0000, 0xfb40, 0xe7ed, 0x07ff, 0x681f, 0xfb40, 0xffed, 0x07ff, 0x681f, 
  0xf340, 0xfe6b, 0x0940, 0x0000, 0xfbe0, 0x0000, 0x0000, 0x0000, 0x0000, 0x04c6, 0x0020, 0x0000, 0x81c3, 0x7fcc, 0x07ff, 0x681f, 
  0xfb40, 0xffed, 0x07ff, 0x681f, 0xfb40, 0xffed, 0x07ff, 0x681f, 0xfb40, 0xffed, 0x07ff, 0x681f, 0xfb40, 0xffed, 0x07ff, 0x681f, 
  0xfb40, 0xffed, 0x07ff, 0x681f, 0xfb20, 0xfe4a, 0x0fd9, 0x505f, 0xfb60, 0xffed, 0x07ff, 0x681f, 0xfb40, 0xffed, 0x07ff, 0x681f, 
  0xfb60, 0xfecb, 0x0f8c, 0x28e6, 0x0000, 0x03ef, 0x0000, 0x0000, 0x0000, 0x0000, 0x0000, 0x0000, 0x0000, 0x0000, 0x0000, 0x0000, 
  0x0000, 0x0000, 0x0000, 0x0000, 0x0000, 0x0000, 0x0000, 0x0000, 0x0000, 0x0000, 0x0000, 0x0000, 0x7800, 0x0666, 0x0020, 0x0000, 
  0x4104, 0x1d08, 0x14dc, 0x603e, 0xfb60, 0xffed, 0x07ff, 0x681f, 0xfb40, 0xffed, 0x07ff, 0x681f, 0xfb40, 0xffed, 0x07ff, 0x681f, 
  0xfb20, 0xffed, 0x07de, 0x603f, 0x6983, 0x5800, 0x000a, 0x5000, 0x0000, 0x0000, 0x0000, 0x0000, 0x0000, 0x0000, 0x0000, 0x0000, 
  0x0000, 0x0000, 0x0000, 0x0000, 0x0000, 0x0000, 0x0000, 0x0000, 0x0000, 0x0000, 0x0000, 0x0000, 0x0000, 0x0000, 0x0000, 0x0000, 
  0x0000, 0x0000, 0x0000, 0x0000, 0x0000, 0x0000, 0x0000, 0x0000, 0x0000, 0x0000, 0x0000, 0x0000, 0x0000, 0x0000, 0x0000, 0x0000, 
  0x0000, 0x0000, 0x0000, 0x0000, 0x0000, 0x0000, 0x0000, 0x0000, 0x0000, 0x0000, 0x0000, 0x0000, 0x0000, 0x0000, 0x0000, 0x0000, 
  0x0000, 0x0000, 0x0000, 0x0000, 0x0000, 0x0000, 0x0000, 0x0000, 0x0000, 0x0000, 0x0000, 0x0000, 0x0000, 0x0000, 0x0000, 0x0000, 
  0x0000, 0x0000, 0x0000, 0x0000, 0x0000, 0x0000, 0x0000, 0x0000, 0x0000, 0x0000, 0x0000, 0x0000, 0x0000, 0x0000, 0x0000, 0x0000, 
  0x0000, 0x0000, 0x000f, 0x0000, 0x0000, 0x0182, 0x2978, 0x505e, 0xfb60, 0xffcd, 0x07ff, 0x681f, 0xfb40, 0xffed, 0x07ff, 0x681f, 
  0xfb60, 0xfe4a, 0x0a00, 0x0000, 0xfbe0, 0x0000, 0x0000, 0x0000, 0x0000, 0x0000, 0x0000, 0x0000, 0x0000, 0x0000, 0x0000, 0x0000, 
  0x0000, 0x0000, 0x0000, 0x0000, 0x0000, 0x0000, 0x0000, 0x0000, 0x0000, 0x0000, 0x0000, 0x0000, 0x0000, 0x0000, 0x0000, 0x0000, 
  0x0000, 0x07ef, 0x001f, 0x7800, 0xfbe0, 0x054a, 0x0000, 0x0000, 0x0000, 0x0000, 0x0000, 0x0000, 0x0000, 0x0000, 0x0000, 0x0000, 
  0x0000, 0x0000, 0x0000, 0x0000, 0x0000, 0x0000, 0x0000, 0x0000, 0x0000, 0x0000, 0x0000, 0x0000, 0x0000, 0x0000, 0x0000, 0x0000, 
  0x0000, 0x0000, 0x0000, 0x0000, 0x0000, 0x0000, 0x0000, 0x0000, 0x0000, 0x0000, 0x0000, 0x0000, 0x0000, 0x0000, 0x0000, 0x0000, 
  0x0000, 0x0000, 0x0000, 0x0000, 0xfd40, 0x0000, 0x001f, 0x6818, 0xfb60, 0xffed, 0x07ff, 0x681f, 0xfb40, 0xffed, 0x07df, 0x681f, 
  0xe320, 0x4800, 0x001f, 0x7800, 0x0000, 0x0000, 0x0000, 0x0000, 0xfb40, 0xe7ed, 0x07ff, 0x681f, 0xfb40, 0xffed, 0x07ff, 0x681f, 
  0xf340, 0xfe6b, 0x0940, 0x0000, 0xfbe0, 0x0000, 0x0000, 0x0000, 0x0000, 0x04c6, 0x0020, 0x0000, 0x81c2, 0x7fac, 0x07ff, 0x681e, 
  0xfb40, 0xffed, 0x07df, 0x681f, 0xfb40, 0xffed, 0x07ff, 0x681f, 0xfb40, 0xffed, 0x07ff, 0x681f, 0xfb40, 0xffed, 0x07ff, 0x681f, 
  0xfb40, 0xffed, 0x07ff, 0x681f, 0xfb40, 0xffed, 0x07ff, 0x681f, 0xfb40, 0xffed, 0x07ff, 0x681f, 0xfb40, 0xffed, 0x07ff, 0x681f, 
  0xfb60, 0xfca8, 0x1520, 0x0000, 0xb9e0, 0x0000, 0x0000, 0x0000, 0x0000, 0x0000, 0x0000, 0x0000, 0x0000, 0x0000, 0x0000, 0x0000, 
  0x0000, 0x0000, 0x0000, 0x0000, 0x0000, 0x0000, 0x0000, 0x0000, 0x0000, 0x0000, 0x0000, 0x0000, 0x0000, 0x0000, 0x001f, 0x7800, 
  0xffe0, 0x0000, 0x000e, 0x28c4, 0xdac0, 0x9fed, 0x07ff, 0x681f, 0xfb40, 0xffed, 0x07ff, 0x681f, 0xfb40, 0xffed, 0x07ff, 0x681f, 
  0xfb40, 0xffed, 0x07f6, 0x487a, 0x001f, 0x0000, 0x0000, 0x0000, 0x0000, 0x0000, 0x0000, 0x0000, 0x0000, 0x0000, 0x0000, 0x0000, 
  0x0000, 0x0000, 0x0000, 0x0000, 0x0000, 0x0000, 0x0000, 0x0000, 0x0000, 0x0000, 0x0000, 0x0000, 0x0000, 0x0000, 0x0000, 0x0000, 
  0x0000, 0x0000, 0x0000, 0x0000, 0x0000, 0x0000, 0x0000, 0x0000, 0x0000, 0x0000, 0x0000, 0x0000, 0x0000, 0x0000, 0x0000, 0x0000, 
  0x0000, 0x0000, 0x0000, 0x0000, 0x0000, 0x0000, 0x0000, 0x0000, 0x0000, 0x0000, 0x0000, 0x0000, 0x0000, 0x0000, 0x0000, 0x0000, 
  0x0000, 0x0000, 0x0000, 0x0000, 0x0000, 0x0000, 0x0000, 0x0000, 0x0000, 0x0000, 0x0000, 0x0000, 0x0000, 0x0000, 0x0000, 0x0000, 
  0x0000, 0x0000, 0x0000, 0x0000, 0x0000, 0x0000, 0x0000, 0x0000, 0x0000, 0x0000, 0x0000, 0x0000, 0x0000, 0x0000, 0x0000, 0x0000, 
  0x0000, 0x0000, 0x001f, 0x5000, 0x0000, 0x0589, 0x11fe, 0x683f, 0xfb40, 0xffed, 0x07ff, 0x681f, 0xfb40, 0xffed, 0x07ff, 0x681f, 
  0xdae0, 0xb800, 0x7820, 0x0000, 0x0000, 0x0000, 0x0000, 0x0000, 0x0000, 0x0000, 0x0000, 0x0000, 0x0000, 0x0000, 0x0000, 0x0000, 
  0x0000, 0x0000, 0x0000, 0x0000, 0x0000, 0x0000, 0x0000, 0x0000, 0x0000, 0x0000, 0x0004, 0x2120, 0xb241, 0x7e6a, 0x0bf3, 0x40af, 
  0x7183, 0x8284, 0x21c0, 0x0000, 0x7800, 0x0000, 0x0000, 0x0000, 0x0000, 0x0000, 0x0000, 0x0000, 0x0000, 0x0000, 0x0000, 0x0000, 
  0x0000, 0x0000, 0x0000, 0x0000, 0x0000, 0x0000, 0x0000, 0x0000, 0x0000, 0x0000, 0x0000, 0x0000, 0x0000, 0x0000, 0x0000, 0x0000, 
  0x0000, 0x0000, 0x0000, 0x0000, 0x0000, 0x0000, 0x0000, 0x0000, 0x0000, 0x0000, 0x0000, 0x0000, 0x0000, 0x0000, 0x0000, 0x0000, 
  0x0000, 0x0000, 0x0000, 0x0000, 0xfbe0, 0x0000, 0x001f, 0x6817, 0xfb60, 0xffed, 0x07ff, 0x681f, 0xfb40, 0xffed, 0x07df, 0x681f, 
  0xe320, 0x4800, 0x001f, 0x7800, 0x0000, 0x0000, 0x0000, 0x0000, 0xfb40, 0xe7ed, 0x07ff, 0x681f, 0xfb40, 0xffed, 0x07ff, 0x681f, 
  0xf340, 0xfe6b, 0x0940, 0x0000, 0xfbe0, 0x0000, 0x0000, 0x0000, 0x0000, 0x04c6, 0x0020, 0x0000, 0x81c3, 0x7fcd, 0x07ff, 0x701f, 
  0xfb60, 0xffed, 0x07ff, 0x681f, 0xfb40, 0xffed, 0x07df, 0x681f, 0xfb40, 0xffed, 0x07ff, 0x681f, 0xfb40, 0xffed, 0x07ff, 0x681f, 
  0xfb40, 0xffed, 0x07ff, 0x681f, 0xfb40, 0xffed, 0x07ff, 0x681f, 0xfb40, 0xffed, 0x07ff, 0x681f, 0xfb40, 0xffed, 0x07ff, 0x701f, 
  0xeb00, 0xb800, 0x303f, 0xf800, 0x0000, 0x0000, 0x0000, 0x0000, 0x0000, 0x0000, 0x0000, 0x0000, 0x0000, 0x0000, 0x0000, 0x0000, 
  0x0000, 0x0000, 0x0000, 0x0000, 0x0000, 0x0000, 0x0000, 0x0000, 0x0000, 0x0000, 0x0000, 0x0000, 0x0000, 0x0000, 0x0000, 0x0000, 
  0x0000, 0x05e7, 0x003f, 0xf800, 0x0000, 0x03a6, 0x1d1b, 0x585f, 0xfb60, 0xffed, 0x07ff, 0x681f, 0xfb40, 0xffed, 0x07ff, 0x681f, 
  0xfb60, 0xff4c, 0x0fef, 0x38e9, 0x0000, 0x03e7, 0x0020, 0x0000, 0x0000, 0x0000, 0x0000, 0x0000, 0x0000, 0x0000, 0x0000, 0x0000, 
  0x0000, 0x0000, 0x0000, 0x0000, 0x0000, 0x0000, 0x0000, 0x0000, 0x0000, 0x0000, 0x0000, 0x0000, 0x0000, 0x0000, 0x0000, 0x0000, 
  0x0000, 0x0000, 0x0000, 0x0000, 0x0000, 0x0000, 0x0000, 0x0000, 0x0000, 0x0000, 0x0000, 0x0000, 0x0000, 0x0000, 0x0000, 0x0000, 
  0x0000, 0x0000, 0x0000, 0x0000, 0x0000, 0x0000, 0x0000, 0x0000, 0x0000, 0x0000, 0x0000, 0x0000, 0x0000, 0x0000, 0x0000, 0x0000, 
  0x0000, 0x0000, 0x0000, 0x0000, 0x0000, 0x0000, 0x0000, 0x0000, 0x0000, 0x0000, 0x0000, 0x0000, 0x0000, 0x0000, 0x0000, 0x0000, 
  0x0000, 0x0000, 0x0000, 0x0000, 0x0000, 0x0000, 0x0000, 0x0000, 0x0000, 0x0000, 0x0000, 0x0000, 0x0000, 0x0000, 0x0000, 0x0000, 
  0x0000, 0x0000, 0x0000, 0x0000, 0x0000, 0x0487, 0x163f, 0x681f, 0xfb40, 0xffed, 0x07ff, 0x681f, 0xfb40, 0xffed, 0x07df, 0x683f, 
  0xb262, 0x7000, 0x0013, 0x3000, 0x0000, 0x0000, 0x0000, 0x0000, 0x0000, 0x0000, 0x0000, 0x0000, 0x0000, 0x0000, 0x0000, 0x0000, 
  0x0000, 0x0000, 0x0000, 0x0000, 0x0000, 0x0000, 0x0000, 0x0000, 0xf800, 0x0000, 0x000b, 0x2121, 0xd2e1, 0xf7ee, 0x07ff, 0x683f, 
  0xf320, 0xff0c, 0x0f5b, 0x583a, 0xba61, 0xe407, 0x1ca0, 0x0000, 0x79e0, 0x0000, 0x0000, 0x0000, 0x0000, 0x0000, 0x0000, 0x0000, 
  0x0000, 0x0000, 0x0000, 0x0000, 0x0000, 0x0000, 0x0000, 0x0000, 0x0000, 0x0000, 0x0000, 0x0000, 0x0000, 0x0000, 0x0000, 0x0000, 
  0x0000, 0x0000, 0x0000, 0x0000, 0x0000, 0x0000, 0x0000, 0x0000, 0x0000, 0x0000, 0x0000, 0x0000, 0x0000, 0x0000, 0x0000, 0x0000, 
  0x0000, 0x0000, 0x0000, 0x0000, 0x0000, 0x0000, 0xb83e, 0x6019, 0xfb60, 0xffed, 0x07ff, 0x681f, 0xfb40, 0xffed, 0x07df, 0x681f, 
  0xe320, 0x4800, 0x001f, 0x7800, 0x0000, 0x0000, 0x0000, 0x0000, 0xfb40, 0xe7ed, 0x07ff, 0x681f, 0xfb40, 0xffed, 0x07ff, 0x681f, 
  0xf340, 0xfe6b, 0x0940, 0x0000, 0xfbe0, 0x0000, 0x0000, 0x0000, 0x0000, 0x0000, 0x0000, 0x0000, 0x7184, 0x0ca8, 0x15d5, 0x489a, 
  0xdac0, 0xcfac, 0x069e, 0x603f, 0xfb60, 0xffee, 0x07ff, 0x681f, 0xfb40, 0xffed, 0x07ff, 0x681f, 0xfb40, 0xffed, 0x07ff, 0x681f, 
  0xfb40, 0xffed, 0x07ff, 0x681f, 0xfb40, 0xffed, 0x07ff, 0x681f, 0xfb40, 0xffed, 0x07ff, 0x681f, 0xfb40, 0xffed, 0x07de, 0x681f, 
  0xa222, 0x5800, 0x0017, 0x3800, 0x0000, 0x0000, 0x0000, 0x0000, 0x0000, 0x0000, 0x0000, 0x0000, 0x0000, 0x0000, 0x0000, 0x0000, 
  0x0000, 0x0000, 0x0000, 0x0000, 0x0000, 0x0000, 0x0000, 0x0000, 0x0000, 0x0000, 0x0000, 0x0000, 0x0000, 0x0000, 0x0000, 0x0000, 
  0x0000, 0x0000, 0x000f, 0x3801, 0x0000, 0x0305, 0x227a, 0x587f, 0xfb60, 0xffed, 0x07ff, 0x681f, 0xfb40, 0xffed, 0x07ff, 0x601f, 
  0xfb60, 0xfd89, 0x14e0, 0x0000, 0x0000, 0x0000, 0x0000, 0x0000, 0x0000, 0x0000, 0x0000, 0x0000, 0x0000, 0x0000, 0x0000, 0x0000, 
  0x0000, 0x0000, 0x0000, 0x0000, 0x0000, 0x0000, 0x0000, 0x0000, 0x0000, 0x0000, 0x0000, 0x0000, 0x0000, 0x0000, 0x0000, 0x0000, 
  0x0000, 0x0000, 0x0000, 0x0000, 0x0000, 0x0000, 0x0000, 0x0000, 0x0000, 0x0000, 0x0000, 0x0000, 0x0000, 0x0000, 0x0000, 0x0000, 
  0x0000, 0x0000, 0x0000, 0x0000, 0x0000, 0x0000, 0x0000, 0x0000, 0x0000, 0x0000, 0x0000, 0x0000, 0x0000, 0x0000, 0x0000, 0x0000, 
  0x0000, 0x0000, 0x0000, 0x0000, 0x0000, 0x0000, 0x0000, 0x0000, 0x0000, 0x0000, 0x0000, 0x0000, 0x0000, 0x0000, 0x0000, 0x0000, 
  0x0000, 0x0000, 0x0000, 0x0000, 0x0000, 0x0000, 0x0000, 0x0000, 0x0000, 0x0000, 0x0000, 0x0000, 0x0000, 0x0000, 0x0000, 0x0000, 
  0x0000, 0x0000, 0x0000, 0x0000, 0x0000, 0x068b, 0x0f1f, 0x681f, 0xfb40, 0xffed, 0x07ff, 0x681f, 0xfb40, 0xffed, 0x07fb, 0x583d, 
  0x28a5, 0x2800, 0x000f, 0x0000, 0x0000, 0x0000, 0x0000, 0x0000, 0x0000, 0x0000, 0x0000, 0x0000, 0x0000, 0x0000, 0x0000, 0x0000, 
  0x0000, 0x0000, 0x0000, 0x0000, 0x0000, 0x0000, 0x0000, 0x0000, 0x0000, 0x0000, 0x000b, 0x3121, 0xd2c1, 0xf7ed, 0x07ff, 0x681f, 
  0xfb40, 0xffed, 0x07ff, 0x681f, 0xfba0, 0xfd89, 0x1580, 0x0000, 0xb9e0, 0x0000, 0x0000, 0x0000, 0x0000, 0x0000, 0x0000, 0x0000, 
  0x0000, 0x0000, 0x0000, 0x0000, 0x0000, 0x0000, 0x0000, 0x0000, 0x0000, 0x0000, 0x0000, 0x0000, 0x0000, 0x0000, 0x0000, 0x0000, 
  0x0000, 0x0000, 0x0000, 0x0000, 0x0000, 0x0000, 0x0000, 0x0000, 0x0000, 0x0000, 0x0000, 0x0000, 0x0000, 0x0000, 0x0000, 0x0000, 
  0x0000, 0x0000, 0x000c, 0x3180, 0x0000, 0x0244, 0x2afc, 0x587f, 0xfb60, 0xffed, 0x07ff, 0x681f, 0xfb40, 0xffed, 0x07df, 0x681f, 
  0xe320, 0x4800, 0x001f, 0x7800, 0x0000, 0x0000, 0x0000, 0x0000, 0xfb40, 0xe7ed, 0x07ff, 0x681f, 0xfb40, 0xffed, 0x07ff, 0x681f, 
  0xf340, 0xfe6b, 0x0940, 0x0000, 0xfbe0, 0x0000, 0x0000, 0x0000, 0x0000, 0x0000, 0x0000, 0x0000, 0x0000, 0x0000, 0x0000, 0x0000, 
  0x0000, 0x0186, 0x302d, 0x30ed, 0xba61, 0x6f6c, 0x0337, 0x485c, 0xdae0, 0xffcd, 0x07ff, 0x701f, 0xfb60, 0xffed, 0x07ff, 0x681f, 
  0xfb40, 0xffed, 0x07ff, 0x681f, 0xfb40, 0xffed, 0x07ff, 0x681f, 0xfb40, 0xffed, 0x07ff, 0x681f, 0xfb20, 0xffee, 0x07f5, 0x4899, 
  0x0000, 0x07ea, 0x0000, 0x0000, 0x0000, 0x0000, 0x0000, 0x0000, 0x0000, 0x0000, 0x0000, 0x0000, 0x0000, 0x0000, 0x0000, 0x0000, 
  0x0000, 0x0000, 0x0000, 0x0000, 0x0000, 0x0000, 0x0000, 0x0000, 0x0000, 0x0000, 0x0000, 0x0000, 0x0000, 0x0000, 0x0000, 0x0000, 
  0x0000, 0x0000, 0x001f, 0x7800, 0x0000, 0x068b, 0x0d7f, 0x681f, 0xfb40, 0xffed, 0x07ff, 0x681f, 0xfb40, 0xffed, 0x07ff, 0x681f, 
  0xd2c1, 0xf2e3, 0x1880, 0x0000, 0xf800, 0x0000, 0x0000, 0x0000, 0x0000, 0x0000, 0x0000, 0x0000, 0x0000, 0x0000, 0x0000, 0x0000, 
  0x0000, 0x0000, 0x0000, 0x0000, 0x0000, 0x0000, 0x0000, 0x0000, 0x0000, 0x0000, 0x0000, 0x0000, 0x0000, 0x0000, 0x0000, 0x0000, 
  0x0000, 0x0000, 0x0000, 0x0000, 0x0000, 0x0000, 0x0000, 0x0000, 0x0000, 0x0000, 0x0000, 0x0000, 0x0000, 0x0000, 0x0000, 0x0000, 
  0x0000, 0x0000, 0x0000, 0x0000, 0x0000, 0x0000, 0x0000, 0x0000, 0x0000, 0x0000, 0x0000, 0x0000, 0x0000, 0x0000, 0x0000, 0x0000, 
  0x0000, 0x0000, 0x0000, 0x0000, 0x0000, 0x0000, 0x0000, 0x0000, 0x0000, 0x0000, 0x0000, 0x0000, 0x0000, 0x0000, 0x0000, 0x0000, 
  0x0000, 0x0000, 0x0000, 0x0000, 0x0000, 0x0000, 0x0000, 0x0000, 0x0000, 0x0000, 0x0000, 0x0000, 0x0000, 0x0000, 0x0000, 0x0000, 
  0x0000, 0x0000, 0x0000, 0x0000, 0x38c5, 0x1f6c, 0x075f, 0x681f, 0xfb40, 0xffed, 0x07ff, 0x681f, 0xfb40, 0xffed, 0x07f7, 0x5099, 
  0x0000, 0x07ea, 0x0000, 0x0000, 0x0000, 0x0000, 0x0000, 0x0000, 0x0000, 0x0000, 0x0000, 0x0000, 0x0000, 0x0000, 0x0000, 0x0000, 
  0x0000, 0x0000, 0x0000, 0x0000, 0x0000, 0x0000, 0x0000, 0x0000, 0xf800, 0x0000, 0x000d, 0x3121, 0xd2e1, 0xf7ed, 0x07ff, 0x681f, 
  0xfb40, 0xffed, 0x07ff, 0x681e, 0xfb60, 0xfc88, 0x1560, 0x0000, 0xb9e0, 0x0000, 0x0000, 0x0000, 0x0000, 0x0000, 0x0000, 0x0000, 
  0x0000, 0x0000, 0x0000, 0x0000, 0x0000, 0x0000, 0x0000, 0x0000, 0x0000, 0x0000, 0x0000, 0x0000, 0x0000, 0x0000, 0x0000, 0x0000, 
  0x0000, 0x0000, 0x0000, 0x0000, 0x0000, 0x0000, 0x0000, 0x0000, 0x0000, 0x0000, 0x0000, 0x0000, 0x0000, 0x0000, 0x0000, 0x0000, 
  0x0000, 0x0000, 0x000f, 0x39e0, 0x0000, 0x0224, 0x22fc, 0x585f, 0xfb60, 0xffed, 0x07ff, 0x681f, 0xfb40, 0xffed, 0x07df, 0x681f, 
  0xe320, 0x4800, 0x001f, 0x7800, 0x0000, 0x0000, 0x0000, 0x0000, 0xfb40, 0xe7ed, 0x07ff, 0x681f, 0xfb40, 0xffed, 0x07ff, 0x681f, 
  0xf340, 0xfe6b, 0x0940, 0x0000, 0xfbe0, 0x0000, 0x0000, 0x0000, 0x0000, 0x0000, 0x0000, 0x0000, 0x7800, 0x07ef, 0x003f, 0x7800, 
  0xfbe0, 0x07ef, 0x0020, 0x0000, 0x0000, 0x0000, 0x0006, 0x10e3, 0xb1e1, 0x14a8, 0x1213, 0x4099, 0xe2e0, 0xbf2c, 0x075f, 0x683f, 
  0xfb60, 0xffed, 0x07ff, 0x681f, 0xfb40, 0xffed, 0x07ff, 0x681f, 0xfb40, 0xffed, 0x07ff, 0x681f, 0xfb60, 0xff2b, 0x074d, 0x3105, 
  0x0000, 0x07e0, 0x0000, 0x0000, 0x0000, 0x0000, 0x0000, 0x0000, 0x0000, 0x0000, 0x0000, 0x0000, 0x0000, 0x0000, 0x0000, 0x0000, 
  0x0000, 0x0000, 0x0000, 0x0000, 0x0000, 0x0000, 0x0000, 0x0000, 0x0000, 0x0000, 0x0000, 0x0000, 0x0000, 0x0000, 0x0000, 0x0000, 
  0x0000, 0x04c6, 0x0020, 0x0000, 0x81c3, 0x8fed, 0x07ff, 0x681f, 0xfb40, 0xffed, 0x07ff, 0x681f, 0xfb40, 0xffed, 0x07df, 0x683f, 
  0xa222, 0x7000, 0x0019, 0x6180, 0x0000, 0x0000, 0x0000, 0x0000, 0x0000, 0x0000, 0x0000, 0x0000, 0x0000, 0x0000, 0x0000, 0x0000, 
  0x0000, 0x0000, 0x0000, 0x0000, 0x0000, 0x0000, 0x0000, 0x0000, 0x0000, 0x0000, 0x0000, 0x0000, 0x0000, 0x0000, 0x0000, 0x0000, 
  0x0000, 0x0000, 0x0000, 0x0000, 0x0000, 0x0000, 0x0000, 0x0000, 0x0000, 0x0000, 0x0000, 0x0000, 0x0000, 0x0000, 0x0000, 0x0000, 
  0x0000, 0x0000, 0x0000, 0x0000, 0x0000, 0x0000, 0x0000, 0x0000, 0x0000, 0x0000, 0x0000, 0x0000, 0x0000, 0x0000, 0x0000, 0x0000, 
  0x0000, 0x0000, 0x0000, 0x0000, 0x0000, 0x0000, 0x0000, 0x0000, 0x0000, 0x0000, 0x0000, 0x0000, 0x0000, 0x0000, 0x0000, 0x0000, 
  0x0000, 0x0000, 0x0000, 0x0000, 0x0000, 0x0000, 0x0000, 0x0000, 0x0000, 0x0000, 0x0000, 0x0000, 0x0000, 0x0000, 0x0000, 0x0000, 
  0x0000, 0x04c6, 0x3020, 0x0000, 0x91e3, 0x8fed, 0x07ff, 0x681f, 0xfb40, 0xffed, 0x07ff, 0x681f, 0xfb40, 0xffcd, 0x07f3, 0x408d, 
  0x0000, 0x07ef, 0x0000, 0x0000, 0x0000, 0x0000, 0x0000, 0x0000, 0x0000, 0x0000, 0x0000, 0x0000, 0x0000, 0x0000, 0x0000, 0x0000, 
  0x0000, 0x0000, 0x0000, 0x0000, 0x0000, 0x0000, 0x0000, 0x0000, 0xf800, 0x0000, 0x000d, 0x3121, 0xd2e1, 0xf7ed, 0x07ff, 0x681f, 
  0xfb40, 0xffed, 0x07ff, 0x681f, 0xfb60, 0xfcc8, 0x1580, 0x0000, 0xb9e0, 0x0000, 0x0000, 0x0000, 0x0000, 0x0000, 0x0000, 0x0000, 
  0x0000, 0x0000, 0x0000, 0x0000, 0x0000, 0x0000, 0x0000, 0x0000, 0x0000, 0x0000, 0x0000, 0x0000, 0x0000, 0x0000, 0x0000, 0x0000, 
  0x0000, 0x0000, 0x0000, 0x0000, 0x0000, 0x0000, 0x0000, 0x0000, 0x0000, 0x0000, 0x0000, 0x0000, 0x0000, 0x0000, 0x0000, 0x0000, 
  0x0000, 0x0000, 0x000c, 0x3180, 0x0000, 0x0244, 0x2afc, 0x585f, 0xfb60, 0xffed, 0x07ff, 0x681f, 0xfb40, 0xffed, 0x07df, 0x681f, 
  0xe320, 0x4800, 0x001f, 0x7800, 0x0000, 0x0000, 0x0000, 0x0000, 0xfb40, 0xe7ed, 0x07ff, 0x681f, 0xfb40, 0xffed, 0x07ff, 0x681f, 
  0xf340, 0xfe6b, 0x0940, 0x0000, 0xfbe0, 0x0000, 0x0000, 0x0000, 0x0000, 0x0000, 0x0000, 0x0000, 0x0000, 0x0000, 0x0000, 0x0000, 
  0x0000, 0x0000, 0x000f, 0x3800, 0xb9e0, 0x07ef, 0x003f, 0x0000, 0x0000, 0x0000, 0x000f, 0x0000, 0x0000, 0x02c5, 0x21f2, 0x40ab, 
  0xcaa0, 0x6dea, 0x0fdd, 0x601f, 0xfb60, 0xffee, 0x07ff, 0x681f, 0xfb40, 0xffed, 0x07ff, 0x681f, 0xfb60, 0xfda9, 0x0c00, 0x0000, 
  0xcb20, 0x0000, 0x0000, 0x0000, 0x0000, 0x0000, 0x0000, 0x0000, 0x0000, 0x0000, 0x0000, 0x0000, 0x0000, 0x0000, 0x0000, 0x0000, 
  0x0000, 0x0000, 0x0000, 0x0000, 0x0000, 0x0000, 0x0000, 0x0000, 0x0000, 0x0000, 0x0000, 0x0000, 0x0000, 0x0000, 0x0000, 0x0000, 
  0x7800, 0x0000, 0x0008, 0x2143, 0xdae0, 0xe7ed, 0x07ff, 0x681f, 0xfb40, 0xffed, 0x07ff, 0x681f, 0xfb40, 0xffed, 0x07f6, 0x487b, 
  0x0007, 0x1800, 0x0000, 0x0000, 0x0000, 0x0000, 0x0000, 0x0000, 0x0000, 0x0000, 0x0000, 0x0000, 0x0000, 0x0000, 0x0000, 0x0000, 
  0x0000, 0x0000, 0x0000, 0x0000, 0x0000, 0x0000, 0x0000, 0x0000, 0x0000, 0x0000, 0x0000, 0x0000, 0x0000, 0x0000, 0x0000, 0x0000, 
  0x0000, 0x0000, 0x0000, 0x0000, 0x0000, 0x0000, 0x0000, 0x0000, 0x0000, 0x0000, 0x0000, 0x0000, 0x0000, 0x0000, 0x0000, 0x0000, 
  0x0000, 0x0000, 0x0000, 0x0000, 0x0000, 0x0000, 0x0000, 0x0000, 0x0000, 0x0000, 0x0000, 0x0000, 0x0000, 0x0000, 0x0000, 0x0000, 
  0x0000, 0x0000, 0x0000, 0x0000, 0x0000, 0x0000, 0x0000, 0x0000, 0x0000, 0x0000, 0x0000, 0x0000, 0x0000, 0x0000, 0x0000, 0x0000, 
  0x0000, 0x0000, 0x0000, 0x0000, 0x0000, 0x0000, 0x0000, 0x0000, 0x0000, 0x0000, 0x0000, 0x0000, 0x0000, 0x0000, 0x0000, 0x0000, 
  0x0000, 0x066c, 0x0020, 0x0000, 0xe2e0, 0x87ed, 0x07ff, 0x681f, 0xfb40, 0xffed, 0x07ff, 0x681f, 0xfb40, 0xff4c, 0x07f5, 0x4885, 
  0x0000, 0x07ef, 0x0000, 0x0000, 0x0000, 0x0000, 0x0000, 0x0000, 0x0000, 0x0000, 0x0000, 0x0000, 0x0000, 0x0000, 0x0000, 0x0000, 
  0x0000, 0x0000, 0x0000, 0x0000, 0x0000, 0x0000, 0x0000, 0x0000, 0x0000, 0x0000, 0x0009, 0x3921, 0xcac1, 0xf7ed, 0x07ff, 0x681f, 
  0xfb40, 0xffed, 0x07ff, 0x681f, 0xfb60, 0xfe09, 0x0d80, 0x0000, 0xf9e0, 0x0000, 0x0000, 0x0000, 0x0000, 0x0000, 0x0000, 0x0000, 
  0x0000, 0x0000, 0x0000, 0x0000, 0x0000, 0x0000, 0x0000, 0x0000, 0x0000, 0x0000, 0x0000, 0x0000, 0x0000, 0x0000, 0x0000, 0x0000, 
  0x0000, 0x0000, 0x0000, 0x0000, 0x0000, 0x0000, 0x0000, 0x0000, 0x0000, 0x0000, 0x0000, 0x0000, 0x0000, 0x0000, 0x0000, 0x0000, 
  0x0000, 0x0000, 0x000c, 0x3180, 0x0000, 0x0244, 0x2afc, 0x585f, 0xfb60, 0xffed, 0x07ff, 0x681f, 0xfb40, 0xffed, 0x07df, 0x681f, 
  0xe320, 0x4800, 0x001f, 0x7800, 0x0000, 0x0000, 0x0000, 0x0000, 0xfb40, 0xe7ed, 0x07ff, 0x681f, 0xfb40, 0xffed, 0x07ff, 0x681f, 
  0xf340, 0xfe6b, 0x0940, 0x0000, 0xfbe0, 0x0000, 0x0000, 0x0000, 0x0000, 0x0000, 0x0000, 0x0000, 0x0000, 0x0000, 0x0000, 0x0000, 
  0x0000, 0x0000, 0x0000, 0x0000, 0x0000, 0x0000, 0x0000, 0x0000, 0x0000, 0x0000, 0x0017, 0x3800, 0xf9e0, 0x07ff, 0x0000, 0x0000, 
  0x000a, 0x0000, 0x602f, 0x30c5, 0xa222, 0xaf4c, 0x05df, 0x683f, 0xfb80, 0xffed, 0x07ff, 0x701f, 0xd2c1, 0xe000, 0xa81f, 0xf800, 
  0x0000, 0x0000, 0x0000, 0x0000, 0x0000, 0x0000, 0x0000, 0x0000, 0x0000, 0x0000, 0x0000, 0x0000, 0x0000, 0x0000, 0x0000, 0x0000, 
  0x0000, 0x0000, 0x0000, 0x0000, 0x0000, 0x0000, 0x0000, 0x0000, 0x0000, 0x0000, 0x0000, 0x0000, 0x0000, 0x0000, 0x0000, 0x0000, 
  0xfaa0, 0x0000, 0x0019, 0x506e, 0xfb60, 0xffed, 0x07ff, 0x681f, 0xfb40, 0xffed, 0x07ff, 0x681f, 0xfb40, 0xff2c, 0x07f2, 0x38c4, 
  0x0000, 0x03ef, 0x0000, 0x0000, 0x0000, 0x0000, 0x0000, 0x0000, 0x0000, 0x0000, 0x0000, 0x0000, 0x0000, 0x0000, 0x0000, 0x0000, 
  0x0000, 0x0000, 0x0000, 0x0000, 0x0000, 0x0000, 0x0000, 0x0000, 0x0000, 0x0000, 0x0000, 0x0000, 0x0000, 0x0000, 0x0000, 0x0000, 
  0x0000, 0x0000, 0x0000, 0x0000, 0x0000, 0x0000, 0x0000, 0x0000, 0x0000, 0x0000, 0x0000, 0x0000, 0x0000, 0x0000, 0x0000, 0x0000, 
  0x0000, 0x0000, 0x0000, 0x0000, 0x0000, 0x0000, 0x0000, 0x0000, 0x0000, 0x0000, 0x0000, 0x0000, 0x0000, 0x0000, 0x0000, 0x0000, 
  0x0000, 0x0000, 0x0000, 0x0000, 0x0000, 0x0000, 0x0000, 0x0000, 0x0000, 0x0000, 0x0000, 0x0000, 0x0000, 0x0000, 0x0000, 0x0000, 
  0x0000, 0x0000, 0x0000, 0x0000, 0x0000, 0x0000, 0x0000, 0x0000, 0x0000, 0x0000, 0x0000, 0x0000, 0x0000, 0x0000, 0x0000, 0x0000, 
  0x0000, 0x07ec, 0x0020, 0x0000, 0xfb60, 0x8fee, 0x07ff, 0x681f, 0xfb40, 0xffed, 0x07ff, 0x681f, 0xfb60, 0xfeab, 0x0fed, 0x2905, 
  0x0000, 0x03ef, 0x0000, 0x0000, 0x0000, 0x0000, 0x0000, 0x0000, 0x0000, 0x0000, 0x0000, 0x0000, 0x0000, 0x0000, 0x0000, 0x0000, 
  0x0000, 0x0000, 0x0000, 0x0000, 0x0000, 0x0000, 0x0000, 0x0000, 0x0000, 0x0000, 0x0009, 0x21a1, 0xcaa1, 0xf7ed, 0x07ff, 0x681f, 
  0xfb40, 0xffed, 0x07ff, 0x681f, 0xfb80, 0xff6c, 0x05a0, 0x0000, 0xfd40, 0x0000, 0x0000, 0x0000, 0x0000, 0x0000, 0x0000, 0x0000, 
  0x0000, 0x0000, 0x0000, 0x0000, 0x0000, 0x0000, 0x0000, 0x0000, 0x0000, 0x0000, 0x0000, 0x0000, 0x0000, 0x0000, 0x0000, 0x0000, 
  0x0000, 0x0000, 0x0000, 0x0000, 0x0000, 0x0000, 0x0000, 0x0000, 0x0000, 0x0000, 0x0000, 0x0000, 0x0000, 0x0000, 0x0000, 0x0000, 
  0x0000, 0x0000, 0x000c, 0x3180, 0x0000, 0x0244, 0x2afc, 0x585f, 0xfb60, 0xffed, 0x07ff, 0x681f, 0xfb40, 0xffed, 0x07df, 0x681f, 
  0xe320, 0x4800, 0x001f, 0x7800, 0x0000, 0x0000, 0x0000, 0x0000, 0xfb40, 0xe7ed, 0x07ff, 0x681f, 0xfb40, 0xffed, 0x07ff, 0x681f, 
  0xf340, 0xfe6b, 0x0940, 0x0000, 0xfbe0, 0x0000, 0x0000, 0x0000, 0x0000, 0x0000, 0x0000, 0x0000, 0x0000, 0x0000, 0x0000, 0x0000, 
  0x0000, 0x0000, 0x0000, 0x0000, 0x0000, 0x0000, 0x0000, 0x0000, 0x0000, 0x0000, 0x0000, 0x0000, 0x0000, 0x02aa, 0x0017, 0x3800, 
  0xfd40, 0x0000, 0x0000, 0x0000, 0x0000, 0x0264, 0x20b6, 0x4048, 0xd2a1, 0x7e8b, 0x0fdd, 0x603f, 0x9a02, 0x6000, 0x001f, 0x7800, 
  0x0000, 0x0000, 0x0000, 0x0000, 0x0000, 0x0000, 0x0000, 0x0000, 0x0000, 0x0000, 0x0000, 0x0000, 0x0000, 0x0000, 0x0000, 0x0000, 
  0x0000, 0x0000, 0x0000, 0x0000, 0x0000, 0x0000, 0x0000, 0x0000, 0x0000, 0x0000, 0x0000, 0x0000, 0x0000, 0x0000, 0x000f, 0x3800, 
  0x0000, 0x02e5, 0x22fc, 0x585f, 0xfb60, 0xffed, 0x07ff, 0x681f, 0xfb40, 0xffed, 0x07ff, 0x681f, 0xfb80, 0xfe4a, 0x0ce0, 0x0000, 
  0xfd40, 0x0000, 0x0000, 0x0000, 0x0000, 0x0000, 0x0000, 0x0000, 0x0000, 0x0000, 0x0000, 0x0000, 0x0000, 0x0000, 0x0000, 0x0000, 
  0x0000, 0x0000, 0x0000, 0x0000, 0x0000, 0x0000, 0x0000, 0x0000, 0x0000, 0x0000, 0x0000, 0x0000, 0x0000, 0x0000, 0x0000, 0x0000, 
  0x0000, 0x0000, 0x0000, 0x0000, 0x0000, 0x0000, 0x0000, 0x0000, 0x0000, 0x0000, 0x0000, 0x0000, 0x0000, 0x0000, 0x0000, 0x0000, 
  0x0000, 0x0000, 0x0000, 0x0000, 0x0000, 0x0000, 0x0000, 0x0000, 0x0000, 0x0000, 0x0000, 0x0000, 0x0000, 0x0000, 0x0000, 0x0000, 
  0x0000, 0x0000, 0x0000, 0x0000, 0x0000, 0x0000, 0x0000, 0x0000, 0x0000, 0x0000, 0x0000, 0x0000, 0x0000, 0x0000, 0x0000, 0x0000, 
  0x0000, 0x0000, 0x0000, 0x0000, 0x0000, 0x0000, 0x0000, 0x0000, 0x0000, 0x0000, 0x0000, 0x0000, 0x0000, 0x0000, 0x0000, 0x0000, 
  0x0000, 0x0000, 0x0000, 0x0660, 0xd2c1, 0xbfee, 0x07ff, 0x681f, 0xfb40, 0xffed, 0x07ff, 0x681f, 0xfb60, 0xfe0a, 0x0e80, 0x0242, 
  0x0000, 0x07e0, 0x0000, 0x0000, 0x0000, 0x0000, 0x0000, 0x0000, 0x0000, 0x0000, 0x0000, 0x0000, 0x0000, 0x0000, 0x0000, 0x0000, 
  0x0000, 0x0000, 0x0000, 0x0000, 0x0000, 0x0000, 0x0000, 0x0000, 0x0000, 0x0000, 0x0000, 0x0000, 0xba81, 0xb7ed, 0x07ff, 0x681f, 
  0xfb40, 0xffed, 0x07ff, 0x681f, 0xfb60, 0xfeec, 0x0feb, 0x20ea, 0x0000, 0x03e7, 0x0020, 0x0000, 0x0000, 0x0000, 0x0000, 0x0000, 
  0x0000, 0x0000, 0x0000, 0x0000, 0x0000, 0x0000, 0x0000, 0x0000, 0x0000, 0x0000, 0x0000, 0x0000, 0x0000, 0x0000, 0x0000, 0x0000, 
  0x0000, 0x0000, 0x0000, 0x0000, 0x0000, 0x0000, 0x0000, 0x0000, 0x0000, 0x0000, 0x0000, 0x0000, 0x0000, 0x0000, 0x0000, 0x0000, 
  0x0000, 0x0000, 0x000c, 0x3180, 0x0000, 0x0244, 0x2afc, 0x585f, 0xfb60, 0xffed, 0x07ff, 0x681f, 0xfb40, 0xffed, 0x07df, 0x681f, 
  0xe320, 0x4800, 0x001f, 0x7800, 0x0000, 0x0000, 0x0000, 0x0000, 0xfb40, 0xe7ed, 0x07ff, 0x681f, 0xfb40, 0xffed, 0x07ff, 0x681f, 
  0xf340, 0xfe6b, 0x0940, 0x0000, 0xfbe0, 0x0000, 0x0000, 0x0000, 0x0000, 0x0000, 0x0000, 0x0000, 0x0000, 0x0000, 0x0000, 0x0000, 
  0x0000, 0x0000, 0x0000, 0x0000, 0x0000, 0x0000, 0x0000, 0x0000, 0x0000, 0x0000, 0x0000, 0x0000, 0x0000, 0x0000, 0x0000, 0x0000, 
  0x0000, 0x0000, 0x0000, 0x0000, 0xb9e0, 0x07ea, 0x0000, 0x0000, 0x0000, 0x0304, 0x20ce, 0x310b, 0x0000, 0x02aa, 0x0000, 0x0000, 
  0x0000, 0x0000, 0x0000, 0x0000, 0x0000, 0x0000, 0x0000, 0x0000, 0x0000, 0x0000, 0x0000, 0x0000, 0x0000, 0x0000, 0x0000, 0x0000, 
  0x0000, 0x0000, 0x0000, 0x0000, 0x0000, 0x0000, 0x0000, 0x0000, 0x0000, 0x0000, 0x0000, 0x0000, 0x0000, 0x0000, 0x001f, 0xf800, 
  0x000f, 0x05c9, 0x15df, 0x681f, 0xfb40, 0xffed, 0x07ff, 0x681f, 0xfb40, 0xffed, 0x07ff, 0x681f, 0xdae1, 0xfae5, 0x2200, 0x0000, 
  0x52a0, 0x0000, 0x0000, 0x0000, 0x0000, 0x0000, 0x0000, 0x0000, 0x0000, 0x0000, 0x0000, 0x0000, 0x0000, 0x0000, 0x0000, 0x0000, 
  0x0000, 0x0000, 0x0000, 0x0000, 0x0000, 0x0000, 0x0000, 0x0000, 0x0000, 0x0000, 0x0000, 0x0000, 0x0000, 0x0000, 0x0000, 0x0000, 
  0x0000, 0x0000, 0x0000, 0x0000, 0x0000, 0x0000, 0x0000, 0x0000, 0x0000, 0x0000, 0x0000, 0x0000, 0x0000, 0x0000, 0x0000, 0x0000, 
  0x0000, 0x0000, 0x0000, 0x0000, 0x0000, 0x0000, 0x0000, 0x0000, 0x0000, 0x0000, 0x0000, 0x0000, 0x0000, 0x0000, 0x0000, 0x0000, 
  0x0000, 0x0000, 0x0000, 0x0000, 0x0000, 0x0000, 0x0000, 0x0000, 0x0000, 0x0000, 0x0000, 0x0000, 0x0000, 0x0000, 0x0000, 0x0000, 
  0x0000, 0x0000, 0x0000, 0x0000, 0x0000, 0x0000, 0x0000, 0x0000, 0x0000, 0x0000, 0x0000, 0x0000, 0x0000, 0x0000, 0x0000, 0x0000, 
  0x7be0, 0x0000, 0x0009, 0x2125, 0xcac1, 0xffed, 0x07ff, 0x681f, 0xfb40, 0xffed, 0x07ff, 0x681f, 0xfb80, 0xff8d, 0x0420, 0x0000, 
  0xfb20, 0x0000, 0x0000, 0x0000, 0x0000, 0x0000, 0x0000, 0x0000, 0x0000, 0x0000, 0x0000, 0x0000, 0x0000, 0x0000, 0x0000, 0x0000, 
  0x0000, 0x0000, 0x0000, 0x0000, 0x0000, 0x0000, 0x0000, 0x0000, 0x0000, 0x07ef, 0x0020, 0x0000, 0xeb00, 0x5fed, 0x07ff, 0x681f, 
  0xfb40, 0xffed, 0x07ff, 0x681f, 0xfb40, 0xffed, 0x07f7, 0x484d, 0x0000, 0x07ea, 0x0000, 0x0000, 0x0000, 0x0000, 0x0000, 0x0000, 
  0x0000, 0x0000, 0x0000, 0x0000, 0x0000, 0x0000, 0x0000, 0x0000, 0x0000, 0x0000, 0x0000, 0x0000, 0x0000, 0x0000, 0x0000, 0x0000, 
  0x0000, 0x0000, 0x0000, 0x0000, 0x0000, 0x0000, 0x0000, 0x0000, 0x0000, 0x0000, 0x0000, 0x0000, 0x0000, 0x0000, 0x0000, 0x0000, 
  0x0000, 0x0000, 0x000c, 0x3180, 0x0000, 0x0244, 0x2afc, 0x585f, 0xfb60, 0xffed, 0x07ff, 0x681f, 0xfb40, 0xffed, 0x07df, 0x681f, 
  0xe320, 0x4800, 0x001f, 0x7800, 0x0000, 0x0000, 0x0000, 0x0000, 0xfb40, 0xe7ed, 0x07ff, 0x681f, 0xfb40, 0xffed, 0x07ff, 0x681f, 
  0xf340, 0xfe6b, 0x0940, 0x0000, 0xfbe0, 0x0000, 0x0000, 0x0000, 0x0000, 0x0000, 0x0000, 0x0000, 0x0000, 0x0000, 0x0000, 0x0000, 
  0x0000, 0x0000, 0x0000, 0x0000, 0x0000, 0x0000, 0x0000, 0x0000, 0x0000, 0x0000, 0x0000, 0x0000, 0x0000, 0x0000, 0x0000, 0x0000, 
  0x0000, 0x0000, 0x0000, 0x0000, 0x0000, 0x0000, 0x0019, 0x3000, 0xfd40, 0x0000, 0x0000, 0x0000, 0xaaa0, 0x0000, 0x0000, 0x0000, 
  0x0000, 0x0000, 0x0000, 0x0000, 0x0000, 0x0000, 0x0000, 0x0000, 0x0000, 0x0000, 0x0000, 0x0000, 0x0000, 0x0000, 0x0000, 0x0000, 
  0x0000, 0x0000, 0x0000, 0x0000, 0x0000, 0x0000, 0x0000, 0x0000, 0x0000, 0x0000, 0x0000, 0x0000, 0x0000, 0x054a, 0x0000, 0x0000, 
  0xb242, 0x47cc, 0x07ff, 0x681f, 0xfb40, 0xffed, 0x07ff, 0x681f, 0xfb40, 0xffed, 0x07ff, 0x683f, 0xc281, 0x5000, 0x0015, 0x5000, 
  0x0000, 0x0000, 0x0000, 0x0000, 0x0000, 0x0000, 0x0000, 0x0000, 0x0000, 0x0000, 0x0000, 0x0000, 0x0000, 0x0000, 0x0000, 0x0000, 
  0x0000, 0x0000, 0x0000, 0x0000, 0x0000, 0x0000, 0x0000, 0x0000, 0x0000, 0x0000, 0x0000, 0x0000, 0x0000, 0x0000, 0x0000, 0x0000, 
  0x0000, 0x0000, 0x0000, 0x0000, 0x0000, 0x0000, 0x0000, 0x0000, 0x0000, 0x0000, 0x0000, 0x0000, 0x0000, 0x0000, 0x0000, 0x0000, 
  0x0000, 0x0000, 0x0000, 0x0000, 0x0000, 0x0000, 0x0000, 0x0000, 0x0000, 0x0000, 0x0000, 0x0000, 0x0000, 0x0000, 0x0000, 0x0000, 
  0x0000, 0x0000, 0x0000, 0x0000, 0x0000, 0x0000, 0x0000, 0x0000, 0x0000, 0x0000, 0x0000, 0x0000, 0x0000, 0x0000, 0x0000, 0x0000, 
  0x0000, 0x0000, 0x0000, 0x0000, 0x0000, 0x0000, 0x0000, 0x0000, 0x0000, 0x0000, 0x0000, 0x0000, 0x0000, 0x0000, 0x0000, 0x0000, 
  0x7be0, 0x0000, 0x000d, 0x28a5, 0xd2c0, 0xffed, 0x07ff, 0x681f, 0xfb40, 0xffed, 0x07ff, 0x681f, 0xfb80, 0xff4b, 0x0420, 0x0000, 
  0xfb20, 0x0000, 0x0000, 0x0000, 0x0000, 0x0000, 0x0000, 0x0000, 0x0000, 0x0000, 0x0000, 0x0000, 0x0000, 0x0000, 0x0000, 0x0000, 
  0x0000, 0x0000, 0x0000, 0x0000, 0x0000, 0x0000, 0x0000, 0x0000, 0x0000, 0x05e7, 0x0020, 0x0000, 0x9a02, 0x5fad, 0x07ff, 0x681f, 
  0xfb40, 0xffed, 0x07ff, 0x681f, 0xfb40, 0xffed, 0x07f8, 0x507d, 0x0007, 0x0800, 0x0000, 0x0000, 0x0000, 0x0000, 0x0000, 0x0000, 
  0x0000, 0x0000, 0x0000, 0x0000, 0x0000, 0x0000, 0x0000, 0x0000, 0x0000, 0x0000, 0x0000, 0x0000, 0x0000, 0x0000, 0x0000, 0x0000, 
  0x0000, 0x0000, 0x0000, 0x0000, 0x0000, 0x0000, 0x0000, 0x0000, 0x0000, 0x0000, 0x0000, 0x0000, 0x0000, 0x0000, 0x0000, 0x0000, 
  0x0000, 0x0000, 0x000c, 0x3180, 0x0000, 0x0244, 0x2afc, 0x585f, 0xfb60, 0xffed, 0x07ff, 0x681f, 0xfb40, 0xffed, 0x07df, 0x681f, 
  0xe320, 0x4800, 0x001f, 0x7800, 0x0000, 0x0000, 0x0000, 0x0000, 0xfb40, 0xe7ed, 0x07ff, 0x681f, 0xfb40, 0xffed, 0x07ff, 0x681f, 
  0xf340, 0xfe6b, 0x0940, 0x0000, 0xfbe0, 0x0000, 0x0000, 0x0000, 0x0000, 0x0000, 0x0000, 0x0000, 0x0000, 0x0000, 0x0000, 0x0000, 
  0x0000, 0x0000, 0x0000, 0x0000, 0x0000, 0x0000, 0x0000, 0x0000, 0x0000, 0x0000, 0x0000, 0x0000, 0x0000, 0x0000, 0x0000, 0x0000, 
  0x0000, 0x0000, 0x0000, 0x0000, 0x0000, 0x0000, 0x0000, 0x0000, 0x0000, 0x0000, 0x000f, 0x7be0, 0x0000, 0x0000, 0x0000, 0x0000, 
  0x0000, 0x0000, 0x0000, 0x0000, 0x0000, 0x0000, 0x0000, 0x0000, 0x0000, 0x0000, 0x0000, 0x0000, 0x0000, 0x0000, 0x0000, 0x0000, 
  0x0000, 0x0000, 0x0000, 0x0000, 0x0000, 0x0000, 0x0000, 0x0000, 0x0000, 0x0000, 0x0000, 0x0000, 0x7800, 0x0000, 0x0004, 0x1166, 
  0xd2c1, 0xf7ed, 0x07ff, 0x601f, 0xfb40, 0xffed, 0x07ff, 0x681f, 0xfb40, 0xffed, 0x07f9, 0x5059, 0x0007, 0x0800, 0x0000, 0x0000, 
  0x0000, 0x0000, 0x0000, 0x0000, 0x0000, 0x0000, 0x0000, 0x0000, 0x0000, 0x0000, 0x0000, 0x0000, 0x0000, 0x0000, 0x0000, 0x0000, 
  0x0000, 0x0000, 0x0000, 0x0000, 0x0000, 0x0000, 0x0000, 0x0000, 0x0000, 0x0000, 0x0000, 0x0000, 0x0000, 0x0000, 0x0000, 0x0000, 
  0x0000, 0x0000, 0x0000, 0x0000, 0x0000, 0x0000, 0x0000, 0x0000, 0x0000, 0x0000, 0x0000, 0x0000, 0x0000, 0x0000, 0x0000, 0x0000, 
  0x0000, 0x0000, 0x0000, 0x0000, 0x0000, 0x0000, 0x0000, 0x0000, 0x0000, 0x0000, 0x0000, 0x0000, 0x0000, 0x0000, 0x0000, 0x0000, 
  0x0000, 0x0000, 0x0000, 0x0000, 0x0000, 0x0000, 0x0000, 0x0000, 0x0000, 0x0000, 0x0000, 0x0000, 0x0000, 0x0000, 0x0000, 0x0000, 
  0x0000, 0x0000, 0x0000, 0x0000, 0x0000, 0x0000, 0x0000, 0x0000, 0x0000, 0x0000, 0x0000, 0x0000, 0x0000, 0x0000, 0x0000, 0x0000, 
  0x7be0, 0x0000, 0x000f, 0x30a5, 0xdae1, 0xffed, 0x07ff, 0x681f, 0xfb40, 0xffed, 0x07ff, 0x681f, 0xfb80, 0xfeeb, 0x0420, 0x0000, 
  0xcb20, 0x0000, 0x0000, 0x0000, 0x0000, 0x0000, 0x0000, 0x0000, 0x0000, 0x0000, 0x0000, 0x0000, 0x0000, 0x0000, 0x0000, 0x0000, 
  0x0000, 0x0000, 0x0000, 0x0000, 0x0000, 0x0000, 0x0000, 0x0000, 0x0000, 0x0000, 0x0000, 0x0000, 0x0000, 0x078c, 0x065f, 0x681f, 
  0xfb40, 0xffed, 0x07ff, 0x681f, 0xfb40, 0xffed, 0x07fe, 0x601f, 0x89e2, 0x8000, 0x0012, 0x4800, 0x0000, 0x0000, 0x0000, 0x0000, 
  0x0000, 0x0000, 0x0000, 0x0000, 0x0000, 0x0000, 0x0000, 0x0000, 0x0000, 0x0000, 0x0000, 0x0000, 0x0000, 0x0000, 0x0000, 0x0000, 
  0x0000, 0x0000, 0x0000, 0x0000, 0x0000, 0x0000, 0x0000, 0x0000, 0x0000, 0x0000, 0x0000, 0x0000, 0x0000, 0x0000, 0x0000, 0x0000, 
  0x0000, 0x0000, 0x000c, 0x3180, 0x0000, 0x0244, 0x2afc, 0x585f, 0xfb60, 0xffed, 0x07ff, 0x681f, 0xfb40, 0xffed, 0x07df, 0x681f, 
  0xe320, 0x4800, 0x001f, 0x7800, 0x0000, 0x0000, 0x0000, 0x0000, 0xfb40, 0xe7ed, 0x07ff, 0x681f, 0xfb40, 0xffed, 0x07ff, 0x681f, 
  0xf340, 0xfe6b, 0x0940, 0x0000, 0xfbe0, 0x0000, 0x0000, 0x0000, 0x0000, 0x0000, 0x0000, 0x0000, 0x0000, 0x0000, 0x0000, 0x0000, 
  0x0000, 0x0000, 0x0000, 0x0000, 0x0000, 0x0000, 0x0000, 0x0000, 0x0000, 0x0000, 0x0000, 0x0000, 0x0000, 0x0000, 0x0000, 0x0000, 
  0x0000, 0x0000, 0x0000, 0x0000, 0x0000, 0x0000, 0x0000, 0x0000, 0x0000, 0x0000, 0x0000, 0x0000, 0x0000, 0x0000, 0x0000, 0x0000, 
  0x0000, 0x0000, 0x0000, 0x0000, 0x0000, 0x0000, 0x0000, 0x0000, 0x0000, 0x0000, 0x0000, 0x0000, 0x0000, 0x0000, 0x0000, 0x0000, 
  0x0000, 0x0000, 0x0000, 0x0000, 0x0000, 0x0000, 0x0000, 0x0000, 0x0000, 0x0000, 0x0000, 0x0000, 0xfbe0, 0x0000, 0x0014, 0x40b1, 
  0xfb60, 0xffed, 0x07df, 0x681f, 0xfb40, 0xffed, 0x07ff, 0x681f, 0xfb40, 0xff8c, 0x07f0, 0x38cd, 0x0000, 0x03e7, 0x0020, 0x0000, 
  0x0000, 0x0000, 0x0000, 0x0000, 0x0000, 0x0000, 0x0000, 0x0000, 0x0000, 0x0000, 0x0000, 0x0000, 0x0000, 0x0000, 0x0000, 0x0000, 
  0x0000, 0x0000, 0x0000, 0x0000, 0x0000, 0x0000, 0x0000, 0x0000, 0x0000, 0x0000, 0x0000, 0x0000, 0x0000, 0x0000, 0x0000, 0x0000, 
  0x0000, 0x0000, 0x0000, 0x0000, 0x0000, 0x0000, 0x0000, 0x0000, 0x0000, 0x0000, 0x0000, 0x0000, 0x0000, 0x0000, 0x0000, 0x0000, 
  0x0000, 0x0000, 0x0000, 0x0000, 0x0000, 0x0000, 0x0000, 0x0000, 0x0000, 0x0000, 0x0000, 0x0000, 0x0000, 0x0000, 0x0000, 0x0000, 
  0x0000, 0x0000, 0x0000, 0x0000, 0x0000, 0x0000, 0x0000, 0x0000, 0x0000, 0x0000, 0x0000, 0x0000, 0x0000, 0x0000, 0x0000, 0x0000, 
  0x0000, 0x0000, 0x0000, 0x0000, 0x0000, 0x0000, 0x0000, 0x0000, 0x0000, 0x0000, 0x0000, 0x0000, 0x0000, 0x0000, 0x0000, 0x0000, 
  0x7be0, 0x0000, 0x000f, 0x30a5, 0xdae1, 0xffed, 0x07ff, 0x681f, 0xfb40, 0xffed, 0x07ff, 0x681f, 0xfb80, 0xff6c, 0x0420, 0x0000, 
  0xfb20, 0x0000, 0x0000, 0x0000, 0x0000, 0x0000, 0x0000, 0x0000, 0x0000, 0x0000, 0x0000, 0x0000, 0x0000, 0x0000, 0x0000, 0x0000, 
  0x0000, 0x0000, 0x0000, 0x0000, 0x0000, 0x0000, 0x0000, 0x0000, 0x0000, 0x0000, 0x001f, 0x7800, 0x0000, 0x068a, 0x0aff, 0x681f, 
  0xfb40, 0xffed, 0x07ff, 0x681f, 0xfb40, 0xffed, 0x07ff, 0x681f, 0xeb00, 0xdce8, 0x10c0, 0x0000, 0xaaa0, 0x0000, 0x0000, 0x0000, 
  0x0000, 0x0000, 0x0000, 0x0000, 0x0000, 0x0000, 0x0000, 0x0000, 0x0000, 0x0000, 0x0000, 0x0000, 0x0000, 0x0000, 0x0000, 0x0000, 
  0x0000, 0x0000, 0x0000, 0x0000, 0x0000, 0x0000, 0x0000, 0x0000, 0x0000, 0x0000, 0x0000, 0x0000, 0x0000, 0x0000, 0x0000, 0x0000, 
  0x0000, 0x0000, 0x000c, 0x3180, 0x0000, 0x0244, 0x2afc, 0x585f, 0xfb60, 0xffed, 0x07ff, 0x681f, 0xfb40, 0xffed, 0x07df, 0x681f, 
  0xe320, 0x4800, 0x001f, 0x7800, 0x0000, 0x0000, 0x0000, 0x0000, 0xfb40, 0xe7ed, 0x07ff, 0x681f, 0xfb40, 0xffed, 0x07ff, 0x681f, 
  0xf340, 0xfe6b, 0x0940, 0x0000, 0xfbe0, 0x0000, 0x0000, 0x0000, 0x0000, 0x0000, 0x0000, 0x0000, 0x0000, 0x0000, 0x0000, 0x0000, 
  0x0000, 0x0000, 0x0000, 0x0000, 0x0000, 0x0000, 0x0000, 0x0000, 0x0000, 0x0000, 0x0000, 0x0000, 0x0000, 0x0000, 0x0000, 0x0000, 
  0x0000, 0x0000, 0x0000, 0x0000, 0x0000, 0x0000, 0x0000, 0x0000, 0x0000, 0x0000, 0x0000, 0x0000, 0x0000, 0x0000, 0x0000, 0x0000, 
  0x0000, 0x0000, 0x0000, 0x0000, 0x0000, 0x0000, 0x0000, 0x0000, 0x0000, 0x0000, 0x0000, 0x0000, 0x0000, 0x0000, 0x0000, 0x0000, 
  0x0000, 0x0000, 0x0000, 0x0000, 0x0000, 0x0000, 0x0000, 0x0000, 0x0000, 0x0000, 0x001f, 0x0000, 0x0000, 0x0446, 0x20fb, 0x585f, 
  0xfb40, 0xffed, 0x07ff, 0x681f, 0xfb40, 0xffed, 0x07ff, 0x681f, 0xfb80, 0xfeab, 0x0c00, 0x0000, 0xfaa0, 0x0000, 0x0000, 0x0000, 
  0x0000, 0x0000, 0x0000, 0x0000, 0x0000, 0x0000, 0x0000, 0x0000, 0x0000, 0x0000, 0x0000, 0x0000, 0x0000, 0x0000, 0x0000, 0x0000, 
  0x0000, 0x0000, 0x0000, 0x0000, 0x0000, 0x0000, 0x0000, 0x0000, 0x0000, 0x0000, 0x0000, 0x0000, 0x0000, 0x0000, 0x0000, 0x0000, 
  0x0000, 0x0000, 0x0000, 0x0000, 0x0000, 0x0000, 0x0000, 0x0000, 0x0000, 0x0000, 0x0000, 0x0000, 0x0000, 0x0000, 0x0000, 0x0000, 
  0x0000, 0x0000, 0x0000, 0x0000, 0x0000, 0x0000, 0x0000, 0x0000, 0x0000, 0x0000, 0x0000, 0x0000, 0x0000, 0x0000, 0x0000, 0x0000, 
  0x0000, 0x0000, 0x0000, 0x0000, 0x0000, 0x0000, 0x0000, 0x0000, 0x0000, 0x0000, 0x0000, 0x0000, 0x0000, 0x0000, 0x0000, 0x0000, 
  0x0000, 0x0000, 0x0000, 0x0000, 0x0000, 0x0000, 0x0000, 0x0000, 0x0000, 0x054a, 0x5017, 0x3800, 0xb9e0, 0x07ef, 0x003f, 0x7800, 
  0xd3e0, 0x0000, 0x0010, 0x28a6, 0xdae0, 0xffed, 0x07ff, 0x681f, 0xfb40, 0xffed, 0x07ff, 0x681f, 0xfb80, 0xfeec, 0x0540, 0x0000, 
  0xffe0, 0x0000, 0x0000, 0x0000, 0x0000, 0x0000, 0x0000, 0x0000, 0x0000, 0x0000, 0x0000, 0x0000, 0x0000, 0x0000, 0x0000, 0x0000, 
  0x0000, 0x0000, 0x0000, 0x0000, 0x0000, 0x0000, 0x0000, 0x0000, 0x0000, 0x0000, 0x001f, 0x0000, 0x0000, 0x0468, 0x18db, 0x585f, 
  0xfb40, 0xffed, 0x07ff, 0x681f, 0xfb40, 0xffed, 0x07ff, 0x681f, 0xfb80, 0xfe6b, 0x0f0a, 0x18e4, 0x0000, 0x054a, 0x0000, 0x0000, 
  0x0000, 0x0000, 0x0000, 0x0000, 0x0000, 0x0000, 0x0000, 0x0000, 0x0000, 0x0000, 0x0000, 0x0000, 0x0000, 0x0000, 0x0000, 0x0000, 
  0x0000, 0x0000, 0x0000, 0x0000, 0x0000, 0x0000, 0x0000, 0x0000, 0x0000, 0x0000, 0x0000, 0x0000, 0x0000, 0x0000, 0x0000, 0x0000, 
  0x0000, 0x0000, 0x000c, 0x3180, 0x0000, 0x0244, 0x2afc, 0x585f, 0xfb60, 0xffed, 0x07ff, 0x681f, 0xfb40, 0xffed, 0x07df, 0x681f, 
  0xe320, 0x4800, 0x001f, 0x7800, 0x0000, 0x0000, 0x0000, 0x0000, 0xfb40, 0xe7ed, 0x07ff, 0x681f, 0xfb40, 0xffed, 0x07ff, 0x681f, 
  0xf340, 0xfe6b, 0x0940, 0x0000, 0xfbe0, 0x0000, 0x0000, 0x0000, 0x0000, 0x0000, 0x0000, 0x0000, 0x0000, 0x0000, 0x0000, 0x0000, 
  0x0000, 0x0000, 0x0000, 0x0000, 0x0000, 0x0000, 0x0000, 0x0000, 0x0000, 0x0000, 0x0000, 0x0000, 0x0000, 0x0000, 0x0000, 0x0000, 
  0x0000, 0x0000, 0x0000, 0x0000, 0x0000, 0x0000, 0x0000, 0x0000, 0x0000, 0x0000, 0x0000, 0x0000, 0x0000, 0x0000, 0x0000, 0x0000, 
  0x0000, 0x0000, 0x0000, 0x0000, 0x0000, 0x0000, 0x0000, 0x0000, 0x0000, 0x0000, 0x0000, 0x0000, 0x0000, 0x0000, 0x0000, 0x0000, 
  0x0000, 0x0000, 0x0000, 0x0000, 0x0000, 0x0000, 0x0000, 0x0000, 0x0000, 0x0000, 0x0017, 0x3800, 0x0000, 0x05c9, 0x0d9f, 0x681f, 
  0xfb40, 0xffed, 0x07ff, 0x681f, 0xfb40, 0xffed, 0x07ff, 0x681f, 0xe300, 0xec67, 0x1120, 0x0000, 0xfbe0, 0x0000, 0x0000, 0x0000, 
  0x0000, 0x0000, 0x0000, 0x0000, 0x0000, 0x0000, 0x0000, 0x0000, 0x0000, 0x0000, 0x0000, 0x0000, 0x0000, 0x0000, 0x0000, 0x0000, 
  0x0000, 0x0000, 0x0000, 0x0000, 0x0000, 0x0000, 0x0000, 0x0000, 0x0000, 0x0000, 0x0000, 0x0000, 0x0000, 0x0000, 0x0000, 0x0000, 
  0x0000, 0x0000, 0x0000, 0x0000, 0x0000, 0x0000, 0x0000, 0x0000, 0x0000, 0x0000, 0x0000, 0x0000, 0x0000, 0x0000, 0x0000, 0x0000, 
  0x0000, 0x0000, 0x0000, 0x0000, 0x0000, 0x0000, 0x0000, 0x0000, 0x0000, 0x0000, 0x0000, 0x0000, 0x0000, 0x0000, 0x0000, 0x0000, 
  0x0000, 0x0000, 0x0000, 0x0000, 0x0000, 0x0000, 0x0000, 0x0000, 0x0000, 0x0000, 0x0000, 0x0000, 0x0000, 0x0000, 0x0000, 0x0000, 
  0x0000, 0x0000, 0x0000, 0x0000, 0x0000, 0x03e7, 0x0037, 0x3800, 0xfbe0, 0x07e0, 0x0000, 0x0000, 0x0000, 0x0000, 0x0000, 0x0000, 
  0x7800, 0x0000, 0x0009, 0x1905, 0xcaa1, 0xffed, 0x07ff, 0x681f, 0xfb40, 0xffed, 0x07ff, 0x681f, 0xfb40, 0xfeeb, 0x0ff1, 0x38e5, 
  0x0000, 0x07ef, 0x0000, 0x0000, 0x0000, 0x0000, 0x0000, 0x0000, 0x0000, 0x0000, 0x0000, 0x0000, 0x0000, 0x0000, 0x0000, 0x0000, 
  0x0000, 0x0000, 0x0000, 0x0000, 0x0000, 0x0000, 0x0000, 0x0000, 0x0000, 0x0000, 0x0000, 0x0000, 0xffe0, 0x0000, 0x0015, 0x48b4, 
  0xfb60, 0xffed, 0x07df, 0x681f, 0xfb40, 0xffed, 0x07ff, 0x681f, 0xfb40, 0xffed, 0x07f7, 0x507b, 0x30c4, 0x1800, 0x000f, 0x7800, 
  0x0000, 0x0000, 0x0000, 0x0000, 0x0000, 0x0000, 0x0000, 0x0000, 0x0000, 0x0000, 0x0000, 0x0000, 0x0000, 0x0000, 0x0000, 0x0000, 
  0x0000, 0x0000, 0x0000, 0x0000, 0x0000, 0x0000, 0x0000, 0x0000, 0x0000, 0x0000, 0x0000, 0x0000, 0x0000, 0x0000, 0x0000, 0x0000, 
  0x0000, 0x0000, 0x000c, 0x3180, 0x0000, 0x0244, 0x2afc, 0x585f, 0xfb60, 0xffed, 0x07ff, 0x681f, 0xfb40, 0xffed, 0x07df, 0x681f, 
  0xe320, 0x4800, 0x001f, 0x7800, 0x0000, 0x0000, 0x0000, 0x0000, 0xfb40, 0xe7ed, 0x07ff, 0x681f, 0xfb40, 0xffed, 0x07ff, 0x681f, 
  0xf340, 0xfe6b, 0x0940, 0x0000, 0xfbe0, 0x0000, 0x0000, 0x0000, 0x0000, 0x0000, 0x0000, 0x0000, 0x0000, 0x0000, 0x0000, 0x0000, 
  0x0000, 0x0000, 0x0000, 0x0000, 0x0000, 0x0000, 0x0000, 0x0000, 0x0000, 0x0000, 0x0000, 0x0000, 0x0000, 0x0000, 0x0000, 0x0000, 
  0x0000, 0x0000, 0x0000, 0x0000, 0x0000, 0x0000, 0x0000, 0x0000, 0x0000, 0x0000, 0x0000, 0x0000, 0x0000, 0x0000, 0x0000, 0x0000, 
  0x0000, 0x0000, 0x0000, 0x0000, 0x0000, 0x0000, 0x0000, 0x0000, 0x0000, 0x0000, 0x0000, 0x0000, 0x0000, 0x0000, 0x0000, 0x0000, 
  0x0000, 0x0000, 0x0000, 0x0000, 0x0000, 0x0000, 0x0000, 0x0000, 0x0000, 0x07ef, 0x0000, 0x0000, 0x9a02, 0x3f8c, 0x07bf, 0x681f, 
  0xfb40, 0xffed, 0x07ff, 0x681f, 0xfb40, 0xffed, 0x07df, 0x683f, 0x9a22, 0x9000, 0x0013, 0x3000, 0x0000, 0x0000, 0x0000, 0x0000, 
  0x0000, 0x0000, 0x0000, 0x0000, 0x0000, 0x0000, 0x0000, 0x0000, 0x0000, 0x0000, 0x0000, 0x0000, 0x0000, 0x0000, 0x0000, 0x0000, 
  0x0000, 0x0000, 0x0000, 0x0000, 0x0000, 0x0000, 0x0000, 0x0000, 0x0000, 0x0000, 0x0000, 0x0000, 0x0000, 0x0000, 0x0000, 0x0000, 
  0x0000, 0x0000, 0x0000, 0x0000, 0x0000, 0x0000, 0x0000, 0x0000, 0x0000, 0x0000, 0x0000, 0x0000, 0x0000, 0x0000, 0x0000, 0x0000, 
  0x0000, 0x0000, 0x0000, 0x0000, 0x0000, 0x0000, 0x0000, 0x0000, 0x0000, 0x0000, 0x0000, 0x0000, 0x0000, 0x0000, 0x0000, 0x0000, 
  0x0000, 0x0000, 0x0000, 0x0000, 0x0000, 0x0000, 0x0000, 0x0000, 0x0000, 0x0000, 0x0000, 0x0000, 0x0000, 0x0000, 0x000f, 0x7800, 
  0x9980, 0x07e0, 0x0000, 0x0000, 0x0000, 0x0000, 0x0000, 0x0000, 0x0000, 0x02a4, 0x2272, 0x386b, 0xd280, 0x578b, 0x02de, 0x600b, 
  0xf320, 0x5fec, 0x0295, 0x406e, 0xcaa1, 0xffed, 0x07ff, 0x681f, 0xfb40, 0xffed, 0x07ff, 0x681f, 0xfb40, 0xffac, 0x07f1, 0x38ac, 
  0x0000, 0x07ef, 0x0000, 0x0000, 0x0000, 0x0000, 0x0000, 0x0000, 0x0000, 0x0000, 0x0000, 0x0000, 0x0000, 0x0000, 0x0000, 0x0000, 
  0x0000, 0x0000, 0x0000, 0x0000, 0x0000, 0x0000, 0x0000, 0x0000, 0x0000, 0x0000, 0x0000, 0x0000, 0x52a0, 0x0000, 0x0009, 0x2148, 
  0xd2c1, 0xffed, 0x07ff, 0x681f, 0xfb40, 0xffed, 0x07ff, 0x681f, 0xfb40, 0xffed, 0x07ff, 0x681f, 0xc281, 0xe486, 0x0900, 0x0000, 
  0xb9e0, 0x054a, 0x5000, 0x0000, 0x0000, 0x0000, 0x0000, 0x0000, 0x0000, 0x0000, 0x0000, 0x0000, 0x0000, 0x0000, 0x0000, 0x0000, 
  0x0000, 0x0000, 0x0000, 0x0000, 0x0000, 0x0000, 0x0000, 0x0000, 0x0000, 0x0000, 0x0000, 0x0000, 0x0000, 0x0000, 0x0000, 0x0000, 
  0x0000, 0x0000, 0x000f, 0x39e0, 0x0000, 0x0223, 0x231b, 0x585f, 0xfb60, 0xffed, 0x07ff, 0x681f, 0xfb40, 0xffed, 0x07df, 0x681f, 
  0xe320, 0x4800, 0x001f, 0x7800, 0x0000, 0x0000, 0x0000, 0x0000, 0xfb40, 0xe7ed, 0x07ff, 0x681f, 0xfb40, 0xffed, 0x07ff, 0x681f, 
  0xf340, 0xfe6b, 0x0940, 0x0000, 0xfbe0, 0x0000, 0x0000, 0x0000, 0x0000, 0x0000, 0x0000, 0x0000, 0x0000, 0x0000, 0x0000, 0x0000, 
  0x0000, 0x0000, 0x0000, 0x0000, 0x0000, 0x0000, 0x0000, 0x0000, 0x0000, 0x0000, 0x0000, 0x0000, 0x0000, 0x0000, 0x0000, 0x0000, 
  0x0000, 0x0000, 0x0000, 0x0000, 0x0000, 0x0000, 0x0000, 0x0000, 0x0000, 0x0000, 0x0000, 0x0000, 0x0000, 0x0000, 0x0000, 0x0000, 
  0x0000, 0x0000, 0x0000, 0x0000, 0x0000, 0x0000, 0x0000, 0x0000, 0x0000, 0x0000, 0x0000, 0x0000, 0x0000, 0x0000, 0x0000, 0x0000, 
  0x0000, 0x0000, 0x0000, 0x0000, 0x0000, 0x0000, 0x0000, 0x0000, 0x0000, 0x0000, 0x0004, 0x0121, 0xc2a1, 0xefed, 0x07ff, 0x681f, 
  0xfb40, 0xffed, 0x07ff, 0x681f, 0xfb40, 0xffed, 0x07fb, 0x5837, 0x000d, 0x0000, 0x0000, 0x0000, 0x0000, 0x0000, 0x0000, 0x0000, 
  0x0000, 0x0000, 0x0000, 0x0000, 0x0000, 0x0000, 0x0000, 0x0000, 0x0000, 0x0000, 0x0000, 0x0000, 0x0000, 0x0000, 0x0000, 0x0000, 
  0x0000, 0x0000, 0x0000, 0x0000, 0x0000, 0x0000, 0x0000, 0x0000, 0x0000, 0x07e0, 0x0013, 0x3000, 0x7be0, 0x0000, 0x0000, 0x0000, 
  0x0000, 0x0000, 0x0000, 0x0000, 0x0000, 0x0000, 0x0000, 0x0000, 0x0000, 0x0000, 0x0000, 0x0000, 0x0000, 0x0000, 0x0000, 0x0000, 
  0x0000, 0x0000, 0x0000, 0x0000, 0x0000, 0x0000, 0x0000, 0x0000, 0x0000, 0x0000, 0x0000, 0x0000, 0x0000, 0x0000, 0x0000, 0x0000, 
  0x0000, 0x0000, 0x0000, 0x0000, 0x0000, 0x0000, 0x0000, 0x0000, 0x0000, 0x0000, 0x0000, 0x0000, 0xf9e0, 0x07ef, 0x003f, 0x7800, 
  0x0000, 0x0061, 0x308e, 0x30e3, 0xb241, 0x2cc8, 0x15db, 0x5837, 0xfb40, 0xbf2c, 0x0fbf, 0x683f, 0xfb60, 0xffee, 0x07ff, 0x701f, 
  0xfb80, 0xffee, 0x07ff, 0x681f, 0xfb40, 0xffed, 0x07ff, 0x681f, 0xfb40, 0xffed, 0x07ff, 0x681f, 0xfb40, 0xffed, 0x07f5, 0x4899, 
  0x0000, 0x054a, 0x0000, 0x0000, 0x0000, 0x0000, 0x0000, 0x0000, 0x0000, 0x0000, 0x0000, 0x0000, 0x0000, 0x0000, 0x0000, 0x0000, 
  0x0000, 0x0000, 0x0000, 0x0000, 0x0000, 0x0000, 0x0000, 0x0000, 0x0000, 0x0000, 0x0000, 0x0000, 0x0000, 0x054a, 0x0000, 0x0000, 
  0xaa42, 0x57cd, 0x07ff, 0x681f, 0xfb40, 0xffed, 0x07ff, 0x681f, 0xfb40, 0xffed, 0x07ff, 0x681f, 0xfb80, 0xff6c, 0x06f4, 0x4085, 
  0x0009, 0x0000, 0x001f, 0x6000, 0xfbe0, 0x0000, 0x0000, 0x0000, 0x0000, 0x0000, 0x0000, 0x0000, 0x0000, 0x0000, 0x0000, 0x0000, 
  0x0000, 0x0000, 0x0000, 0x0000, 0x0000, 0x0000, 0x0000, 0x0000, 0x0000, 0x0000, 0x0000, 0x0000, 0x0000, 0x0000, 0x0000, 0x0000, 
  0x0000, 0x0000, 0x000f, 0x38e1, 0x0000, 0x02e5, 0x22fc, 0x605f, 0xfb60, 0xffed, 0x07ff, 0x681f, 0xfb40, 0xffed, 0x07df, 0x681f, 
  0xe320, 0x4800, 0x001f, 0x7800, 0x0000, 0x0000, 0x0000, 0x0000, 0xfb40, 0xe7ed, 0x07ff, 0x681f, 0xfb40, 0xffed, 0x07ff, 0x681f, 
  0xf340, 0xfeab, 0x0960, 0x0000, 0xfbe0, 0x07e7, 0x0037, 0x3800, 0xb9e0, 0x03e7, 0x0020, 0x0000, 0x0000, 0x0000, 0x0000, 0x0000, 
  0x0000, 0x0000, 0x0000, 0x0000, 0x0000, 0x0000, 0x0000, 0x0000, 0x0000, 0x0000, 0x0000, 0x0000, 0x0000, 0x0000, 0x0000, 0x0000, 
  0x0000, 0x0000, 0x0000, 0x0000, 0x0000, 0x0000, 0x0000, 0x0000, 0x0000, 0x0000, 0x0000, 0x0000, 0x0000, 0x0000, 0x0000, 0x0000, 
  0x0000, 0x0000, 0x0000, 0x0000, 0x0000, 0x0000, 0x0000, 0x0000, 0x0000, 0x0000, 0x0000, 0x0000, 0x0000, 0x0000, 0x0000, 0x0000, 
  0x0000, 0x0000, 0x0000, 0x0000, 0x0000, 0x0000, 0x0000, 0x0000, 0xb9e0, 0x0000, 0x0016, 0x4870, 0xfb60, 0xffed, 0x07df, 0x681f, 
  0xfb40, 0xffed, 0x07ff, 0x681f, 0xfb40, 0xff6c, 0x07f4, 0x4088, 0x0000, 0x05e7, 0x0020, 0x0000, 0x0000, 0x0000, 0x0000, 0x0000, 
  0x0000, 0x0000, 0x0000, 0x0000, 0x0000, 0x0000, 0x0000, 0x0000, 0x0000, 0x0000, 0x0000, 0x0000, 0x0000, 0x0000, 0x0000, 0x0000, 
  0x0000, 0x0000, 0x0000, 0x0000, 0x0000, 0x0000, 0x001f, 0x0000, 0xcb20, 0x07ea, 0x0000, 0x0000, 0xfbe0, 0x07e0, 0x0000, 0x0000, 
  0x0000, 0x0000, 0x0000, 0x0000, 0x0000, 0x0000, 0x0000, 0x0000, 0x0000, 0x0000, 0x0000, 0x0000, 0x0000, 0x0000, 0x0000, 0x0000, 
  0x0000, 0x0000, 0x0000, 0x0000, 0x0000, 0x0000, 0x0000, 0x0000, 0x0000, 0x0000, 0x0000, 0x0000, 0x0000, 0x0000, 0x0000, 0x0000, 
  0x0000, 0x0000, 0x0000, 0x0000, 0x0000, 0x0000, 0x0000, 0x0000, 0x0000, 0x03e0, 0x0017, 0x7800, 0x7800, 0x0000, 0x000c, 0x2908, 
  0xaa42, 0x6d89, 0x0e5a, 0x585f, 0xf320, 0xffed, 0x07ff, 0x681f, 0xfb60, 0xffed, 0x07ff, 0x681f, 0xfb40, 0xffed, 0x07df, 0x681f, 
  0xfb40, 0xffed, 0x07df, 0x681f, 0xfb40, 0xffed, 0x07ff, 0x681f, 0xfb40, 0xffed, 0x07ff, 0x681f, 0xfb40, 0xffed, 0x07fa, 0x583d, 
  0x2085, 0x2800, 0x000f, 0x0000, 0x0000, 0x0000, 0x0000, 0x0000, 0x0000, 0x0000, 0x0000, 0x0000, 0x0000, 0x0000, 0x0000, 0x0000, 
  0x0000, 0x0000, 0x0000, 0x0000, 0x0000, 0x0000, 0x0000, 0x0000, 0x0000, 0x0000, 0x0000, 0x0000, 0x0000, 0x0000, 0x0000, 0x0000, 
  0x0007, 0x14e8, 0x169f, 0x681f, 0xfb40, 0xffed, 0x07ff, 0x681f, 0xfb40, 0xffed, 0x07ff, 0x681f, 0xfb20, 0xffee, 0x07dd, 0x603f, 
  0xa222, 0xaa84, 0x21e0, 0x0000, 0xaaa0, 0x0666, 0x002f, 0x0000, 0x0000, 0x0000, 0x0000, 0x0000, 0x0000, 0x0000, 0x0000, 0x0000, 
  0x0000, 0x0000, 0x0000, 0x0000, 0x0000, 0x0000, 0x0000, 0x0000, 0x0000, 0x0000, 0x0000, 0x0000, 0x0000, 0x0000, 0x0000, 0x0000, 
  0x0000, 0x054a, 0x001f, 0xf800, 0x0000, 0x060a, 0x0d1f, 0x681f, 0xfb40, 0xffed, 0x07ff, 0x681f, 0xfb40, 0xffed, 0x07df, 0x681f, 
  0xe320, 0x4800, 0x001f, 0x7800, 0x0000, 0x0000, 0x0000, 0x0000, 0xfb40, 0xe7ed, 0x07ff, 0x681f, 0xfb40, 0xffed, 0x07ff, 0x681f, 
  0xf320, 0xfe6a, 0x0940, 0x0000, 0xfbe0, 0x0000, 0x0000, 0x0000, 0x0000, 0x0000, 0x001f, 0xa800, 0xfbe0, 0x05e7, 0x002f, 0x0000, 
  0x0000, 0x0000, 0x0000, 0x0000, 0x0000, 0x0000, 0x0000, 0x0000, 0x0000, 0x0000, 0x0000, 0x0000, 0x0000, 0x0000, 0x0000, 0x0000, 
  0x0000, 0x0000, 0x0000, 0x0000, 0x0000, 0x0000, 0x0000, 0x0000, 0x0000, 0x0000, 0x0000, 0x0000, 0x0000, 0x0000, 0x0000, 0x0000, 
  0x0000, 0x0000, 0x0000, 0x0000, 0x0000, 0x0000, 0x0000, 0x0000, 0x0000, 0x0000, 0x0000, 0x0000, 0x0000, 0x0000, 0x0000, 0x0000, 
  0x0000, 0x0000, 0x0000, 0x0000, 0x0000, 0x0000, 0x001f, 0x0000, 0x0000, 0x0263, 0x20bc, 0x603a, 0xfb60, 0xffed, 0x07ff, 0x681f, 
  0xfb40, 0xffed, 0x07ff, 0x681f, 0xfb60, 0xfe0a, 0x0d80, 0x0000, 0xcb20, 0x0000, 0x0000, 0x0000, 0x0000, 0x0000, 0x0000, 0x0000, 
  0x0000, 0x0000, 0x0000, 0x0000, 0x0000, 0x0000, 0x0000, 0x0000, 0x0000, 0x0000, 0x0000, 0x0000, 0x0000, 0x0000, 0x0000, 0x0000, 
  0x0000, 0x0000, 0x0000, 0x0000, 0x0000, 0x02aa, 0x0019, 0x6000, 0x0000, 0x02e5, 0x2133, 0x408f, 0x89e2, 0x3800, 0x000f, 0x7800, 
  0x0000, 0x0000, 0x0000, 0x0000, 0x0000, 0x0000, 0x0000, 0x0000, 0x0000, 0x0000, 0x0000, 0x0000, 0x0000, 0x0000, 0x0000, 0x0000, 
  0x0000, 0x0000, 0x0000, 0x0000, 0x0000, 0x0000, 0x0000, 0x0000, 0x0000, 0x0000, 0x0000, 0x0000, 0x0000, 0x0000, 0x0000, 0x0000, 
  0x0000, 0x0000, 0x0000, 0x0000, 0x0000, 0x0000, 0x000f, 0x3800, 0xffe0, 0x0000, 0x0009, 0x2120, 0xaa21, 0x25ca, 0x0d9c, 0x605e, 
  0xfb60, 0xffed, 0x07ff, 0x681f, 0xfb40, 0xffed, 0x07df, 0x681f, 0xfb40, 0xffed, 0x07ff, 0x681f, 0xfb40, 0xffed, 0x07ff, 0x681f, 
  0xfb40, 0xffed, 0x07ff, 0x681f, 0xfb40, 0xffed, 0x07ff, 0x681f, 0xfb40, 0xffed, 0x07ff, 0x681f, 0xfb40, 0xffed, 0x07df, 0x683f, 
  0xb262, 0x7000, 0x0013, 0x3000, 0x0000, 0x0000, 0x0000, 0x0000, 0x0000, 0x0000, 0x0000, 0x0000, 0x0000, 0x0000, 0x0000, 0x0000, 
  0x0000, 0x0000, 0x0000, 0x0000, 0x0000, 0x0000, 0x0000, 0x0000, 0x0000, 0x0000, 0x0000, 0x0000, 0x0000, 0x0000, 0x0000, 0x0000, 
  0x0000, 0x0000, 0x3097, 0x4879, 0xfb80, 0xffed, 0x07df, 0x681f, 0xfb40, 0xffed, 0x07ff, 0x681f, 0xfb40, 0xffed, 0x07ff, 0x681f, 
  0xfb60, 0xfecb, 0x0ff9, 0x502b, 0x8922, 0x0800, 0x0000, 0x0000, 0x0000, 0x07ff, 0x0017, 0x3800, 0x79e0, 0x0000, 0x0000, 0x0000, 
  0x0000, 0x0000, 0x0000, 0x0000, 0x0000, 0x0000, 0x0000, 0x0000, 0x0000, 0x0000, 0x0000, 0x0000, 0x7800, 0x04c6, 0x003f, 0x7800, 
  0x0000, 0x0000, 0x3820, 0x01a2, 0xc281, 0x9fed, 0x07ff, 0x681f, 0xfb40, 0xffed, 0x07ff, 0x681f, 0xfb40, 0xffed, 0x07df, 0x681f, 
  0xe320, 0x4800, 0x001f, 0x7800, 0x0000, 0x0000, 0x0000, 0x0000, 0xfb40, 0xe7ed, 0x07ff, 0x681f, 0xfb40, 0xffed, 0x07ff, 0x681f, 
  0xfb40, 0xfd69, 0x15bf, 0x8003, 0xfb20, 0x2f2b, 0x0156, 0x4865, 0x7983, 0x29e3, 0x2140, 0x00e1, 0x0000, 0x0000, 0x0000, 0x0000, 
  0x0000, 0x0000, 0x001f, 0xf800, 0xf9e0, 0x05e7, 0x0020, 0x0000, 0x0000, 0x0000, 0x0000, 0x0000, 0x0000, 0x0000, 0x0000, 0x0000, 
  0x0000, 0x0000, 0x0000, 0x0000, 0x0000, 0x0000, 0x0000, 0x0000, 0x0000, 0x0000, 0x0000, 0x0000, 0x0000, 0x0000, 0x0000, 0x0000, 
  0x0000, 0x0000, 0x0000, 0x0000, 0x0000, 0x0000, 0x0000, 0x0000, 0x0000, 0x0000, 0x0000, 0x0000, 0x0000, 0x0000, 0x0000, 0x0000, 
  0x0000, 0x0000, 0x0000, 0x0000, 0x0000, 0x0000, 0x0000, 0x0000, 0x0000, 0x0508, 0x167f, 0x681f, 0xfb40, 0xffed, 0x07ff, 0x681f, 
  0xfb40, 0xffed, 0x07ff, 0x681f, 0xf320, 0xfa03, 0x2d60, 0x0000, 0x6924, 0x0000, 0x0000, 0x0000, 0x0000, 0x0000, 0x0000, 0x0000, 
  0x0000, 0x0000, 0x0000, 0x0000, 0x0000, 0x0000, 0x0000, 0x0000, 0x0000, 0x0000, 0x0000, 0x0000, 0x0000, 0x0000, 0x0000, 0x0000, 
  0x0000, 0x0000, 0x0017, 0x3800, 0xffe0, 0x0000, 0x0000, 0x0000, 0x81c3, 0x96cb, 0x0f3f, 0x703f, 0xe301, 0xa000, 0x001f, 0x7800, 
  0x0000, 0x0000, 0x0000, 0x0000, 0x0000, 0x0000, 0x0000, 0x0000, 0x0000, 0x0000, 0x0000, 0x0000, 0x0000, 0x0000, 0x0000, 0x0000, 
  0x0000, 0x0000, 0x0000, 0x0000, 0x0000, 0x0000, 0x0000, 0x0000, 0x0000, 0x0000, 0x0000, 0x0000, 0x0000, 0x0000, 0x0000, 0x0000, 
  0x0000, 0x0000, 0x0000, 0x0000, 0x0000, 0x07ef, 0x0015, 0x5000, 0x0000, 0x0427, 0x1999, 0x5053, 0xeb20, 0xffed, 0x07ff, 0x681f, 
  0xfb40, 0xffed, 0x07ff, 0x681f, 0xfb40, 0xffed, 0x07ff, 0x681f, 0xfb40, 0xffed, 0x07ff, 0x681f, 0xfb40, 0xffed, 0x07ff, 0x681f, 
  0xfb40, 0xffed, 0x07ff, 0x681f, 0xfb40, 0xffed, 0x07ff, 0x681f, 0xfb40, 0xffed, 0x07ff, 0x681f, 0xfb40, 0xffed, 0x07ff, 0x701f, 
  0xe2e0, 0xb000, 0x603f, 0xf800, 0x0000, 0x0000, 0x0000, 0x0000, 0x0000, 0x0000, 0x0000, 0x0000, 0x0000, 0x0000, 0x0000, 0x0000, 
  0x0000, 0x0000, 0x0000, 0x0000, 0x0000, 0x0000, 0x0000, 0x0000, 0x0000, 0x0000, 0x0000, 0x0000, 0x0000, 0x0000, 0x0000, 0x0000, 
  0xaaa0, 0x0000, 0x000c, 0x28e2, 0xcaa1, 0xd7ee, 0x07ff, 0x681f, 0xfb40, 0xffed, 0x07ff, 0x681f, 0xfb40, 0xffed, 0x07ff, 0x681f, 
  0xfb40, 0xffed, 0x07df, 0x701f, 0xeb00, 0xcde9, 0x0c0c, 0x2908, 0x0000, 0x02a0, 0x5000, 0x0000, 0x0000, 0x07ef, 0x0037, 0x3800, 
  0xb9e0, 0x03e7, 0x002f, 0x3800, 0x39e7, 0x01e7, 0x382f, 0x39e0, 0x79e0, 0x05e7, 0x0037, 0x3800, 0xfbe0, 0x0000, 0x0015, 0x52a0, 
  0x0000, 0x0467, 0x1277, 0x507f, 0xfb60, 0xffed, 0x07ff, 0x681f, 0xfb40, 0xffed, 0x07ff, 0x681f, 0xfb40, 0xffed, 0x07df, 0x681f, 
  0xe320, 0x4800, 0x001f, 0x7800, 0x0000, 0x0000, 0x0000, 0x0000, 0xfb40, 0xe7ed, 0x07ff, 0x681f, 0xfb40, 0xffed, 0x07ff, 0x681f, 
  0xfb40, 0xffed, 0x07ff, 0x701f, 0xfb60, 0xffed, 0x07fd, 0x603f, 0xdae1, 0xfe4a, 0x0ffb, 0x5833, 0xe300, 0x7528, 0x146f, 0x30e6, 
  0x0000, 0x03ef, 0x7800, 0x0000, 0x0000, 0x0000, 0x001f, 0x5000, 0xb9e0, 0x054a, 0x0000, 0x0000, 0x0000, 0x0000, 0x0000, 0x0000, 
  0x0000, 0x0000, 0x0000, 0x0000, 0x0000, 0x0000, 0x0000, 0x0000, 0x0000, 0x0000, 0x0000, 0x0000, 0x0000, 0x0000, 0x0000, 0x0000, 
  0x0000, 0x0000, 0x0000, 0x0000, 0x0000, 0x0000, 0x0000, 0x0000, 0x0000, 0x0000, 0x0000, 0x0000, 0x0000, 0x0000, 0x0000, 0x0000, 
  0x0000, 0x0000, 0x0000, 0x0000, 0x0000, 0x054a, 0x0000, 0x0000, 0x91e2, 0x578c, 0x07ff, 0x681f, 0xfb40, 0xffed, 0x07ff, 0x681f, 
  0xfb40, 0xffed, 0x07ff, 0x681f, 0xfb40, 0xfd89, 0x0f0c, 0x3143, 0x0000, 0x054a, 0x0000, 0x0000, 0x0000, 0x0000, 0x0000, 0x0000, 
  0x0000, 0x0000, 0x0000, 0x0000, 0x0000, 0x0000, 0x0000, 0x0000, 0x0000, 0x0000, 0x0000, 0x0000, 0x0000, 0x0000, 0x0000, 0x0000, 
  0x7800, 0x05e7, 0x002f, 0x7800, 0x0000, 0x0487, 0x121b, 0x5835, 0xfb60, 0xffed, 0x07df, 0x681f, 0xfb40, 0xfc26, 0x1c20, 0x0000, 
  0xfbe0, 0x0000, 0x0000, 0x0000, 0x0000, 0x0000, 0x0000, 0x0000, 0x0000, 0x0000, 0x0000, 0x0000, 0x0000, 0x0000, 0x0000, 0x0000, 
  0x0000, 0x0000, 0x0000, 0x0000, 0x0000, 0x0000, 0x0000, 0x0000, 0x0000, 0x0000, 0x0000, 0x0000, 0x0000, 0x0000, 0x0000, 0x0000, 
  0x0000, 0x0000, 0x000a, 0x5000, 0xfd40, 0x0000, 0x302b, 0x2105, 0xaa42, 0xaf4c, 0x07bf, 0x681f, 0xfb40, 0xffcd, 0x07df, 0x681f, 
  0xfb40, 0xffed, 0x07ff, 0x681f, 0xfb40, 0xffed, 0x07ff, 0x681f, 0xfb40, 0xffed, 0x07ff, 0x681f, 0xfb40, 0xffed, 0x07ff, 0x681f, 
  0xfb40, 0xffed, 0x07ff, 0x681f, 0xfb40, 0xffed, 0x07ff, 0x681f, 0xfb40, 0xffed, 0x07ff, 0x681f, 0xfb40, 0xffed, 0x07ff, 0x681f, 
  0xfb60, 0xfecb, 0x0a00, 0x0000, 0xfbe0, 0x0000, 0x0000, 0x0000, 0x0000, 0x0000, 0x0000, 0x0000, 0x0000, 0x0000, 0x0000, 0x0000, 
  0x0000, 0x0000, 0x0000, 0x0000, 0x0000, 0x0000, 0x0000, 0x0000, 0x0000, 0x0000, 0x0000, 0x0000, 0x0000, 0x0000, 0x0000, 0x0000, 
  0x0000, 0x054a, 0x0000, 0x0000, 0x5924, 0x164a, 0x0e7f, 0x681f, 0xfb40, 0xffcd, 0x07ff, 0x681f, 0xfb40, 0xffed, 0x07ff, 0x681f, 
  0xfb40, 0xffcd, 0x07ff, 0x681f, 0xfb60, 0xffed, 0x07fe, 0x603d, 0xb261, 0xe508, 0x1418, 0x5045, 0x6144, 0x3800, 0x5000, 0x0000, 
  0x0000, 0x0000, 0x0000, 0x0000, 0x0000, 0x0000, 0x0000, 0x0000, 0x0000, 0x0000, 0x0000, 0x0000, 0x30c5, 0x1c26, 0x1990, 0x38d1, 
  0xb261, 0xe7ed, 0x077f, 0x681f, 0xfb40, 0xffed, 0x07ff, 0x681f, 0xfb40, 0xffed, 0x07ff, 0x681f, 0xfb40, 0xffed, 0x07df, 0x681f, 
  0xe300, 0x4800, 0x001f, 0x7800, 0x0000, 0x0000, 0x0000, 0x0000, 0xfb40, 0xe7ed, 0x07ff, 0x681f, 0xfb40, 0xffed, 0x07ff, 0x681f, 
  0xfb40, 0xffed, 0x07ff, 0x601f, 0xfb40, 0xffed, 0x07df, 0x681f, 0xfb60, 0xffed, 0x07df, 0x701f, 0xfb80, 0xffed, 0x07ff, 0x601d, 
  0xeb00, 0xd5ca, 0x0f55, 0x4894, 0xe300, 0x2c06, 0x1a07, 0x1141, 0x0000, 0x0000, 0x0000, 0x0000, 0xfbe0, 0x03e7, 0x0020, 0x0000, 
  0x0000, 0x0000, 0x0000, 0x0000, 0x0000, 0x0000, 0x0000, 0x0000, 0x0000, 0x0000, 0x0000, 0x0000, 0x0000, 0x0000, 0x0000, 0x0000, 
  0x0000, 0x0000, 0x0000, 0x0000, 0x0000, 0x0000, 0x0000, 0x0000, 0x0000, 0x0000, 0x0000, 0x0000, 0x0000, 0x0000, 0x0000, 0x0000, 
  0x0000, 0x0000, 0x0000, 0x0000, 0x0000, 0x05e7, 0x0020, 0x0000, 0xb241, 0x7fed, 0x07ff, 0x681f, 0xfb40, 0xffed, 0x07ff, 0x681f, 
  0xfb40, 0xffed, 0x07ff, 0x681f, 0xfb40, 0xffed, 0x07f9, 0x505c, 0x89e1, 0x2000, 0x0017, 0x3800, 0x0000, 0x0000, 0x0000, 0x0000, 
  0x0000, 0x0000, 0x0000, 0x0000, 0x0000, 0x0000, 0x0000, 0x0000, 0x0000, 0x0000, 0x0000, 0x0000, 0x0000, 0x07e0, 0x001f, 0x7800, 
  0x0000, 0x0183, 0x1851, 0x38a7, 0xb261, 0xbfac, 0x07bf, 0x681f, 0xfb40, 0xffed, 0x07ff, 0x681f, 0xfb60, 0xfe6b, 0x0f24, 0x1162, 
  0x0000, 0x0000, 0x0000, 0x0000, 0x0000, 0x0000, 0x0000, 0x0000, 0x0000, 0x0000, 0x0000, 0x0000, 0x0000, 0x0000, 0x0000, 0x0000, 
  0x0000, 0x0000, 0x0000, 0x0000, 0x0000, 0x0000, 0x0000, 0x0000, 0x0000, 0x0000, 0x0000, 0x0000, 0x0000, 0x0000, 0x0000, 0x0000, 
  0x0000, 0x07e0, 0x0013, 0x3000, 0x0000, 0x04e8, 0x135a, 0x587f, 0xfb60, 0xffed, 0x07ff, 0x681f, 0xfb40, 0xffed, 0x07ff, 0x681f, 
  0xfb40, 0xffed, 0x07ff, 0x681f, 0xfb40, 0xffed, 0x07ff, 0x681f, 0xfb40, 0xffed, 0x07ff, 0x681f, 0xfb40, 0xffed, 0x07df, 0x681f, 
  0xfb60, 0xffed, 0x07df, 0x681f, 0xfb40, 0xffed, 0x07df, 0x681f, 0xfb40, 0xffed, 0x07ff, 0x681f, 0xfb40, 0xffed, 0x07ff, 0x681f, 
  0xfb60, 0xfeab, 0x0f87, 0x1946, 0x0000, 0x02a0, 0x0000, 0x0000, 0x0000, 0x0000, 0x0000, 0x0000, 0x0000, 0x0000, 0x0000, 0x0000, 
  0x0000, 0x0000, 0x0000, 0x0000, 0x0000, 0x0000, 0x0000, 0x0000, 0x0000, 0x0000, 0x0000, 0x0000, 0x0000, 0x0000, 0x0000, 0x0000, 
  0x0000, 0x0000, 0x0015, 0x5000, 0x0000, 0x01e3, 0x20b3, 0x409a, 0xfb40, 0xffed, 0x07df, 0x681f, 0xfb40, 0xffed, 0x07ff, 0x681f, 
  0xfb40, 0xffed, 0x07ff, 0x681f, 0xfb40, 0xffed, 0x07df, 0x681f, 0xfb60, 0xffed, 0x07fe, 0x603f, 0xd2c1, 0xff4c, 0x04fa, 0x5052, 
  0xb241, 0x9487, 0x14ad, 0x30f2, 0x6144, 0x9305, 0x24ad, 0x28f2, 0x89c2, 0x9589, 0x0cda, 0x5851, 0xd2c1, 0xc70c, 0x0fff, 0x681f, 
  0xfb60, 0xffed, 0x07ff, 0x681f, 0xfb40, 0xffed, 0x07ff, 0x681f, 0xfb40, 0xffed, 0x07ff, 0x681f, 0xfb40, 0xffed, 0x07df, 0x681f, 
  0xe300, 0x4800, 0x001f, 0x7800, 0x0000, 0x0000, 0x0000, 0x0000, 0xfb40, 0xe7ed, 0x07ff, 0x681f, 0xfb40, 0xffed, 0x07ff, 0x681f, 
  0xfb40, 0xffed, 0x07ff, 0x681f, 0xfb40, 0xffed, 0x07ff, 0x681f, 0xfb40, 0xffed, 0x07ff, 0x681f, 0xfb40, 0xffed, 0x07df, 0x681f, 
  0xfb60, 0xffed, 0x07ff, 0x681f, 0xfb40, 0xff0c, 0x0ffc, 0x6035, 0xc281, 0x9b86, 0x1ba0, 0x0000, 0x7800, 0x0000, 0x001f, 0x7800, 
  0x79e0, 0x0000, 0x0000, 0x0000, 0x0000, 0x0000, 0x0000, 0x0000, 0x0000, 0x0000, 0x0000, 0x0000, 0x0000, 0x0000, 0x0000, 0x0000, 
  0x0000, 0x0000, 0x0000, 0x0000, 0x0000, 0x0000, 0x0000, 0x0000, 0x0000, 0x0000, 0x0000, 0x0000, 0x0000, 0x0000, 0x0000, 0x0000, 
  0x0000, 0x0000, 0x0000, 0x0000, 0x0000, 0x0000, 0x000f, 0x7800, 0x0000, 0x0528, 0x145e, 0x603f, 0xfb60, 0xffed, 0x07ff, 0x681f, 
  0xfb40, 0xffed, 0x07ff, 0x681f, 0xfb40, 0xffed, 0x07df, 0x681f, 0xeb00, 0xe5c9, 0x08e0, 0x0000, 0xaaa0, 0x0000, 0x0000, 0x0000, 
  0x0000, 0x0000, 0x0000, 0x0000, 0x0000, 0x0000, 0x0000, 0x0000, 0x0000, 0x0000, 0x0000, 0x0000, 0xaaa0, 0x054a, 0x0020, 0x0000, 
  0x6963, 0x3de9, 0x0d9d, 0x605f, 0xfb60, 0xffed, 0x07ff, 0x681f, 0xfb40, 0xffed, 0x07ff, 0x681f, 0xfb40, 0xffed, 0x07f5, 0x48af, 
  0x0000, 0x066c, 0x0020, 0x0000, 0x0000, 0x0000, 0x0000, 0x0000, 0x0000, 0x0000, 0x0000, 0x0000, 0x0000, 0x0000, 0x0000, 0x0000, 
  0x0000, 0x0000, 0x0000, 0x0000, 0x0000, 0x0000, 0x0000, 0x0000, 0x0000, 0x0000, 0x0000, 0x0000, 0x0000, 0x0000, 0x0000, 0x0000, 
  0xb9e0, 0x0000, 0x0007, 0x1944, 0xd2a0, 0x87cd, 0x07ff, 0x681f, 0xfb40, 0xffed, 0x07ff, 0x681f, 0xfb40, 0xffed, 0x07ff, 0x681f, 
  0xfb40, 0xffed, 0x07ff, 0x681f, 0xfb40, 0xffed, 0x07ff, 0x681f, 0xfb60, 0xffed, 0x07ff, 0x683f, 0xfb20, 0xff6c, 0x07fc, 0x605f, 
  0xe301, 0xff4c, 0x0ffe, 0x603f, 0xfb40, 0xffed, 0x07ff, 0x681f, 0xfb40, 0xffed, 0x07ff, 0x681f, 0xfb40, 0xffed, 0x07ff, 0x681f, 
  0xfb40, 0xffed, 0x07f6, 0x48b1, 0x0000, 0x07ea, 0x0000, 0x0000, 0x0000, 0x0000, 0x0000, 0x0000, 0x0000, 0x0000, 0x0000, 0x0000, 
  0x0000, 0x0000, 0x0000, 0x0000, 0x0000, 0x0000, 0x0000, 0x0000, 0x0000, 0x0000, 0x0000, 0x0000, 0x0000, 0x0000, 0x0000, 0x0000, 
  0x0000, 0x0000, 0x0000, 0x0000, 0x0000, 0x07ef, 0x0000, 0x0000, 0xd2c1, 0x4f4c, 0x07df, 0x681f, 0xfb40, 0xffed, 0x07ff, 0x681f, 
  0xfb40, 0xffed, 0x07ff, 0x681f, 0xfb40, 0xffed, 0x07ff, 0x681f, 0xfb40, 0xffed, 0x07ff, 0x681f, 0xfb60, 0xffee, 0x07ff, 0x701f, 
  0xfb80, 0xffed, 0x07ff, 0x683f, 0xfb40, 0xffed, 0x07ff, 0x683f, 0xfb60, 0xffee, 0x07ff, 0x701f, 0xfb80, 0xffed, 0x07ff, 0x681f, 
  0xfb40, 0xffed, 0x07ff, 0x681f, 0xfb40, 0xffed, 0x07ff, 0x681f, 0xfb40, 0xffed, 0x07ff, 0x681f, 0xfb40, 0xffed, 0x07df, 0x681f, 
  0xe300, 0x4800, 0x001f, 0x7800, 0x0000, 0x0000, 0x0000, 0x0000, 0xfb40, 0xe7ed, 0x07ff, 0x681f, 0xfb40, 0xffed, 0x07ff, 0x681f, 
  0xfb40, 0xffed, 0x07ff, 0x681f, 0xfb40, 0xffed, 0x07ff, 0x681f, 0xfb40, 0xffed, 0x07ff, 0x681f, 0xfb40, 0xffed, 0x07ff, 0x681f, 
  0xfb40, 0xffed, 0x07ff, 0x681f, 0xfb40, 0xffed, 0x07ff, 0x701f, 0xfb80, 0xffed, 0x07fb, 0x583d, 0xdae0, 0x5c87, 0x1240, 0x03e0, 
  0x0000, 0x0000, 0x001f, 0x5000, 0xb9e0, 0x0000, 0x0000, 0x0000, 0x0000, 0x0000, 0x0000, 0x0000, 0x0000, 0x0000, 0x0000, 0x0000, 
  0x0000, 0x0000, 0x0000, 0x0000, 0x0000, 0x0000, 0x0000, 0x0000, 0x0000, 0x0000, 0x0000, 0x0000, 0x0000, 0x0000, 0x0000, 0x0000, 
  0x0000, 0x0000, 0x0000, 0x0000, 0x0000, 0x0000, 0x0000, 0x0000, 0xfbe0, 0x0000, 0x0010, 0x38ce, 0xf320, 0xd7ed, 0x07ff, 0x681f, 
  0xfb40, 0xffed, 0x07ff, 0x681f, 0xfb40, 0xffed, 0x07ff, 0x681f, 0xfb80, 0xff2c, 0x0735, 0x4064, 0x0000, 0x05ef, 0x0020, 0x0000, 
  0x0000, 0x0000, 0x0000, 0x0000, 0x0000, 0x0000, 0x0000, 0x0000, 0x0000, 0x05ef, 0x002f, 0x7800, 0x0000, 0x03e6, 0x18d8, 0x504c, 
  0xeb00, 0xf7ee, 0x07ff, 0x681f, 0xfb40, 0xffed, 0x07ff, 0x681f, 0xfb40, 0xffed, 0x07ff, 0x681f, 0xfb40, 0xffed, 0x07f9, 0x505f, 
  0x48e4, 0x2000, 0x001f, 0x0000, 0x0000, 0x0000, 0x0000, 0x0000, 0x0000, 0x0000, 0x0000, 0x0000, 0x0000, 0x0000, 0x0000, 0x0000, 
  0x0000, 0x0000, 0x0000, 0x0000, 0x0000, 0x0000, 0x0000, 0x0000, 0x0000, 0x0000, 0x0000, 0x0000, 0x0000, 0x0000, 0x0015, 0x5000, 
  0x0000, 0x0324, 0x1918, 0x507c, 0xfb80, 0xffed, 0x07df, 0x681f, 0xfb40, 0xffed, 0x07ff, 0x681f, 0xfb40, 0xffed, 0x07ff, 0x681f, 
  0xfb40, 0xffed, 0x07df, 0x681f, 0xfb60, 0xff8c, 0x07d9, 0x585e, 0xa222, 0xf5ea, 0x0b58, 0x5849, 0xaa21, 0x5467, 0x1aaf, 0x30ca, 
  0x79a3, 0x5447, 0x1ab4, 0x406a, 0xba61, 0x56ec, 0x0234, 0x4096, 0xcaa1, 0xffed, 0x07ff, 0x681f, 0xfb40, 0xffed, 0x07ff, 0x681f, 
  0xfb40, 0xffed, 0x07fc, 0x603e, 0x91e3, 0x1000, 0x001f, 0x0000, 0x0000, 0x0000, 0x0000, 0x0000, 0x0000, 0x0000, 0x0000, 0x0000, 
  0x0000, 0x0000, 0x0000, 0x0000, 0x0000, 0x0000, 0x0000, 0x0000, 0x0000, 0x0000, 0x0000, 0x0000, 0x0000, 0x0000, 0x0000, 0x0000, 
  0x0000, 0x0000, 0x0000, 0x0000, 0x0000, 0x03e0, 0x000f, 0x3800, 0x0000, 0x03a6, 0x1a95, 0x489f, 0xfb40, 0xffed, 0x07ff, 0x681f, 
  0xfb40, 0xffed, 0x07ff, 0x681f, 0xfb40, 0xffed, 0x07ff, 0x681f, 0xfb40, 0xffed, 0x07ff, 0x681f, 0xfb40, 0xffed, 0x07df, 0x681f, 
  0xfb40, 0xffed, 0x07df, 0x681f, 0xfb40, 0xffed, 0x07df, 0x681f, 0xfb40, 0xffed, 0x07df, 0x681f, 0xfb40, 0xffed, 0x07ff, 0x681f, 
  0xfb40, 0xffed, 0x07ff, 0x681f, 0xfb40, 0xffed, 0x07ff, 0x681f, 0xfb40, 0xffed, 0x07ff, 0x681f, 0xfb40, 0xffed, 0x07df, 0x681f, 
  0xe300, 0x4800, 0x001f, 0x7800, 0x0000, 0x0000, 0x0000, 0x0000, 0xfb40, 0xe7ed, 0x07ff, 0x681f, 0xfb40, 0xffed, 0x07ff, 0x681f, 
  0xfb40, 0xffed, 0x07ff, 0x681f, 0xfb40, 0xffed, 0x07ff, 0x681f, 0xfb40, 0xffed, 0x07ff, 0x681f, 0xfb40, 0xffed, 0x07ff, 0x681f, 
  0xfb40, 0xffed, 0x07ff, 0x681f, 0xfb40, 0xffed, 0x07ff, 0x681f, 0xfb40, 0xffed, 0x07ff, 0x681f, 0xfb80, 0xff6c, 0x07db, 0x5836, 
  0x9a02, 0x9962, 0x284f, 0x0000, 0x0000, 0x05e7, 0x002f, 0x0000, 0x0000, 0x0000, 0x0000, 0x0000, 0x0000, 0x0000, 0x0000, 0x0000, 
  0x0000, 0x0000, 0x0000, 0x0000, 0x0000, 0x0000, 0x0000, 0x0000, 0x0000, 0x0000, 0x0000, 0x0000, 0x0000, 0x0000, 0x0000, 0x0000, 
  0x0000, 0x0000, 0x0000, 0x0000, 0x0000, 0x0000, 0x0000, 0x0000, 0x0000, 0x05e7, 0x0020, 0x0000, 0xaa81, 0x16ab, 0x0e9f, 0x681f, 
  0xfb40, 0xffed, 0x07ff, 0x681f, 0xfb40, 0xffed, 0x07ff, 0x681f, 0xfb40, 0xffee, 0x07fd, 0x603b, 0xa222, 0x1800, 0x001f, 0x7800, 
  0x0000, 0x0000, 0x0000, 0x0000, 0x0000, 0x0000, 0x000f, 0x7be0, 0xb9e0, 0x02aa, 0x0000, 0x0000, 0xa222, 0x6eeb, 0x06bf, 0x681f, 
  0xfb60, 0xffed, 0x07df, 0x681f, 0xfb40, 0xffed, 0x07ff, 0x681f, 0xfb40, 0xffed, 0x07ff, 0x681f, 0xfb40, 0xffed, 0x07ff, 0x681f, 
  0xaa22, 0x9000, 0x0015, 0x5000, 0x0000, 0x0000, 0x0000, 0x0000, 0x0000, 0x0000, 0x0000, 0x0000, 0x0000, 0x0000, 0x0000, 0x0000, 
  0x0000, 0x0000, 0x0000, 0x0000, 0x0000, 0x0000, 0x0000, 0x0000, 0x0000, 0x0000, 0x0000, 0x0000, 0x0000, 0x05e7, 0x0020, 0x0000, 
  0xcaa0, 0x26cb, 0x075f, 0x681f, 0xfb40, 0xffed, 0x07ff, 0x681f, 0xfb40, 0xffed, 0x07ff, 0x681f, 0xfb40, 0xffed, 0x07ff, 0x681f, 
  0xfb80, 0xffcd, 0x07fb, 0x585b, 0xaa41, 0xab05, 0x2300, 0x0000, 0x100b, 0x0800, 0x0000, 0x0000, 0x0000, 0x0000, 0x0000, 0x0000, 
  0x0000, 0x0000, 0x0000, 0x0000, 0x0000, 0x07ef, 0x0000, 0x0000, 0x6164, 0x372c, 0x077f, 0x681f, 0xfb40, 0xffed, 0x07ff, 0x681f, 
  0xfb40, 0xffed, 0x07ff, 0x681f, 0xdae0, 0xcac4, 0x1060, 0x0000, 0x52a0, 0x0000, 0x0000, 0x0000, 0x0000, 0x0000, 0x0000, 0x0000, 
  0x0000, 0x0000, 0x0000, 0x0000, 0x0000, 0x0000, 0x0000, 0x0000, 0x0000, 0x0000, 0x0000, 0x0000, 0x0000, 0x0000, 0x0000, 0x0000, 
  0x0000, 0x0000, 0x0000, 0x0000, 0x0000, 0x0000, 0x0000, 0x0000, 0x7800, 0x03e7, 0x3820, 0x0540, 0x9202, 0x7f2c, 0x06ff, 0x701f, 
  0xfb60, 0xffed, 0x07df, 0x681f, 0xfb40, 0xffed, 0x07ff, 0x681f, 0xfb40, 0xffed, 0x07ff, 0x681f, 0xfb40, 0xffed, 0x07ff, 0x681f, 
  0xfb40, 0xffed, 0x07ff, 0x681f, 0xfb40, 0xffed, 0x07ff, 0x681f, 0xfb40, 0xffed, 0x07ff, 0x681f, 0xfb40, 0xffed, 0x07ff, 0x681f, 
  0xfb40, 0xffed, 0x07ff, 0x681f, 0xfb40, 0xffed, 0x07ff, 0x681f, 0xfb40, 0xffed, 0x07ff, 0x681f, 0xfb40, 0xffed, 0x07df, 0x681f, 
  0xe300, 0x4800, 0x001f, 0x7800, 0x0000, 0x0000, 0x0000, 0x0000, 0xfb40, 0xe7ed, 0x07ff, 0x681f, 0xfb40, 0xffed, 0x07ff, 0x681f, 
  0xfb40, 0xffed, 0x07ff, 0x681f, 0xfb40, 0xffed, 0x07ff, 0x681f, 0xfb40, 0xffed, 0x07ff, 0x681f, 0xfb40, 0xffed, 0x07ff, 0x681f, 
  0xfb40, 0xffed, 0x07ff, 0x681f, 0xfb40, 0xffed, 0x07ff, 0x681f, 0xfb40, 0xffed, 0x07ff, 0x681f, 0xfb40, 0xffed, 0x07df, 0x701f, 
  0xfb40, 0xfeab, 0x07fc, 0x582f, 0x81c2, 0x5002, 0x3860, 0x0000, 0x7800, 0x03e7, 0x0020, 0x0000, 0x0000, 0x0000, 0x0000, 0x0000, 
  0x0000, 0x0000, 0x0000, 0x0000, 0x0000, 0x0000, 0x0000, 0x0000, 0x0000, 0x0000, 0x0000, 0x0000, 0x0000, 0x0000, 0x0000, 0x0000, 
  0x0000, 0x0000, 0x0000, 0x0000, 0x0000, 0x0000, 0x0000, 0x0000, 0x0000, 0x0000, 0x000f, 0x3800, 0x0000, 0x0122, 0x2078, 0x5079, 
  0xfb80, 0xffed, 0x07df, 0x681f, 0xfb40, 0xffed, 0x07ff, 0x681f, 0xfb40, 0xffed, 0x07ff, 0x681f, 0xeb00, 0xe68b, 0x0100, 0x0000, 
  0xb9e0, 0x0000, 0x0000, 0x0000, 0x7800, 0x03e0, 0x0000, 0x0000, 0x1865, 0x14e8, 0x1319, 0x505c, 0xfb40, 0xffed, 0x07ff, 0x681f, 
  0xfb40, 0xffed, 0x07ff, 0x681f, 0xfb40, 0xffed, 0x07ff, 0x681f, 0xfb40, 0xffed, 0x07ff, 0x681f, 0xfb40, 0xffed, 0x07ff, 0x681f, 
  0xeb20, 0xe365, 0x18e0, 0x0000, 0x7800, 0x0000, 0x0000, 0x0000, 0x0000, 0x0000, 0x0000, 0x0000, 0x0000, 0x0000, 0x0000, 0x0000, 
  0x0000, 0x0000, 0x0000, 0x0000, 0x0000, 0x0000, 0x0000, 0x0000, 0x0000, 0x0000, 0x0000, 0x0000, 0xc980, 0x0000, 0x0018, 0x4865, 
  0xf340, 0xe7ee, 0x07ff, 0x681f, 0xfb40, 0xffed, 0x07ff, 0x681f, 0xfb40, 0xffed, 0x07ff, 0x681f, 0xfb40, 0xffed, 0x07fe, 0x601e, 
  0xd2c0, 0xad69, 0x09c8, 0x1945, 0x0000, 0x0000, 0x0000, 0x0000, 0x0000, 0x07f5, 0x0017, 0x3800, 0xb9e0, 0x05e7, 0x002f, 0x3800, 
  0x79e0, 0x03e7, 0x0037, 0x3800, 0xb9e0, 0x05e7, 0x0035, 0x5000, 0x0000, 0x04c8, 0x14ff, 0x683f, 0xfb40, 0xffed, 0x07ff, 0x681f, 
  0xfb40, 0xffed, 0x07ff, 0x681f, 0xfb80, 0xfde9, 0x0e20, 0x01e2, 0x0000, 0x0000, 0x0000, 0x0000, 0x0000, 0x0000, 0x0000, 0x0000, 
  0x0000, 0x0000, 0x0000, 0x0000, 0x0000, 0x0000, 0x0000, 0x0000, 0x0000, 0x0000, 0x0000, 0x0000, 0x0000, 0x0000, 0x0000, 0x0000, 
  0x0000, 0x0000, 0x0000, 0x0000, 0x0000, 0x0000, 0x0000, 0x0000, 0x0000, 0x02aa, 0x001f, 0x0000, 0x0000, 0x0385, 0x18d7, 0x484d, 
  0xdac0, 0xefed, 0x07df, 0x681f, 0xfb40, 0xffed, 0x07df, 0x681f, 0xfb40, 0xffed, 0x07ff, 0x681f, 0xfb40, 0xffed, 0x07ff, 0x681f, 
  0xfb40, 0xffed, 0x07ff, 0x681f, 0xfb40, 0xffed, 0x07ff, 0x681f, 0xfb40, 0xffed, 0x07ff, 0x681f, 0xfb40, 0xffed, 0x07ff, 0x681f, 
  0xfb40, 0xffed, 0x07df, 0x681f, 0xfb60, 0xffed, 0x07ff, 0x681f, 0xfb40, 0xffed, 0x07ff, 0x681f, 0xfb40, 0xffed, 0x07df, 0x681f, 
  0xe300, 0x4800, 0x001f, 0x7800, 0x0000, 0x0000, 0x0000, 0x0000, 0xfb40, 0xe7ed, 0x07ff, 0x681f, 0xfb40, 0xffed, 0x07ff, 0x681f, 
  0xfb40, 0xffed, 0x07ff, 0x681f, 0xfb40, 0xffed, 0x07ff, 0x681f, 0xfb40, 0xffed, 0x07ff, 0x681f, 0xfb40, 0xffed, 0x07ff, 0x681f, 
  0xfb40, 0xffed, 0x07ff, 0x681f, 0xfb40, 0xffed, 0x07ff, 0x681f, 0xfb40, 0xffed, 0x07ff, 0x681f, 0xfb40, 0xffed, 0x07ff, 0x681f, 
  0xfb40, 0xffed, 0x07ff, 0x701f, 0xf340, 0xfdea, 0x0eb0, 0x38cb, 0x0006, 0x0fe0, 0x0019, 0x6000, 0xb9e0, 0x0000, 0x0000, 0x0000, 
  0x0000, 0x0000, 0x0000, 0x0000, 0x0000, 0x0000, 0x0000, 0x0000, 0x0000, 0x0000, 0x0000, 0x0000, 0x0000, 0x0000, 0x0000, 0x0000, 
  0x0000, 0x0000, 0x0000, 0x0000, 0x0000, 0x0000, 0x0000, 0x0000, 0x0000, 0x0000, 0x0000, 0x0000, 0xaaa0, 0x0000, 0x0005, 0x0942, 
  0xb241, 0xcfed, 0x07ff, 0x681f, 0xfb40, 0xffed, 0x07ff, 0x681f, 0xfb40, 0xffed, 0x07ff, 0x681f, 0xfb80, 0xff4c, 0x0713, 0x3864, 
  0x0000, 0x06aa, 0x0039, 0x6000, 0xbbe0, 0x0000, 0x404e, 0x30ed, 0xc281, 0xdfcd, 0x07ff, 0x681f, 0xfb40, 0xffed, 0x07ff, 0x681f, 
  0xfb40, 0xffed, 0x07ff, 0x681f, 0xfb40, 0xffed, 0x07ff, 0x681f, 0xfb40, 0xffed, 0x07ff, 0x681f, 0xfb40, 0xffed, 0x07ff, 0x681f, 
  0xfb80, 0xff6c, 0x03c0, 0x0000, 0xfb20, 0x0000, 0x0000, 0x0000, 0x0000, 0x0000, 0x0000, 0x0000, 0x0000, 0x0000, 0x0000, 0x0000, 
  0x0000, 0x0000, 0x0000, 0x0000, 0x0000, 0x0000, 0x0000, 0x0000, 0x0000, 0x0000, 0x0017, 0x3800, 0x0000, 0x05c9, 0x093d, 0x603d, 
  0xfb60, 0xffed, 0x07ff, 0x681f, 0xfb40, 0xffed, 0x07ff, 0x681f, 0xfb40, 0xffec, 0x07ff, 0x681f, 0xfb40, 0xfd89, 0x1793, 0x40a6, 
  0x0000, 0x03ef, 0x001f, 0x0000, 0x9980, 0x000f, 0x7800, 0x0000, 0x0000, 0x0000, 0x0000, 0x0000, 0x0000, 0x0000, 0x0000, 0x0000, 
  0x0000, 0x0000, 0x0000, 0x0000, 0x0000, 0x0000, 0x0000, 0x0000, 0xffe0, 0x0000, 0xf81b, 0x5856, 0xfb60, 0xffed, 0x07ff, 0x681f, 
  0xfb40, 0xffed, 0x07ff, 0x681f, 0xfb40, 0xffed, 0x07f1, 0x38d9, 0x0008, 0x0800, 0x0000, 0x0000, 0x0000, 0x0000, 0x0000, 0x0000, 
  0x0000, 0x0000, 0x0000, 0x0000, 0x0000, 0x0000, 0x0000, 0x0000, 0x0000, 0x0000, 0x0000, 0x0000, 0x0000, 0x0000, 0x0000, 0x0000, 
  0x0000, 0x0000, 0x0000, 0x0000, 0x0000, 0x0000, 0x0000, 0x0000, 0x0000, 0x0000, 0x0000, 0x0000, 0x79e0, 0x07ef, 0x0000, 0x0000, 
  0x300c, 0x04e8, 0x13d6, 0x489b, 0xe301, 0xffed, 0x07ff, 0x681f, 0xfb60, 0xffed, 0x07df, 0x681f, 0xfb40, 0xffed, 0x07ff, 0x681f, 
  0xfb40, 0xffed, 0x07ff, 0x681f, 0xfb40, 0xffed, 0x07ff, 0x681f, 0xfb40, 0xffed, 0x07ff, 0x681f, 0xfb40, 0xffed, 0x07ff, 0x681f, 
  0xfb60, 0xffed, 0x07ff, 0x681f, 0xdae1, 0xfcc8, 0x17fc, 0x603f, 0xfb40, 0xffed, 0x07ff, 0x681f, 0xfb40, 0xffed, 0x07df, 0x681f, 
  0xe300, 0x4800, 0x001f, 0x7800, 0x0000, 0x0000, 0x0000, 0x0000, 0xfb40, 0xe7ed, 0x07ff, 0x681f, 0xfb40, 0xffed, 0x07ff, 0x681f, 
  0xfb40, 0xffed, 0x07ff, 0x681f, 0xfb40, 0xffed, 0x07ff, 0x681f, 0xfb40, 0xffed, 0x07ff, 0x681f, 0xfb40, 0xffed, 0x07ff, 0x681f, 
  0xfb40, 0xffed, 0x07ff, 0x681f, 0xfb40, 0xffed, 0x07ff, 0x681f, 0xfb40, 0xffed, 0x07ff, 0x681f, 0xfb40, 0xffed, 0x07ff, 0x681f, 
  0xfb40, 0xffed, 0x07ff, 0x681f, 0xfb40, 0xffee, 0x07fe, 0x681f, 0xba81, 0xd427, 0x1b00, 0x01e0, 0x0000, 0x07ef, 0x0020, 0x0000, 
  0x0000, 0x0000, 0x0000, 0x0000, 0x0000, 0x0000, 0x0000, 0x0000, 0x0000, 0x0000, 0x0000, 0x0000, 0x0000, 0x0000, 0x0000, 0x0000, 
  0x0000, 0x0000, 0x0000, 0x0000, 0x0000, 0x0000, 0x0000, 0x0000, 0x0000, 0x0000, 0x0000, 0x0000, 0x0000, 0x03e0, 0x0000, 0x0000, 
  0x0007, 0x0ca7, 0x167f, 0x683f, 0xfb60, 0xffed, 0x07ff, 0x681f, 0xfb40, 0xffed, 0x07ff, 0x681f, 0xfb40, 0xffed, 0x07fb, 0x583c, 
  0xaa01, 0x2000, 0x0000, 0x0000, 0xa202, 0x2508, 0x175d, 0x603f, 0xfb80, 0xffed, 0x07df, 0x681f, 0xfb40, 0xffed, 0x07ff, 0x681f, 
  0xfb40, 0xffed, 0x07ff, 0x681f, 0xfb40, 0xffed, 0x07df, 0x681f, 0xfb60, 0xffed, 0x07ff, 0x681f, 0xfb40, 0xffed, 0x07ff, 0x681f, 
  0xfb40, 0xff4c, 0x07ee, 0x28eb, 0x0000, 0x02aa, 0x0000, 0x0000, 0x0000, 0x0000, 0x0000, 0x0000, 0x0000, 0x0000, 0x0000, 0x0000, 
  0x0000, 0x0000, 0x0000, 0x0000, 0x0000, 0x0000, 0x0000, 0x0000, 0x0000, 0x05e7, 0x3820, 0x0000, 0xb200, 0x274c, 0x071f, 0x681f, 
  0xfb40, 0xffed, 0x07ff, 0x681f, 0xfb40, 0xffed, 0x07ff, 0x681f, 0xfb40, 0xffed, 0x07fc, 0x583d, 0x9202, 0x8000, 0x38c0, 0x0000, 
  0xfbe0, 0x066c, 0x002f, 0x7800, 0x0000, 0x0000, 0x0000, 0x0000, 0x0000, 0x0000, 0x0000, 0x0000, 0x0000, 0x0000, 0x0000, 0x0000, 
  0x0000, 0x0000, 0x0000, 0x0000, 0x0000, 0x0000, 0x0000, 0x0000, 0x79e0, 0x0000, 0x0013, 0x388a, 0xf320, 0xffed, 0x07df, 0x681f, 
  0xfb40, 0xffed, 0x07ff, 0x681f, 0xfb40, 0xffed, 0x07df, 0x683f, 0xcaa1, 0x5000, 0x001f, 0x7800, 0x7800, 0x0000, 0x0000, 0x0000, 
  0x0000, 0x0000, 0x0000, 0x0000, 0x0000, 0x0000, 0x0000, 0x0000, 0x0000, 0x0000, 0x0000, 0x0000, 0x0000, 0x0000, 0x0000, 0x0000, 
  0x0000, 0x0000, 0x0000, 0x0000, 0x0000, 0x0000, 0x0000, 0x0000, 0x0000, 0x0000, 0x0000, 0x0000, 0x0000, 0x03ef, 0x001f, 0xa800, 
  0x0000, 0x0000, 0x0004, 0x1184, 0x89a3, 0x2c67, 0x1578, 0x505b, 0xf320, 0xdfcd, 0x07ff, 0x701f, 0xfb80, 0xffed, 0x07ff, 0x681f, 
  0xfb40, 0xffed, 0x07ff, 0x681f, 0xfb40, 0xffed, 0x07ff, 0x681f, 0xfb40, 0xffed, 0x07ff, 0x681f, 0xfb60, 0xffee, 0x07ff, 0x701f, 
  0xfb20, 0xf6cb, 0x06d3, 0x4094, 0xb263, 0x1182, 0x2c1b, 0x585f, 0xfb60, 0xffed, 0x07ff, 0x681f, 0xfb40, 0xffed, 0x07df, 0x681f, 
  0xe300, 0x4800, 0x001f, 0x7800, 0x0000, 0x0000, 0x0000, 0x0000, 0xfb40, 0xe7ed, 0x07ff, 0x681f, 0xfb40, 0xffed, 0x07ff, 0x681f, 
  0xfb40, 0xffed, 0x07ff, 0x681f, 0xfb40, 0xffed, 0x07ff, 0x681f, 0xfb40, 0xffed, 0x07ff, 0x681f, 0xfb40, 0xffed, 0x07ff, 0x681f, 
  0xfb40, 0xffed, 0x07ff, 0x681f, 0xfb40, 0xffed, 0x07ff, 0x681f, 0xfb40, 0xffed, 0x07ff, 0x681f, 0xfb40, 0xffed, 0x07ff, 0x681f, 
  0xfb40, 0xffed, 0x07ff, 0x681f, 0xfb40, 0xffed, 0x07df, 0x681f, 0xfb60, 0xff8d, 0x07d6, 0x487b, 0x91e2, 0x4800, 0x001f, 0x7800, 
  0xfbe0, 0x0000, 0x0000, 0x0000, 0x0000, 0x0000, 0x0000, 0x0000, 0x0000, 0x0000, 0x0000, 0x0000, 0x0000, 0x0000, 0x0000, 0x0000, 
  0x0000, 0x0000, 0x0000, 0x0000, 0x0000, 0x0000, 0x0000, 0x0000, 0x0000, 0x0000, 0x0000, 0x0000, 0x0000, 0x0000, 0x000a, 0x5000, 
  0x0000, 0x0000, 0x4898, 0x504a, 0xfb60, 0xf7ed, 0x07ff, 0x601f, 0xfb40, 0xffed, 0x07ff, 0x681f, 0xfb40, 0xffed, 0x07ff, 0x681f, 
  0xe2e0, 0xe224, 0x2672, 0x40b9, 0xf320, 0xe7ed, 0x07ff, 0x681f, 0xfb40, 0xffed, 0x07ff, 0x681f, 0xfb40, 0xffed, 0x07ff, 0x681f, 
  0xfb40, 0xffed, 0x07df, 0x681f, 0xfb60, 0xffad, 0x07f2, 0x40df, 0xcaa1, 0xffed, 0x07ff, 0x681f, 0xfb40, 0xffed, 0x07ff, 0x681f, 
  0xfb40, 0xffed, 0x07f7, 0x5098, 0x0000, 0x0000, 0x0000, 0x0000, 0x0000, 0x0000, 0x0000, 0x0000, 0x0000, 0x0000, 0x0000, 0x0000, 
  0x0000, 0x0000, 0x0000, 0x0000, 0x0000, 0x0000, 0x0000, 0x0000, 0xfbe0, 0x0000, 0x0012, 0x3864, 0xeb00, 0xe7ee, 0x07ff, 0x681f, 
  0xfb40, 0xffed, 0x07ff, 0x681f, 0xfb40, 0xffed, 0x07ff, 0x681f, 0xfb60, 0xfeab, 0x0e73, 0x3801, 0x0000, 0x07ef, 0x000f, 0x0000, 
  0x0000, 0x0000, 0x0000, 0x0000, 0x0000, 0x0000, 0x0000, 0x0000, 0x0000, 0x0000, 0x0000, 0x0000, 0x0000, 0x0000, 0x0000, 0x0000, 
  0x0000, 0x0000, 0x0000, 0x0000, 0x0000, 0x0000, 0x0000, 0x0000, 0x0000, 0x07ea, 0x0000, 0x0000, 0xe2c0, 0x6fed, 0x07ff, 0x681f, 
  0xfb40, 0xffed, 0x07ff, 0x681f, 0xfb40, 0xffed, 0x07ff, 0x681f, 0xfb40, 0xff2b, 0x0200, 0x0000, 0xcb20, 0x0000, 0x0000, 0x0000, 
  0x0000, 0x0000, 0x0000, 0x0000, 0x0000, 0x0000, 0x0000, 0x0000, 0x0000, 0x0000, 0x0000, 0x0000, 0x0000, 0x0000, 0x0000, 0x0000, 
  0x0000, 0x0000, 0x0000, 0x0000, 0x0000, 0x0000, 0x0000, 0x0000, 0x0000, 0x0000, 0x0000, 0x0000, 0x0000, 0x0000, 0x0000, 0x0000, 
  0x0000, 0x03e7, 0x003f, 0x0000, 0x0000, 0x07e0, 0x0000, 0x0000, 0x4105, 0x14a7, 0x141f, 0x680d, 0xc281, 0xce8b, 0x0ffb, 0x583f, 
  0xeb00, 0xffac, 0x07fe, 0x601f, 0xf340, 0xffad, 0x07fe, 0x601f, 0xf320, 0xff6c, 0x07fc, 0x583f, 0xcaa1, 0xff4c, 0x049c, 0x582f, 
  0x7183, 0x5800, 0x000f, 0x2940, 0x0000, 0x0244, 0x2afc, 0x585f, 0xfb60, 0xffed, 0x07ff, 0x681f, 0xfb40, 0xffed, 0x07df, 0x681f, 
  0xe300, 0x4800, 0x001f, 0x7800, 0x0000, 0x0000, 0x0000, 0x0000, 0xfb40, 0xe7ed, 0x07ff, 0x681f, 0xfb40, 0xffed, 0x07ff, 0x681f, 
  0xfb40, 0xffed, 0x07ff, 0x681f, 0xfb40, 0xffed, 0x07ff, 0x681f, 0xfb40, 0xffed, 0x07ff, 0x681f, 0xfb40, 0xffed, 0x07ff, 0x681f, 
  0xfb40, 0xffed, 0x07ff, 0x681f, 0xfb40, 0xffed, 0x07ff, 0x681f, 0xfb40, 0xffed, 0x07ff, 0x681f, 0xfb40, 0xffed, 0x07ff, 0x681f, 
  0xfb40, 0xffed, 0x07ff, 0x681f, 0xfb40, 0xffed, 0x07ff, 0x681f, 0xfb40, 0xffed, 0x07df, 0x701f, 0xfb40, 0xee2a, 0x0c4f, 0x3102, 
  0x0000, 0x066c, 0x002f, 0x0000, 0x0000, 0x0000, 0x0000, 0x0000, 0x0000, 0x0000, 0x0000, 0x0000, 0x0000, 0x0000, 0x0000, 0x0000, 
  0x0000, 0x0000, 0x0000, 0x0000, 0x0000, 0x0000, 0x0000, 0x0000, 0x0000, 0x0000, 0x0000, 0x0000, 0x0000, 0x0000, 0x0000, 0x0000, 
  0xf800, 0x04cc, 0x0020, 0x0000, 0xeb00, 0x4fad, 0x07ff, 0x681f, 0xfb40, 0xffed, 0x07ff, 0x681f, 0xfb40, 0xffed, 0x07ff, 0x681f, 
  0xfb60, 0xffed, 0x07ff, 0x681f, 0xfb60, 0xffed, 0x07ff, 0x681f, 0xfb40, 0xffed, 0x07ff, 0x681f, 0xfb40, 0xffed, 0x07ff, 0x681f, 
  0xfb40, 0xffed, 0x07ff, 0x683f, 0xd2c0, 0xe447, 0x1380, 0x020f, 0x7184, 0x7fed, 0x07df, 0x681f, 0xfb40, 0xffed, 0x07ff, 0x681f, 
  0xfb40, 0xffed, 0x07dd, 0x605f, 0x89e3, 0x5000, 0x000f, 0x3800, 0x0000, 0x0000, 0x0000, 0x0000, 0x0000, 0x0000, 0x0000, 0x0000, 
  0x0000, 0x0000, 0x0000, 0x0000, 0x0000, 0x0000, 0x000f, 0x0000, 0x0000, 0x01a3, 0x2958, 0x507c, 0xfb60, 0xffcd, 0x07df, 0x681f, 
  0xfb40, 0xffed, 0x07ff, 0x681f, 0xfb40, 0xffed, 0x07ff, 0x683f, 0xaa42, 0xc244, 0x207f, 0xf800, 0xcb20, 0x02aa, 0x5000, 0x0000, 
  0x0000, 0x0000, 0x0000, 0x0000, 0x0000, 0x0000, 0x0000, 0x0000, 0x0000, 0x0000, 0x0000, 0x0000, 0x0000, 0x0000, 0x0000, 0x0000, 
  0x0000, 0x0000, 0x0000, 0x0000, 0x0000, 0x0000, 0x0000, 0x0000, 0x0000, 0x0000, 0x0000, 0x0000, 0x2064, 0x15a9, 0x0f1f, 0x681f, 
  0xfb40, 0xffed, 0x07ff, 0x681f, 0xfb40, 0xffed, 0x07ff, 0x681f, 0xfb40, 0xffad, 0x07b1, 0x38d8, 0x0866, 0x1000, 0x0013, 0x3180, 
  0x0000, 0x0000, 0x0000, 0x0000, 0x0000, 0x0000, 0x0000, 0x0000, 0x0000, 0x0000, 0x0000, 0x0000, 0x0000, 0x0000, 0x0000, 0x0000, 
  0x0000, 0x0000, 0x0000, 0x0000, 0x0000, 0x0000, 0x0000, 0x0000, 0x0000, 0x0000, 0x0000, 0x0000, 0x0000, 0x0000, 0x0000, 0x0000, 
  0x0000, 0x0000, 0x000a, 0x52a0, 0x79e0, 0x07ef, 0x003f, 0x7800, 0xfd40, 0x0000, 0x0000, 0x0000, 0x1864, 0x1303, 0x2112, 0x40c3, 
  0xb221, 0x26aa, 0x011b, 0x5824, 0xdae0, 0x26eb, 0x011b, 0x5824, 0xd2a0, 0x25e9, 0x0112, 0x38a4, 0x58e4, 0x2140, 0x2820, 0x0000, 
  0xf800, 0x07ef, 0x0037, 0x38e1, 0x0000, 0x0224, 0x231c, 0x585f, 0xfb60, 0xffed, 0x07ff, 0x681f, 0xfb40, 0xffed, 0x07df, 0x681f, 
  0xe300, 0x4800, 0x001f, 0x7800, 0x0000, 0x0000, 0x0000, 0x0000, 0xfb40, 0xe7ed, 0x07ff, 0x681f, 0xfb40, 0xffed, 0x07ff, 0x681f, 
  0xfb40, 0xffed, 0x07ff, 0x681f, 0xfb40, 0xffed, 0x07ff, 0x681f, 0xfb40, 0xffed, 0x07ff, 0x681f, 0xfb40, 0xffed, 0x07ff, 0x681f, 
  0xfb40, 0xffed, 0x07ff, 0x681f, 0xfb40, 0xffed, 0x07ff, 0x681f, 0xfb40, 0xffed, 0x07ff, 0x681f, 0xfb40, 0xffed, 0x07ff, 0x681f, 
  0xfb40, 0xffed, 0x07ff, 0x681f, 0xfb40, 0xffed, 0x07ff, 0x681f, 0xfb40, 0xffed, 0x07ff, 0x681f, 0xfb40, 0xffed, 0x07fa, 0x585e, 
  0x9202, 0x8000, 0x001f, 0x0000, 0xfbe0, 0x0000, 0x0000, 0x0000, 0x0000, 0x0000, 0x0000, 0x0000, 0x0000, 0x0000, 0x0000, 0x0000, 
  0x0000, 0x0000, 0x0000, 0x0000, 0x0000, 0x0000, 0x0000, 0x0000, 0x0000, 0x0000, 0x0000, 0x0000, 0x0000, 0x0000, 0x0000, 0x0000, 
  0x0000, 0x03e0, 0x781b, 0x4800, 0x0000, 0x064a, 0x0a5e, 0x603f, 0xfb40, 0xffed, 0x07ff, 0x681f, 0xfb40, 0xffed, 0x07ff, 0x681f, 
  0xfb40, 0xffed, 0x07df, 0x681f, 0xfb40, 0xffed, 0x07ff, 0x681f, 0xfb40, 0xffed, 0x07ff, 0x681f, 0xfb40, 0xffed, 0x07df, 0x681f, 
  0xfb60, 0xfeab, 0x0ed4, 0x408d, 0x1005, 0x0bef, 0x0000, 0x0000, 0x000f, 0x060a, 0x0e7f, 0x681f, 0xfb40, 0xffed, 0x07ff, 0x681f, 
  0xfb40, 0xffed, 0x07ff, 0x681f, 0xba81, 0xd800, 0x5020, 0x0000, 0x0000, 0x0000, 0x0000, 0x0000, 0x0000, 0x0000, 0x0000, 0x0000, 
  0x0000, 0x0000, 0x0000, 0x0000, 0x0000, 0x0000, 0x0019, 0x6000, 0x0000, 0x05c9, 0x151f, 0x681f, 0xfb40, 0xffed, 0x07ff, 0x681f, 
  0xfb40, 0xffed, 0x07ff, 0x681f, 0xfb40, 0xffad, 0x0793, 0x408e, 0x1046, 0x1800, 0x000a, 0x0000, 0x0000, 0x0000, 0x0000, 0x0000, 
  0x0000, 0x0000, 0x0000, 0x0000, 0x0000, 0x0000, 0x0000, 0x0000, 0x0000, 0x0000, 0x0000, 0x0000, 0x0000, 0x0000, 0x0000, 0x0000, 
  0x0000, 0x0000, 0x0000, 0x0000, 0x0000, 0x0000, 0x0000, 0x0000, 0x0000, 0x0000, 0x000f, 0x0000, 0x0000, 0x0305, 0x1959, 0x585d, 
  0xfb80, 0xffec, 0x07ff, 0x681f, 0xfb40, 0xffed, 0x07ff, 0x681f, 0xfb40, 0xffed, 0x07df, 0x683f, 0xb242, 0xc0e3, 0x1840, 0x0000, 
  0xaaa0, 0x0000, 0x0000, 0x0000, 0x0000, 0x0000, 0x0000, 0x0000, 0x0000, 0x0000, 0x0000, 0x0000, 0x0000, 0x0000, 0x0000, 0x0000, 
  0x0000, 0x0000, 0x0000, 0x0000, 0x0000, 0x0000, 0x0000, 0x0000, 0x0000, 0x0000, 0x0000, 0x0000, 0x0000, 0x0000, 0x0000, 0x0000, 
  0x0000, 0x0000, 0x0000, 0x0000, 0x0000, 0x0000, 0x0000, 0x0000, 0x0000, 0x05e7, 0x003f, 0x7800, 0xffe0, 0x0000, 0x0000, 0x0000, 
  0x0000, 0x0000, 0x0000, 0x0000, 0x0000, 0x0000, 0x0000, 0x0000, 0x0000, 0x0000, 0x0000, 0x0000, 0x0000, 0x07f5, 0x001f, 0x7800, 
  0xaaa0, 0x0000, 0x000c, 0x3180, 0x0000, 0x0284, 0x22fc, 0x585f, 0xfb60, 0xffed, 0x07ff, 0x681f, 0xfb40, 0xffed, 0x07df, 0x681f, 
  0xe300, 0x4800, 0x001f, 0x7800, 0x0000, 0x0000, 0x0000, 0x0000, 0xfb40, 0xe7ed, 0x07ff, 0x681f, 0xfb40, 0xffed, 0x07ff, 0x681f, 
  0xfb40, 0xffed, 0x07ff, 0x681f, 0xfb40, 0xffed, 0x07ff, 0x681f, 0xfb40, 0xffed, 0x07ff, 0x681f, 0xfb40, 0xffed, 0x07ff, 0x681f, 
  0xfb40, 0xffed, 0x07ff, 0x681f, 0xfb40, 0xffed, 0x07ff, 0x681f, 0xfb40, 0xffed, 0x07ff, 0x681f, 0xfb40, 0xffed, 0x07ff, 0x681f, 
  0xfb40, 0xffed, 0x07ff, 0x681f, 0xfb40, 0xffed, 0x07ff, 0x681f, 0xfb40, 0xffed, 0x07ff, 0x681f, 0xfb40, 0xffed, 0x07df, 0x681f, 
  0xfb40, 0xfe6a, 0x0d8f, 0x30c7, 0x0000, 0x04c6, 0x0020, 0x0000, 0x0000, 0x0000, 0x0000, 0x0000, 0x0000, 0x0000, 0x0000, 0x0000, 
  0x0000, 0x0000, 0x0000, 0x0000, 0x0000, 0x0000, 0x0000, 0x0000, 0x0000, 0x0000, 0x0000, 0x0000, 0x0000, 0x0000, 0x0000, 0x0000, 
  0x0000, 0x0000, 0x0000, 0x0000, 0xcb20, 0x0000, 0x001a, 0x5049, 0xf340, 0xffed, 0x07ff, 0x681f, 0xfb40, 0xffed, 0x07ff, 0x681f, 
  0xfb40, 0xffed, 0x07ff, 0x681f, 0xfb40, 0xffed, 0x07ff, 0x681f, 0xfb40, 0xffed, 0x07ff, 0x681f, 0xfb60, 0xffee, 0x07fc, 0x583d, 
  0xaa41, 0x6aa6, 0x20a0, 0x0000, 0xfbe0, 0x05ef, 0x3827, 0x19e1, 0x0000, 0x03e6, 0x1add, 0x605f, 0xfb60, 0xffed, 0x07ff, 0x681f, 
  0xfb40, 0xffed, 0x07ff, 0x681f, 0xfb40, 0xfda9, 0x0b20, 0x0000, 0xaaa0, 0x0000, 0x0000, 0x0000, 0x0000, 0x0000, 0x0000, 0x0000, 
  0x0000, 0x0000, 0x0000, 0x0000, 0x0000, 0x07ea, 0x0000, 0x0000, 0x91e2, 0x6f8c, 0x07ff, 0x681f, 0xfb40, 0xffed, 0x07ff, 0x681f, 
  0xfb40, 0xffed, 0x07ff, 0x681f, 0xfb60, 0xfdaa, 0x1320, 0x0000, 0xb9e0, 0x0000, 0x0000, 0x0000, 0x0000, 0x0000, 0x0000, 0x0000, 
  0x0000, 0x0000, 0x0000, 0x0000, 0x0000, 0x0000, 0x0000, 0x0000, 0x0000, 0x0000, 0x0000, 0x0000, 0x0000, 0x0000, 0x0000, 0x0000, 
  0x0000, 0x0000, 0x0000, 0x0000, 0x0000, 0x0000, 0x0000, 0x0000, 0x0000, 0x0000, 0x0000, 0x0000, 0x7be0, 0x0000, 0x0013, 0x3864, 
  0xf320, 0xe7ed, 0x07ff, 0x681f, 0xfb40, 0xffed, 0x07ff, 0x681f, 0xfb40, 0xffed, 0x07ff, 0x681f, 0xfb80, 0xff2c, 0x062b, 0x2908, 
  0x0005, 0x0000, 0x001f, 0x7800, 0x0000, 0x0000, 0x0000, 0x0000, 0x0000, 0x0000, 0x0000, 0x0000, 0x0000, 0x0000, 0x0000, 0x0000, 
  0x0000, 0x0000, 0x0000, 0x0000, 0x0000, 0x0000, 0x0000, 0x0000, 0x0000, 0x0000, 0x0000, 0x0000, 0x0000, 0x0000, 0x0000, 0x0000, 
  0x0000, 0x0000, 0x0000, 0x0000, 0x0000, 0x0000, 0x0000, 0x0000, 0x0000, 0x0000, 0x0000, 0x0000, 0x0000, 0x0000, 0x0000, 0x0000, 
  0x0000, 0x0000, 0x0000, 0x0000, 0x0000, 0x0000, 0x0000, 0x0000, 0x0000, 0x0000, 0x0000, 0x0000, 0x0000, 0x0000, 0x0000, 0x0000, 
  0x0000, 0x0000, 0x000c, 0x3180, 0x0000, 0x02c5, 0x22fc, 0x605f, 0xfb60, 0xffed, 0x07ff, 0x681f, 0xfb40, 0xffed, 0x07df, 0x681f, 
  0xe300, 0x4800, 0x001f, 0x7800, 0x0000, 0x0000, 0x0000, 0x0000, 0xfb40, 0xe7ed, 0x07ff, 0x681f, 0xfb40, 0xffed, 0x07ff, 0x681f, 
  0xfb40, 0xffed, 0x07ff, 0x681f, 0xfb40, 0xffed, 0x07ff, 0x681f, 0xfb40, 0xffed, 0x07ff, 0x681f, 0xfb40, 0xffed, 0x07ff, 0x681f, 
  0xfb40, 0xffed, 0x07ff, 0x681f, 0xfb40, 0xffed, 0x07ff, 0x681f, 0xfb40, 0xffed, 0x07ff, 0x681f, 0xfb40, 0xffed, 0x07ff, 0x681f, 
  0xfb40, 0xffed, 0x07ff, 0x681f, 0xfb40, 0xffed, 0x07ff, 0x681f, 0xfb40, 0xffed, 0x07ff, 0x681f, 0xfb40, 0xffed, 0x07ff, 0x681f, 
  0xfb40, 0xffee, 0x07fe, 0x601d, 0xb261, 0x5983, 0x30a0, 0x0000, 0x79e0, 0x0000, 0x0000, 0x0000, 0x0000, 0x0000, 0x0000, 0x0000, 
  0x0000, 0x0000, 0x0000, 0x0000, 0x0000, 0x0000, 0x0000, 0x0000, 0x0000, 0x0000, 0x0000, 0x0000, 0x0000, 0x0000, 0x0000, 0x0000, 
  0x0000, 0x0000, 0x0000, 0x0000, 0x0000, 0x07ea, 0x0000, 0x0000, 0xf320, 0x47ed, 0x07df, 0x681f, 0xfb40, 0xffed, 0x07ff, 0x681f, 
  0xfb40, 0xffed, 0x07ff, 0x681f, 0xfb40, 0xffed, 0x07ff, 0x681f, 0xfb40, 0xffed, 0x07ff, 0x681f, 0xeb21, 0xfd69, 0x15e7, 0x1907, 
  0x0000, 0x03e0, 0x0000, 0x0000, 0x0000, 0x0000, 0x0000, 0x0000, 0xfaa0, 0x0000, 0x0016, 0x48b7, 0xfb60, 0xffed, 0x07ff, 0x681f, 
  0xfb40, 0xffed, 0x07ff, 0x681f, 0xfb80, 0xff6c, 0x0600, 0x02a0, 0xffe0, 0x0000, 0x0000, 0x0000, 0x0000, 0x0000, 0x0000, 0x0000, 
  0x0000, 0x0000, 0x0000, 0x0000, 0x0000, 0x0000, 0x0000, 0x0240, 0xe2e0, 0xe7ed, 0x07ff, 0x681f, 0xfb40, 0xffed, 0x07ff, 0x681f, 
  0xfb40, 0xffed, 0x07ff, 0x683f, 0x89e3, 0xc800, 0x389f, 0xf800, 0x000a, 0x0000, 0x0000, 0x0000, 0x0000, 0x0000, 0x0000, 0x0000, 
  0x0000, 0x0000, 0x0000, 0x0000, 0x0000, 0x0000, 0x0000, 0x0000, 0x0000, 0x0000, 0x0000, 0x0000, 0x0000, 0x0000, 0x0000, 0x0000, 
  0x0000, 0x0000, 0x0000, 0x0000, 0x0000, 0x0000, 0x0000, 0x0000, 0x0000, 0x0000, 0x0000, 0x0000, 0x0000, 0x03e7, 0x0020, 0x0000, 
  0xca60, 0x2f4c, 0x075f, 0x701f, 0xfb40, 0xffed, 0x07ff, 0x681f, 0xfb40, 0xffed, 0x07ff, 0x681f, 0xfb40, 0xffed, 0x07fc, 0x585f, 
  0x9a22, 0x7800, 0x0015, 0x5000, 0x0000, 0x0000, 0x0000, 0x0000, 0x0000, 0x0000, 0x0000, 0x0000, 0x0000, 0x0000, 0x0000, 0x0000, 
  0x0000, 0x0000, 0x0000, 0x0000, 0x0000, 0x0000, 0x0000, 0x0000, 0x0000, 0x0000, 0x0000, 0x0000, 0x0000, 0x0000, 0x0000, 0x0000, 
  0x0000, 0x0000, 0x0000, 0x0000, 0x0000, 0x0000, 0x0000, 0x0000, 0x0000, 0x0000, 0x0000, 0x0000, 0x0000, 0x0000, 0x0000, 0x0000, 
  0x0000, 0x0000, 0x0000, 0x0000, 0x0000, 0x0000, 0x0000, 0x0000, 0x0000, 0x0000, 0x0000, 0x0000, 0x0000, 0x0000, 0x0000, 0x0000, 
  0x0000, 0x0000, 0x000c, 0x3180, 0x0000, 0x02c4, 0x22fc, 0x605f, 0xfb60, 0xffed, 0x07ff, 0x681f, 0xfb40, 0xffed, 0x07df, 0x681f, 
  0xe300, 0x4800, 0x001f, 0x7800, 0x0000, 0x0000, 0x0000, 0x0000, 0xfb40, 0xe7ed, 0x07ff, 0x681f, 0xfb40, 0xffed, 0x07ff, 0x681f, 
  0xfb40, 0xffed, 0x07ff, 0x681f, 0xfb40, 0xffed, 0x07ff, 0x681f, 0xfb40, 0xffed, 0x07ff, 0x681f, 0xfb40, 0xffed, 0x07ff, 0x681f, 
  0xfb40, 0xffed, 0x07ff, 0x681f, 0xfb40, 0xffed, 0x07ff, 0x681f, 0xfb40, 0xffed, 0x07ff, 0x681f, 0xfb40, 0xffed, 0x07ff, 0x681f, 
  0xfb40, 0xffed, 0x07ff, 0x681f, 0xfb40, 0xffed, 0x07ff, 0x681f, 0xfb40, 0xffed, 0x07ff, 0x681f, 0xfb40, 0xffed, 0x07ff, 0x681f, 
  0xfb40, 0xffed, 0x07df, 0x681f, 0xfb60, 0xfde9, 0x0dc0, 0x01c1, 0x0007, 0x0000, 0x0000, 0x0000, 0x0000, 0x0000, 0x0000, 0x0000, 
  0x0000, 0x0000, 0x0000, 0x0000, 0x0000, 0x0000, 0x0000, 0x0000, 0x0000, 0x0000, 0x0000, 0x0000, 0x0000, 0x0000, 0x0000, 0x0000, 
  0x0000, 0x0000, 0x0000, 0x0000, 0x0000, 0x0000, 0x0015, 0x5000, 0x0000, 0x0508, 0x15bf, 0x683f, 0xfb40, 0xffed, 0x07ff, 0x681f, 
  0xfb40, 0xffed, 0x07ff, 0x681f, 0xfb40, 0xffed, 0x07ff, 0x681f, 0xfb80, 0xff4c, 0x07f6, 0x4878, 0x7183, 0x4000, 0x2820, 0x0000, 
  0xbbe0, 0x0000, 0x0000, 0x0000, 0x0000, 0x0000, 0x0000, 0x0000, 0x7be0, 0x0000, 0x000c, 0x2909, 0xdae0, 0xffed, 0x07ff, 0x681f, 
  0xfb40, 0xffed, 0x07ff, 0x681f, 0xfb40, 0xffed, 0x07f1, 0x38d6, 0x0000, 0x07ff, 0x0000, 0x0000, 0x0000, 0x0000, 0x0000, 0x0000, 
  0x0000, 0x0000, 0x0000, 0x0000, 0x0000, 0x0000, 0x9837, 0x5077, 0xfb60, 0xffed, 0x07ff, 0x681f, 0xfb40, 0xffed, 0x07ff, 0x681f, 
  0xfb40, 0xffed, 0x07f4, 0x4098, 0x000e, 0x0800, 0x0000, 0x0000, 0x0000, 0x0000, 0x0000, 0x0000, 0x0000, 0x0000, 0x0000, 0x0000, 
  0x0000, 0x0000, 0x0000, 0x0000, 0x0000, 0x0000, 0x0000, 0x0000, 0x0000, 0x0000, 0x0000, 0x0000, 0x0000, 0x0000, 0x0000, 0x0000, 
  0x0000, 0x0000, 0x0000, 0x0000, 0x0000, 0x0000, 0x0000, 0x0000, 0x0000, 0x0000, 0x0000, 0x0000, 0x0000, 0x0000, 0x001f, 0x5000, 
  0x0000, 0x05ca, 0x091d, 0x601c, 0xfb60, 0xffed, 0x07ff, 0x681f, 0xfb40, 0xffed, 0x07ff, 0x681f, 0xfb40, 0xffed, 0x07ff, 0x681f, 
  0xf340, 0xfda9, 0x0fb7, 0x4887, 0x0000, 0x07ef, 0x001f, 0xa800, 0x79e0, 0x0000, 0x0000, 0x0000, 0x0000, 0x0000, 0x0000, 0x0000, 
  0x0000, 0x0000, 0x0000, 0x0000, 0x0000, 0x0000, 0x0000, 0x0000, 0x0000, 0x0000, 0x0000, 0x0000, 0x0000, 0x0000, 0x0000, 0x0000, 
  0x0000, 0x0000, 0x0000, 0x0000, 0x0000, 0x0000, 0x0000, 0x0000, 0x0000, 0x0000, 0x0000, 0x0000, 0x0000, 0x0000, 0x0000, 0x0000, 
  0x0000, 0x0000, 0x0000, 0x0000, 0x0000, 0x0000, 0x0000, 0x0000, 0x0000, 0x0000, 0x0000, 0x0000, 0x0000, 0x0000, 0x0000, 0x0000, 
  0x0000, 0x0000, 0x000c, 0x3180, 0x0000, 0x02c4, 0x22fc, 0x605f, 0xfb60, 0xffed, 0x07ff, 0x681f, 0xfb40, 0xffed, 0x07df, 0x681f, 
  0xe300, 0x4800, 0x001f, 0x7800, 0x0000, 0x0000, 0x0000, 0x0000, 0xfb40, 0xe7ed, 0x07ff, 0x681f, 0xfb40, 0xffed, 0x07ff, 0x681f, 
  0xfb40, 0xffed, 0x07ff, 0x681f, 0xfb40, 0xffed, 0x07ff, 0x681f, 0xfb40, 0xffed, 0x07ff, 0x681f, 0xfb40, 0xffed, 0x07ff, 0x681f, 
  0xfb40, 0xffed, 0x07ff, 0x681f, 0xfb40, 0xffed, 0x07ff, 0x681f, 0xfb40, 0xffed, 0x07ff, 0x681f, 0xfb40, 0xffed, 0x07ff, 0x681f, 
  0xfb40, 0xffed, 0x07ff, 0x681f, 0xfb40, 0xffed, 0x07ff, 0x681f, 0xfb40, 0xffed, 0x07ff, 0x681f, 0xfb40, 0xffed, 0x07ff, 0x681f, 
  0xfb40, 0xffed, 0x07ff, 0x681f, 0xfb40, 0xffed, 0x07d9, 0x507f, 0x81a3, 0x7800, 0x0015, 0x5000, 0x0000, 0x0000, 0x0000, 0x0000, 
  0x0000, 0x0000, 0x0000, 0x0000, 0x0000, 0x0000, 0x0000, 0x0000, 0x0000, 0x0000, 0x0000, 0x0000, 0x0000, 0x0000, 0x0000, 0x0000, 
  0x0000, 0x0000, 0x0000, 0x0000, 0x0000, 0x0000, 0x0000, 0x0000, 0x0000, 0x0000, 0x4875, 0x4899, 0xfb60, 0xffed, 0x07df, 0x681f, 
  0xfb40, 0xffed, 0x07ff, 0x681f, 0xfb40, 0xffed, 0x07fe, 0x681f, 0xcaa1, 0xbc47, 0x1200, 0x0000, 0xaaa0, 0x03e7, 0x0020, 0x0000, 
  0x0000, 0x0000, 0x0000, 0x0000, 0x0000, 0x0000, 0x0000, 0x0000, 0x0000, 0x07ec, 0x0020, 0x0000, 0xe2e1, 0x77ee, 0x07ff, 0x681f, 
  0xfb40, 0xffed, 0x07ff, 0x681f, 0xfb40, 0xffed, 0x07fa, 0x585e, 0x4105, 0x3000, 0x000f, 0x0000, 0x0000, 0x0000, 0x0000, 0x0000, 
  0x0000, 0x0000, 0x000f, 0x7800, 0x0000, 0x04e8, 0x123e, 0x603f, 0xfb40, 0xffed, 0x07ff, 0x681f, 0xfb40, 0xffed, 0x07ff, 0x681f, 
  0xfb60, 0xfe6a, 0x0e43, 0x0942, 0x0000, 0x02aa, 0x5000, 0x0000, 0x0000, 0x0000, 0x0000, 0x0000, 0x0000, 0x0000, 0x0000, 0x0000, 
  0x0000, 0x0000, 0x0000, 0x0000, 0x0000, 0x0000, 0x0000, 0x0000, 0x0000, 0x0000, 0x0000, 0x0000, 0x0000, 0x0000, 0x0000, 0x0000, 
  0x0000, 0x0000, 0x0000, 0x0000, 0x0000, 0x0000, 0x0000, 0x0000, 0x0000, 0x0000, 0x0000, 0x0000, 0x0000, 0x0000, 0x0000, 0x0000, 
  0x9244, 0x0000, 0x000f, 0x38f4, 0xf340, 0xffed, 0x07df, 0x681f, 0xfb40, 0xffed, 0x07ff, 0x681f, 0xfb40, 0xffed, 0x07ff, 0x681f, 
  0xfb40, 0xffed, 0x07ff, 0x681d, 0xd2a0, 0xa4e8, 0x10ec, 0x3180, 0x0000, 0x07ef, 0x003f, 0x7800, 0xfbe0, 0x03e7, 0x0020, 0x0000, 
  0x0000, 0x0000, 0x0000, 0x0000, 0x0000, 0x0000, 0x0000, 0x0000, 0x0000, 0x0000, 0x0000, 0x0000, 0x0000, 0x0000, 0x0000, 0x0000, 
  0x0000, 0x0000, 0x0000, 0x0000, 0x0000, 0x0000, 0x0000, 0x0000, 0x0000, 0x0000, 0x0000, 0x0000, 0x0000, 0x0000, 0x0000, 0x0000, 
  0x0000, 0x0000, 0x0000, 0x0000, 0x0000, 0x0000, 0x0000, 0x0000, 0x0000, 0x0000, 0x0000, 0x0000, 0x0000, 0x0000, 0x0000, 0x0000, 
  0x0000, 0x0000, 0x000c, 0x3180, 0x0000, 0x02c4, 0x22fc, 0x605f, 0xfb60, 0xffed, 0x07ff, 0x681f, 0xfb40, 0xffed, 0x07df, 0x681f, 
  0xe300, 0x4800, 0x001f, 0x7800, 0x0000, 0x0000, 0x0000, 0x0000, 0xfb40, 0xe7ed, 0x07ff, 0x681f, 0xfb40, 0xffed, 0x07ff, 0x681f, 
  0xfb40, 0xffed, 0x07ff, 0x681f, 0xfb40, 0xffed, 0x07ff, 0x681f, 0xfb40, 0xffed, 0x07ff, 0x681f, 0xfb40, 0xffed, 0x07ff, 0x681f, 
  0xfb40, 0xffed, 0x07ff, 0x681f, 0xfb40, 0xffed, 0x07ff, 0x681f, 0xfb40, 0xffed, 0x07ff, 0x681f, 0xfb40, 0xffed, 0x07ff, 0x681f, 
  0xfb40, 0xffed, 0x07ff, 0x681f, 0xfb40, 0xffed, 0x07ff, 0x681f, 0xfb40, 0xffed, 0x07ff, 0x681f, 0xfb40, 0xffed, 0x07ff, 0x681f, 
  0xfb40, 0xffed, 0x07ff, 0x681f, 0xfb40, 0xffed, 0x07ff, 0x681f, 0xeb20, 0xfda9, 0x0b80, 0x0000, 0xcb20, 0x03e7, 0x0020, 0x0000, 
  0x0000, 0x0000, 0x0000, 0x0000, 0x0000, 0x0000, 0x0000, 0x0000, 0x0000, 0x0000, 0x0000, 0x0000, 0x0000, 0x0000, 0x0000, 0x0000, 
  0x0000, 0x0000, 0x0000, 0x0000, 0x0000, 0x0000, 0x0000, 0x0000, 0xf800, 0x0000, 0x0007, 0x1102, 0xcaa1, 0xcfed, 0x07ff, 0x681f, 
  0xfb40, 0xffed, 0x07df, 0x681f, 0xfb60, 0xff2b, 0x0696, 0x4867, 0x5965, 0x0800, 0x001f, 0x7800, 0x79e0, 0x0000, 0x0000, 0x0000, 
  0x0000, 0x0000, 0x0000, 0x0000, 0x0000, 0x0000, 0x0000, 0x0000, 0x0000, 0x07e0, 0x0000, 0x0000, 0x7143, 0x178c, 0x06ff, 0x681f, 
  0xfb40, 0xffed, 0x07ff, 0x681f, 0xfb40, 0xffed, 0x07df, 0x681f, 0xb242, 0x9800, 0x001f, 0x5000, 0x0000, 0x0000, 0x0000, 0x0000, 
  0x0000, 0x0000, 0x001f, 0x5000, 0x0000, 0x064a, 0x0e9f, 0x681f, 0xfb40, 0xffed, 0x07ff, 0x681f, 0xfb40, 0xffed, 0x07ff, 0x681f, 
  0xdae1, 0xfb66, 0x2140, 0x0000, 0xaaa0, 0x0000, 0x0000, 0x0000, 0x0000, 0x0000, 0x0000, 0x0000, 0x0000, 0x0000, 0x0000, 0x0000, 
  0x0000, 0x0000, 0x0000, 0x0000, 0x0000, 0x0000, 0x0000, 0x0000, 0x0000, 0x0000, 0x0000, 0x0000, 0x0000, 0x0000, 0x0000, 0x0000, 
  0x0000, 0x0000, 0x0000, 0x0000, 0x0000, 0x0000, 0x0000, 0x0000, 0x0000, 0x0000, 0x0000, 0x0000, 0x0000, 0x0000, 0x0000, 0x0000, 
  0x6186, 0x0000, 0x000f, 0x30f4, 0xf340, 0xffed, 0x07df, 0x681f, 0xfb40, 0xffed, 0x07ff, 0x681f, 0xfb40, 0xffed, 0x07ff, 0x681f, 
  0xfb40, 0xffed, 0x07ff, 0x681f, 0xfb80, 0xff4c, 0x07fa, 0x5831, 0x79a3, 0x7162, 0x2840, 0x0000, 0x0000, 0x0000, 0x001f, 0x7800, 
  0x79e0, 0x03e0, 0x0000, 0x0000, 0x0000, 0x0000, 0x0000, 0x0000, 0x0000, 0x0000, 0x0000, 0x0000, 0x0000, 0x0000, 0x0000, 0x0000, 
  0x0000, 0x0000, 0x0000, 0x0000, 0x0000, 0x0000, 0x0000, 0x0000, 0x0000, 0x0000, 0x0000, 0x0000, 0x0000, 0x0000, 0x0000, 0x0000, 
  0x0000, 0x0000, 0x0000, 0x0000, 0x0000, 0x0000, 0x0000, 0x0000, 0x0000, 0x0000, 0x0000, 0x0000, 0x0000, 0x0000, 0x0000, 0x0000, 
  0x0000, 0x0000, 0x000c, 0x3180, 0x0000, 0x02c4, 0x22fc, 0x605f, 0xfb60, 0xffed, 0x07ff, 0x681f, 0xfb40, 0xffed, 0x07df, 0x681f, 
  0xe300, 0x4800, 0x001f, 0x7800, 0x0000, 0x0000, 0x0000, 0x0000, 0xfb40, 0xe7ed, 0x07ff, 0x681f, 0xfb40, 0xffed, 0x07ff, 0x681f, 
  0xfb40, 0xffed, 0x07ff, 0x681f, 0xfb40, 0xffed, 0x07ff, 0x681f, 0xfb40, 0xffed, 0x07ff, 0x681f, 0xfb40, 0xffed, 0x07ff, 0x681f, 
  0xfb40, 0xffed, 0x07ff, 0x681f, 0xfb40, 0xffed, 0x07ff, 0x681f, 0xfb40, 0xffed, 0x07ff, 0x681f, 0xfb40, 0xffed, 0x07ff, 0x681f, 
  0xfb40, 0xffed, 0x07ff, 0x681f, 0xfb40, 0xffed, 0x07ff, 0x681f, 0xfb40, 0xffed, 0x07ff, 0x681f, 0xfb40, 0xffed, 0x07ff, 0x681f, 
  0xfb40, 0xffed, 0x07ff, 0x681f, 0xfb40, 0xffed, 0x07ff, 0x681f, 0xfb60, 0xffcd, 0x07f6, 0x4872, 0x20a5, 0x2800, 0x000f, 0x3800, 
  0x0000, 0x0000, 0x0000, 0x0000, 0x0000, 0x0000, 0x0000, 0x0000, 0x0000, 0x0000, 0x0000, 0x0000, 0x0000, 0x0000, 0x0000, 0x0000, 
  0x0000, 0x0000, 0x0000, 0x0000, 0x0000, 0x0000, 0x0000, 0x0000, 0x0000, 0x03ef, 0x0000, 0x0000, 0x4924, 0x0eab, 0x0e7f, 0x701f, 
  0xfb60, 0xffed, 0x07f9, 0x507e, 0x91e2, 0x9244, 0x28e0, 0x0000, 0xcb20, 0x03e0, 0x0000, 0x0000, 0x0000, 0x0000, 0x0000, 0x0000, 
  0x0000, 0x0000, 0x0000, 0x0000, 0x0000, 0x0000, 0x0000, 0x0000, 0x0000, 0x0000, 0x001f, 0x7800, 0x0000, 0x0528, 0x141f, 0x681f, 
  0xfb40, 0xffed, 0x07ff, 0x681f, 0xfb40, 0xffed, 0x07ff, 0x681f, 0xdae1, 0xfbe6, 0x1980, 0x0000, 0x7be0, 0x0000, 0x0000, 0x0000, 
  0x0000, 0x05e7, 0x0020, 0x0000, 0xaa41, 0x67cd, 0x07ff, 0x681f, 0xfb40, 0xffed, 0x07ff, 0x681f, 0xfb40, 0xffed, 0x07df, 0x681f, 
  0x9a02, 0x7800, 0x001f, 0x5000, 0x0000, 0x0000, 0x0000, 0x0000, 0x0000, 0x0000, 0x0000, 0x0000, 0x0000, 0x0000, 0x0000, 0x0000, 
  0x0000, 0x0000, 0x0000, 0x0000, 0x0000, 0x0000, 0x0000, 0x0000, 0x0000, 0x0000, 0x0000, 0x0000, 0x0000, 0x0000, 0x0000, 0x0000, 
  0x0000, 0x0000, 0x0000, 0x0000, 0x0000, 0x0000, 0x0000, 0x0000, 0x0000, 0x0000, 0x0000, 0x0000, 0x0000, 0x0000, 0x0000, 0x0000, 
  0xffe0, 0x0000, 0x0017, 0x5076, 0xfb60, 0xffed, 0x07df, 0x681f, 0xfb40, 0xffed, 0x07ff, 0x681f, 0xfb40, 0xffed, 0x07ff, 0x681f, 
  0xfb40, 0xffed, 0x07ff, 0x681f, 0xfb40, 0xffed, 0x07ff, 0x701f, 0xf320, 0xfe8b, 0x0ed3, 0x40b9, 0xc261, 0x3243, 0x1940, 0x0000, 
  0x0000, 0x0000, 0x0000, 0x0000, 0x0000, 0x0000, 0x0000, 0x0000, 0x0000, 0x0000, 0x0000, 0x0000, 0x0000, 0x0000, 0x0000, 0x0000, 
  0x0000, 0x0000, 0x0000, 0x0000, 0x0000, 0x0000, 0x0000, 0x0000, 0x0000, 0x0000, 0x0000, 0x0000, 0x0000, 0x0000, 0x0000, 0x0000, 
  0x0000, 0x0000, 0x0000, 0x0000, 0x0000, 0x0000, 0x0000, 0x0000, 0x0000, 0x0000, 0x0000, 0x0000, 0x0000, 0x0000, 0x0000, 0x0000, 
  0x0000, 0x0000, 0x000c, 0x3180, 0x0000, 0x02c4, 0x22fc, 0x605f, 0xfb60, 0xffed, 0x07ff, 0x681f, 0xfb40, 0xffed, 0x07df, 0x681f, 
  0xe300, 0x4800, 0x001f, 0x7800, 0x0000, 0x0000, 0x0000, 0x0000, 0xfb40, 0xe7ed, 0x07ff, 0x681f, 0xfb40, 0xffed, 0x07ff, 0x681f, 
  0xfb40, 0xffed, 0x07ff, 0x681f, 0xfb40, 0xffed, 0x07ff, 0x681f, 0xfb40, 0xffed, 0x07ff, 0x681f, 0xfb40, 0xffed, 0x07ff, 0x681f, 
  0xfb40, 0xffed, 0x07ff, 0x681f, 0xfb40, 0xffed, 0x07ff, 0x681f, 0xfb40, 0xffed, 0x07ff, 0x681f, 0xfb40, 0xffed, 0x07ff, 0x681f, 
  0xfb40, 0xffed, 0x07ff, 0x681f, 0xfb40, 0xffed, 0x07ff, 0x681f, 0xfb40, 0xffed, 0x07ff, 0x681f, 0xfb40, 0xffed, 0x07ff, 0x681f, 
  0xfb40, 0xffed, 0x07ff, 0x681f, 0xfb40, 0xffed, 0x07ff, 0x681f, 0xfb40, 0xffed, 0x07ff, 0x681f, 0xb262, 0xeaa4, 0x1960, 0x0000, 
  0xb9e0, 0x0000, 0x0000, 0x0000, 0x0000, 0x0000, 0x0000, 0x0000, 0x0000, 0x0000, 0x0000, 0x0000, 0x0000, 0x0000, 0x0000, 0x0000, 
  0x0000, 0x0000, 0x0000, 0x0000, 0x0000, 0x0000, 0x0000, 0x0000, 0x0000, 0x0000, 0x0015, 0x5000, 0x0000, 0x03e7, 0x089c, 0x6039, 
  0xeb00, 0xf508, 0x14a7, 0x2123, 0x000a, 0x0000, 0x001f, 0x7800, 0x0000, 0x0000, 0x0000, 0x0000, 0x0000, 0x0000, 0x0000, 0x0000, 
  0x0000, 0x0000, 0x0000, 0x0000, 0x0000, 0x0000, 0x0000, 0x0000, 0x0000, 0x0000, 0x001f, 0x0000, 0x0000, 0x0183, 0x28f8, 0x505d, 
  0xfb60, 0xffed, 0x07ff, 0x681f, 0xfb40, 0xffed, 0x07ff, 0x601f, 0xfb60, 0xfdea, 0x0da0, 0x0000, 0xfaa0, 0x0000, 0x0000, 0x0000, 
  0xf800, 0x0000, 0x0000, 0x0240, 0xe300, 0xc7ee, 0x07ff, 0x601f, 0xfb40, 0xffed, 0x07ff, 0x681f, 0xfb40, 0xffee, 0x07f6, 0x489b, 
  0x0000, 0x07ff, 0x0000, 0x0000, 0x0000, 0x0000, 0x0000, 0x0000, 0x0000, 0x0000, 0x0000, 0x0000, 0x0000, 0x0000, 0x0000, 0x0000, 
  0x0000, 0x0000, 0x0000, 0x0000, 0x0000, 0x0000, 0x0000, 0x0000, 0x0000, 0x0000, 0x0000, 0x0000, 0x0000, 0x0000, 0x0000, 0x0000, 
  0x0000, 0x0000, 0x0000, 0x0000, 0x0000, 0x0000, 0x0000, 0x0000, 0x0000, 0x0000, 0x0000, 0x0000, 0x0000, 0x0000, 0x0015, 0x5000, 
  0x0000, 0x02e5, 0x221b, 0x587f, 0xfb60, 0xffed, 0x07ff, 0x681f, 0xfb40, 0xffed, 0x07ff, 0x681f, 0xfb40, 0xffed, 0x07ff, 0x681f, 
  0xfb40, 0xffed, 0x07ff, 0x681f, 0xfb40, 0xffed, 0x07ff, 0x681f, 0xfb40, 0xffed, 0x07ff, 0x681f, 0xfb40, 0xfe8b, 0x0f9d, 0x6010, 
  0x9202, 0x9325, 0x2200, 0x0000, 0x52a0, 0x0000, 0x0000, 0x0000, 0x0000, 0x0000, 0x0000, 0x0000, 0x0000, 0x0000, 0x0000, 0x0000, 
  0x0000, 0x0000, 0x0000, 0x0000, 0x0000, 0x0000, 0x0000, 0x0000, 0x0000, 0x0000, 0x0000, 0x0000, 0x0000, 0x0000, 0x0000, 0x0000, 
  0x0000, 0x0000, 0x0000, 0x0000, 0x0000, 0x0000, 0x0000, 0x0000, 0x0000, 0x0000, 0x0000, 0x0000, 0x0000, 0x0000, 0x0000, 0x0000, 
  0x0000, 0x0000, 0x000c, 0x3180, 0x0000, 0x02c4, 0x22fc, 0x605f, 0xfb60, 0xffed, 0x07ff, 0x681f, 0xfb40, 0xffed, 0x07df, 0x681f, 
  0xe300, 0x4800, 0x001f, 0x7800, 0x0000, 0x0000, 0x0000, 0x0000, 0xfb40, 0xe7ed, 0x07ff, 0x681f, 0xfb40, 0xffed, 0x07ff, 0x681f, 
  0xfb40, 0xffed, 0x07ff, 0x681f, 0xfb40, 0xffed, 0x07ff, 0x681f, 0xfb40, 0xffed, 0x07ff, 0x681f, 0xfb40, 0xffed, 0x07ff, 0x681f, 
  0xfb40, 0xffed, 0x07ff, 0x681f, 0xfb40, 0xffed, 0x07ff, 0x681f, 0xfb40, 0xffed, 0x07ff, 0x681f, 0xfb40, 0xffed, 0x07ff, 0x681f, 
  0xfb40, 0xffed, 0x07ff, 0x681f, 0xfb40, 0xffed, 0x07ff, 0x681f, 0xfb40, 0xffed, 0x07ff, 0x681f, 0xfb40, 0xffed, 0x07ff, 0x681f, 
  0xfb40, 0xffed, 0x07ff, 0x681f, 0xfb40, 0xffed, 0x07ff, 0x681f, 0xfb40, 0xffed, 0x07ff, 0x681f, 0xfb60, 0xfe4a, 0x0f6f, 0x30c5, 
  0x0000, 0x03e7, 0x0020, 0x0000, 0x0000, 0x0000, 0x0000, 0x0000, 0x0000, 0x0000, 0x0000, 0x0000, 0x0000, 0x0000, 0x0000, 0x0000, 
  0x0000, 0x0000, 0x0000, 0x0000, 0x0000, 0x0000, 0x0000, 0x0000, 0x0000, 0x0000, 0x0000, 0x0000, 0xaaa0, 0x0000, 0x0010, 0x38c4, 
  0x81c3, 0x3000, 0x000f, 0x7800, 0xb9e0, 0x0000, 0x0000, 0x0000, 0x0000, 0x0000, 0x0000, 0x0000, 0x0000, 0x0000, 0x0000, 0x0000, 
  0x0000, 0x0000, 0x0000, 0x0000, 0x0000, 0x0000, 0x0000, 0x0000, 0x0000, 0x0000, 0x0000, 0x0000, 0x9980, 0x0000, 0x0012, 0x40b0, 
  0xfb40, 0xffed, 0x07df, 0x681f, 0xfb40, 0xffed, 0x07ff, 0x681f, 0xfb40, 0xff8c, 0x07b3, 0x4087, 0x0000, 0x054a, 0x0000, 0x0000, 
  0xfbe0, 0x0000, 0x0017, 0x5069, 0xfb60, 0xffed, 0x07ff, 0x681f, 0xfb40, 0xffed, 0x07ff, 0x681f, 0xfb60, 0xff2b, 0x078c, 0x28e7, 
  0x0000, 0x054a, 0x0000, 0x0000, 0x0000, 0x0000, 0x0000, 0x0000, 0x0000, 0x0000, 0x0000, 0x0000, 0x0000, 0x0000, 0x0000, 0x0000, 
  0x0000, 0x0000, 0x0000, 0x0000, 0x0000, 0x0000, 0x0000, 0x0000, 0x0000, 0x0000, 0x0000, 0x0000, 0x0000, 0x0000, 0x0000, 0x0000, 
  0x0000, 0x0000, 0x0000, 0x0000, 0x0000, 0x0000, 0x0000, 0x0000, 0x0000, 0x0000, 0x0000, 0x0000, 0x0000, 0x0000, 0x0017, 0x3800, 
  0x0000, 0x066a, 0x035f, 0x681f, 0xfb40, 0xffed, 0x07ff, 0x681f, 0xfb40, 0xffed, 0x07ff, 0x681f, 0xfb60, 0xffed, 0x07ff, 0x681f, 
  0xfb40, 0xffed, 0x07ff, 0x681f, 0xfb40, 0xffed, 0x07ff, 0x681f, 0xfb40, 0xffed, 0x07df, 0x681f, 0xfb40, 0xffed, 0x07df, 0x701f, 
  0xfba0, 0xff0b, 0x0bc0, 0x0000, 0xfb20, 0x0000, 0x0000, 0x0000, 0x0000, 0x0000, 0x0000, 0x0000, 0x0000, 0x0000, 0x0000, 0x0000, 
  0x0000, 0x0000, 0x0000, 0x0000, 0x0000, 0x0000, 0x0000, 0x0000, 0x0000, 0x0000, 0x0000, 0x0000, 0x0000, 0x0000, 0x0000, 0x0000, 
  0x0000, 0x0000, 0x0000, 0x0000, 0x0000, 0x0000, 0x0000, 0x0000, 0x0000, 0x0000, 0x0000, 0x0000, 0x0000, 0x0000, 0x0000, 0x0000, 
  0x0000, 0x0000, 0x000c, 0x3180, 0x0000, 0x02c4, 0x22fc, 0x605f, 0xfb60, 0xffed, 0x07ff, 0x681f, 0xfb40, 0xffed, 0x07df, 0x681f, 
  0xe300, 0x4800, 0x001f, 0x7800, 0x0000, 0x0000, 0x0000, 0x0000, 0xfb40, 0xe7ed, 0x07ff, 0x681f, 0xfb40, 0xffed, 0x07ff, 0x681f, 
  0xfb40, 0xffed, 0x07ff, 0x681f, 0xfb40, 0xffed, 0x07ff, 0x681f, 0xfb40, 0xffed, 0x07ff, 0x681f, 0xfb40, 0xffed, 0x07ff, 0x681f, 
  0xfb40, 0xffed, 0x07ff, 0x681f, 0xfb40, 0xffed, 0x07ff, 0x681f, 0xfb40, 0xffed, 0x07ff, 0x681f, 0xfb40, 0xffed, 0x07ff, 0x681f, 
  0xfb40, 0xffed, 0x07ff, 0x681f, 0xfb40, 0xffed, 0x07ff, 0x681f, 0xfb40, 0xffed, 0x07ff, 0x681f, 0xfb40, 0xffed, 0x07ff, 0x681f, 
  0xfb40, 0xffed, 0x07ff, 0x681f, 0xfb40, 0xffed, 0x07ff, 0x681f, 0xfb40, 0xffed, 0x07ff, 0x681f, 0xfb40, 0xffed, 0x07fa, 0x505d, 
  0x89c2, 0x2800, 0x0017, 0x3800, 0x0000, 0x0000, 0x0000, 0x0000, 0x0000, 0x0000, 0x0000, 0x0000, 0x0000, 0x0000, 0x0000, 0x0000, 
  0x0000, 0x0000, 0x0000, 0x0000, 0x0000, 0x0000, 0x0000, 0x0000, 0x0000, 0x0000, 0x0000, 0x0000, 0x0000, 0x07ef, 0x001f, 0x5000, 
  0xfbe0, 0x07ef, 0x002f, 0x3800, 0x0000, 0x0000, 0x0000, 0x0000, 0x0000, 0x0000, 0x0000, 0x0000, 0x0000, 0x0000, 0x0000, 0x0000, 
  0x0000, 0x0000, 0x0000, 0x0000, 0x0000, 0x0000, 0x0000, 0x0000, 0x0000, 0x0000, 0x0000, 0x0000, 0x0000, 0x0000, 0x0000, 0x01e1, 
  0xc2a1, 0xe7ed, 0x07ff, 0x681f, 0xfb40, 0xffed, 0x07ff, 0x681f, 0xfb40, 0xffed, 0x07fb, 0x5853, 0x0000, 0x05ef, 0x0020, 0x0000, 
  0xfaa0, 0x0000, 0x001b, 0x5858, 0xfb60, 0xffed, 0x07ff, 0x681f, 0xfb40, 0xffed, 0x07ff, 0x681f, 0xfb60, 0xfdea, 0x0c80, 0x0000, 
  0xcb20, 0x0000, 0x0000, 0x0000, 0x0000, 0x0000, 0x0000, 0x0000, 0x0000, 0x0000, 0x0000, 0x0000, 0x0000, 0x0000, 0x0000, 0x0000, 
  0x0000, 0x0000, 0x0000, 0x0000, 0x0000, 0x0000, 0x0000, 0x0000, 0x0000, 0x0000, 0x0000, 0x0000, 0x0000, 0x0000, 0x0000, 0x0000, 
  0x0000, 0x0000, 0x0000, 0x0000, 0x0000, 0x0000, 0x0000, 0x0000, 0x0000, 0x0000, 0x0000, 0x0000, 0x0000, 0x054a, 0x0000, 0x0000, 
  0x6163, 0x5f2c, 0x07ff, 0x681f, 0xfb40, 0xffed, 0x07ff, 0x681f, 0xfb40, 0xffed, 0x07fe, 0x601f, 0x9a22, 0xf72c, 0x07df, 0x701f, 
  0xfb40, 0xffed, 0x07ff, 0x681f, 0xfb40, 0xffed, 0x07ff, 0x681f, 0xfb40, 0xffed, 0x07ff, 0x681f, 0xfb40, 0xffed, 0x07ff, 0x681e, 
  0xfb60, 0xfe2a, 0x0bc0, 0x0000, 0xcb20, 0x0000, 0x0000, 0x0000, 0x0000, 0x0000, 0x0000, 0x0000, 0x0000, 0x0000, 0x0000, 0x0000, 
  0x0000, 0x0000, 0x0000, 0x0000, 0x0000, 0x0000, 0x0000, 0x0000, 0x0000, 0x0000, 0x0000, 0x0000, 0x0000, 0x0000, 0x0000, 0x0000, 
  0x0000, 0x0000, 0x0000, 0x0000, 0x0000, 0x0000, 0x0000, 0x0000, 0x0000, 0x0000, 0x0000, 0x0000, 0x0000, 0x0000, 0x0000, 0x0000, 
  0x0000, 0x0000, 0x000c, 0x3180, 0x0000, 0x02c4, 0x22fc, 0x605f, 0xfb60, 0xffed, 0x07ff, 0x681f, 0xfb40, 0xffed, 0x07df, 0x681f, 
  0xe300, 0x4800, 0x001f, 0x7800, 0x0000, 0x0000, 0x0000, 0x0000, 0xfb40, 0xe7ed, 0x07ff, 0x681f, 0xfb40, 0xffed, 0x07ff, 0x681f, 
  0xfb40, 0xffed, 0x07ff, 0x681f, 0xfb40, 0xffed, 0x07ff, 0x681f, 0xfb40, 0xffed, 0x07ff, 0x681f, 0xfb40, 0xffed, 0x07ff, 0x681f, 
  0xfb40, 0xffed, 0x07ff, 0x681f, 0xfb40, 0xffed, 0x07ff, 0x681f, 0xfb40, 0xffed, 0x07ff, 0x681f, 0xfb40, 0xffed, 0x07ff, 0x681f, 
  0xfb40, 0xffed, 0x07ff, 0x681f, 0xfb40, 0xffed, 0x07ff, 0x681f, 0xfb40, 0xffed, 0x07ff, 0x681f, 0xfb40, 0xffed, 0x07ff, 0x681f, 
  0xfb40, 0xffed, 0x07ff, 0x681f, 0xfb40, 0xffed, 0x07ff, 0x681f, 0xfb40, 0xffed, 0x07ff, 0x681f, 0xfb40, 0xffed, 0x07ff, 0x681f, 
  0xe300, 0xec67, 0x1940, 0x0000, 0xfaa0, 0x0000, 0x0000, 0x0000, 0x0000, 0x0000, 0x0000, 0x0000, 0x0000, 0x0000, 0x0000, 0x0000, 
  0x0000, 0x0000, 0x0000, 0x0000, 0x0000, 0x0000, 0x0000, 0x0000, 0x0000, 0x0000, 0x0000, 0x0000, 0x0000, 0x0000, 0x001f, 0x0000, 
  0x7800, 0x0000, 0x0000, 0x0000, 0x0000, 0x0000, 0x0000, 0x0000, 0x0000, 0x0000, 0x0000, 0x0000, 0x0000, 0x0000, 0x0000, 0x0000, 
  0x0000, 0x0000, 0x0000, 0x0000, 0x0000, 0x0000, 0x0000, 0x0000, 0x0000, 0x0000, 0x0000, 0x0000, 0x0000, 0x07ef, 0x0000, 0x0000, 
  0x79a3, 0x77ac, 0x07ff, 0x681f, 0xfb40, 0xffed, 0x07ff, 0x681f, 0xfb40, 0xffed, 0x07fe, 0x603f, 0x71a4, 0x8000, 0x0015, 0x5000, 
  0x0000, 0x03c6, 0x1afc, 0x605f, 0xfb40, 0xffed, 0x07ff, 0x681f, 0xfb40, 0xffed, 0x07ff, 0x681f, 0xeb20, 0xeb45, 0x2860, 0x0000, 
  0x0000, 0x0000, 0x0000, 0x0000, 0x0000, 0x0000, 0x0000, 0x0000, 0x0000, 0x0000, 0x0000, 0x0000, 0x0000, 0x0000, 0x0000, 0x0000, 
  0x0000, 0x0000, 0x0000, 0x0000, 0x0000, 0x0000, 0x0000, 0x0000, 0x0000, 0x0000, 0x0000, 0x0000, 0x0000, 0x0000, 0x0000, 0x0000, 
  0x0000, 0x0000, 0x0000, 0x0000, 0x0000, 0x0000, 0x0000, 0x0000, 0x0000, 0x0000, 0x0000, 0x0000, 0x0000, 0x07ff, 0x0000, 0x03e0, 
  0xdae1, 0xb7ee, 0x07ff, 0x681f, 0xfb40, 0xffed, 0x07ff, 0x681f, 0xfb40, 0xffed, 0x07fb, 0x5859, 0x0000, 0x0427, 0x11da, 0x5057, 
  0xfb40, 0xffed, 0x07ff, 0x681f, 0xfb40, 0xffed, 0x07ff, 0x681f, 0xfb40, 0xffed, 0x07ff, 0x681f, 0xfb40, 0xffed, 0x07ff, 0x681f, 
  0xeb00, 0xfba6, 0x1a60, 0x0000, 0xaaa0, 0x0000, 0x0000, 0x0000, 0x0000, 0x0000, 0x0000, 0x0000, 0x0000, 0x0000, 0x0000, 0x0000, 
  0x0000, 0x0000, 0x0000, 0x0000, 0x0000, 0x0000, 0x0000, 0x0000, 0x0000, 0x0000, 0x0000, 0x0000, 0x0000, 0x0000, 0x0000, 0x0000, 
  0x0000, 0x0000, 0x0000, 0x0000, 0x0000, 0x0000, 0x0000, 0x0000, 0x0000, 0x0000, 0x0000, 0x0000, 0x0000, 0x0000, 0x0000, 0x0000, 
  0x0000, 0x0000, 0x000c, 0x3180, 0x0000, 0x02c4, 0x22fc, 0x605f, 0xfb60, 0xffed, 0x07ff, 0x681f, 0xfb40, 0xffed, 0x07df, 0x681f, 
  0xe300, 0x4800, 0x001f, 0x7800, 0x0000, 0x0000, 0x0000, 0x0000, 0xfb40, 0xe7ed, 0x07ff, 0x681f, 0xfb40, 0xffed, 0x07ff, 0x681f, 
  0xfb40, 0xffed, 0x07ff, 0x681f, 0xfb40, 0xffed, 0x07ff, 0x681f, 0xfb40, 0xffed, 0x07ff, 0x681f, 0xfb40, 0xffed, 0x07ff, 0x681f, 
  0xfb40, 0xffed, 0x07ff, 0x681f, 0xfb40, 0xffed, 0x07ff, 0x681f, 0xfb40, 0xffed, 0x07ff, 0x681f, 0xfb40, 0xffed, 0x07ff, 0x681f, 
  0xfb40, 0xffed, 0x07ff, 0x681f, 0xfb40, 0xffed, 0x07ff, 0x681f, 0xfb40, 0xffed, 0x07ff, 0x681f, 0xfb40, 0xffed, 0x07ff, 0x681f, 
  0xfb40, 0xffed, 0x07ff, 0x681f, 0xfb40, 0xffed, 0x07ff, 0x681f, 0xfb40, 0xffed, 0x07ff, 0x681f, 0xfb40, 0xffed, 0x07ff, 0x601f, 
  0xfb60, 0xfecb, 0x0f71, 0x38a5, 0x0000, 0x05e7, 0x0020, 0x0000, 0x0000, 0x0000, 0x0000, 0x0000, 0x0000, 0x0000, 0x0000, 0x0000, 
  0x0000, 0x0000, 0x0000, 0x0000, 0x0000, 0x0000, 0x0000, 0x0000, 0x0000, 0x0000, 0x0000, 0x0000, 0x0000, 0x0000, 0x0000, 0x0000, 
  0x0000, 0x0000, 0x0000, 0x0000, 0x0000, 0x0000, 0x0000, 0x0000, 0x0000, 0x0000, 0x0000, 0x0000, 0x0000, 0x0000, 0x0000, 0x0000, 
  0x0000, 0x0000, 0x0000, 0x0000, 0x0000, 0x0000, 0x0000, 0x0000, 0x0000, 0x0000, 0x0000, 0x0000, 0x0000, 0x0000, 0x001f, 0x7800, 
  0x0000, 0x070b, 0x0cff, 0x701f, 0xfb40, 0xffed, 0x07ff, 0x681f, 0xfb40, 0xffed, 0x07ff, 0x681f, 0xc2a1, 0xd800, 0x40a0, 0x0000, 
  0x0000, 0x066b, 0x0b7f, 0x681f, 0xfb40, 0xffed, 0x07ff, 0x681f, 0xfb40, 0xffed, 0x07ff, 0x701f, 0xdae1, 0x7800, 0x001f, 0x7800, 
  0x0000, 0x0000, 0x0000, 0x0000, 0x0000, 0x0000, 0x0000, 0x0000, 0x0000, 0x0000, 0x0000, 0x0000, 0x0000, 0x0000, 0x0000, 0x0000, 
  0x0000, 0x0000, 0x0000, 0x0000, 0x0000, 0x0000, 0x0000, 0x0000, 0x0000, 0x0000, 0x0000, 0x0000, 0x0000, 0x0000, 0x0000, 0x0000, 
  0x0000, 0x0000, 0x0000, 0x0000, 0x0000, 0x0000, 0x0000, 0x0000, 0x0000, 0x0000, 0x0000, 0x0000, 0xfbe0, 0x0000, 0x0012, 0x40d4, 
  0xfb40, 0xffed, 0x07ff, 0x681f, 0xfb40, 0xffed, 0x07ff, 0x681f, 0xfb40, 0xffed, 0x07f7, 0x508b, 0x0000, 0x07ff, 0x000a, 0x2940, 
  0xb241, 0x462a, 0x0e1d, 0x603f, 0xfb80, 0xffee, 0x07ff, 0x681f, 0xfb40, 0xffed, 0x07ff, 0x681f, 0xfb40, 0xffed, 0x07ff, 0x681f, 
  0xfb20, 0xd000, 0x001f, 0x7800, 0x0000, 0x0000, 0x0000, 0x0000, 0x0000, 0x0000, 0x0000, 0x0000, 0x0000, 0x0000, 0x0000, 0x0000, 
  0x0000, 0x0000, 0x0000, 0x0000, 0x0000, 0x0000, 0x0000, 0x0000, 0x0000, 0x0000, 0x0000, 0x0000, 0x0000, 0x0000, 0x0000, 0x0000, 
  0x0000, 0x0000, 0x0000, 0x0000, 0x0000, 0x0000, 0x0000, 0x0000, 0x0000, 0x0000, 0x0000, 0x0000, 0x0000, 0x0000, 0x0000, 0x0000, 
  0x0000, 0x0000, 0x000c, 0x3180, 0x0000, 0x02c4, 0x22fc, 0x605f, 0xfb60, 0xffed, 0x07ff, 0x681f, 0xfb40, 0xffed, 0x07df, 0x681f, 
  0xe300, 0x4800, 0x001f, 0x7800, 0x0000, 0x0000, 0x0000, 0x0000, 0xfb40, 0xe7ed, 0x07ff, 0x681f, 0xfb40, 0xffed, 0x07ff, 0x681f, 
  0xfb40, 0xffed, 0x07ff, 0x681f, 0xfb40, 0xffed, 0x07ff, 0x681f, 0xfb40, 0xffed, 0x07ff, 0x681f, 0xfb40, 0xffed, 0x07ff, 0x681f, 
  0xfb40, 0xffed, 0x07ff, 0x681f, 0xfb40, 0xffed, 0x07ff, 0x681f, 0xfb40, 0xffed, 0x07ff, 0x681f, 0xfb40, 0xffed, 0x07ff, 0x681f, 
  0xfb40, 0xffed, 0x07ff, 0x681f, 0xfb40, 0xffed, 0x07ff, 0x681f, 0xfb40, 0xffed, 0x07ff, 0x681f, 0xfb40, 0xffed, 0x07ff, 0x681f, 
  0xfb40, 0xffed, 0x07ff, 0x681f, 0xfb40, 0xffed, 0x07ff, 0x681f, 0xfb40, 0xffed, 0x07ff, 0x681f, 0xfb40, 0xffed, 0x07ff, 0x681f, 
  0xfb40, 0xffed, 0x07fb, 0x585c, 0x6963, 0x2000, 0x000f, 0x7800, 0x0000, 0x0000, 0x0000, 0x0000, 0x0000, 0x0000, 0x0000, 0x0000, 
  0x0000, 0x0000, 0x0000, 0x0000, 0x0000, 0x0000, 0x0000, 0x0000, 0x0000, 0x0000, 0x0000, 0x0000, 0x0000, 0x0000, 0x0000, 0x0000, 
  0x0000, 0x0000, 0x0000, 0x0000, 0x0000, 0x0000, 0x0000, 0x0000, 0x0000, 0x0000, 0x0000, 0x0000, 0x0000, 0x0000, 0x0000, 0x0000, 
  0x0000, 0x0000, 0x0000, 0x0000, 0x0000, 0x0000, 0x0000, 0x0000, 0x0000, 0x0000, 0x0000, 0x0000, 0x0000, 0x0000, 0x000f, 0x0000, 
  0x0000, 0x0427, 0x119d, 0x603f, 0xfb40, 0xffed, 0x07ff, 0x681f, 0xfb40, 0xffed, 0x07ff, 0x681f, 0xfb40, 0xfd08, 0x1360, 0x0000, 
  0x1865, 0x15ea, 0x0fdf, 0x681f, 0xfb40, 0xffed, 0x07ff, 0x681f, 0xfb40, 0xffed, 0x07fe, 0x601c, 0x99e1, 0x2000, 0x001f, 0x7800, 
  0x0000, 0x0000, 0x0000, 0x0000, 0x0000, 0x0000, 0x0000, 0x0000, 0x0000, 0x0000, 0x0000, 0x0000, 0x0000, 0x0000, 0x0000, 0x0000, 
  0x0000, 0x0000, 0x0000, 0x0000, 0x0000, 0x0000, 0x0000, 0x0000, 0x0000, 0x0000, 0x0000, 0x0000, 0x0000, 0x0000, 0x0000, 0x0000, 
  0x0000, 0x0000, 0x0000, 0x0000, 0x0000, 0x0000, 0x0000, 0x0000, 0x0000, 0x0000, 0x0017, 0x3800, 0x0000, 0x05c9, 0x097d, 0x603d, 
  0xfb60, 0xffed, 0x07ff, 0x681f, 0xfb40, 0xffed, 0x07ff, 0x681f, 0xfb60, 0xfeeb, 0x0682, 0x11a1, 0x0000, 0x03ef, 0x0017, 0x7800, 
  0xaaa0, 0x0000, 0x000e, 0x30e8, 0xba61, 0x9f8c, 0x065f, 0x681f, 0xfb60, 0xffed, 0x07ff, 0x681f, 0xfb40, 0xffed, 0x07ff, 0x681f, 
  0xdac0, 0xd000, 0x001f, 0x7800, 0x0000, 0x0000, 0x0000, 0x0000, 0x0000, 0x0000, 0x0000, 0x0000, 0x0000, 0x0000, 0x0000, 0x0000, 
  0x0000, 0x0000, 0x0000, 0x0000, 0x0000, 0x0000, 0x0000, 0x0000, 0x0000, 0x0000, 0x0000, 0x0000, 0x0000, 0x0000, 0x0000, 0x0000, 
  0x0000, 0x0000, 0x0000, 0x0000, 0x0000, 0x0000, 0x0000, 0x0000, 0x0000, 0x0000, 0x0000, 0x0000, 0x0000, 0x0000, 0x0000, 0x0000, 
  0x0000, 0x0000, 0x000c, 0x3180, 0x0000, 0x02c4, 0x22fc, 0x605f, 0xfb60, 0xffed, 0x07ff, 0x681f, 0xfb40, 0xffed, 0x07df, 0x681f, 
  0xe300, 0x4800, 0x001f, 0x7800, 0x0000, 0x0000, 0x0000, 0x0000, 0xfb40, 0xe7ed, 0x07ff, 0x681f, 0xfb40, 0xffed, 0x07ff, 0x681f, 
  0xfb40, 0xffed, 0x07ff, 0x681f, 0xfb40, 0xffed, 0x07ff, 0x681f, 0xfb40, 0xffed, 0x07ff, 0x681f, 0xfb40, 0xffed, 0x07ff, 0x681f, 
  0xfb40, 0xffed, 0x07ff, 0x681f, 0xfb40, 0xffed, 0x07ff, 0x681f, 0xfb40, 0xffed, 0x07ff, 0x681f, 0xfb40, 0xffed, 0x07ff, 0x681f, 
  0xfb40, 0xffed, 0x07ff, 0x681f, 0xfb40, 0xffed, 0x07ff, 0x681f, 0xfb40, 0xffed, 0x07ff, 0x681f, 0xfb40, 0xffed, 0x07ff, 0x681f, 
  0xfb40, 0xffed, 0x07ff, 0x681f, 0xfb40, 0xffed, 0x07ff, 0x681f, 0xfb40, 0xffed, 0x07ff, 0x681f, 0xfb40, 0xffed, 0x07ff, 0x681f, 
  0xfb40, 0xffed, 0x07ff, 0x681f, 0xd2c1, 0xec06, 0x1160, 0x0000, 0x7be0, 0x0000, 0x0000, 0x0000, 0x0000, 0x0000, 0x0000, 0x0000, 
  0x0000, 0x0000, 0x0000, 0x0000, 0x0000, 0x0000, 0x0000, 0x0000, 0x0000, 0x0000, 0x0000, 0x0000, 0x0000, 0x0000, 0x0000, 0x0000, 
  0x0000, 0x0000, 0x0000, 0x0000, 0x0000, 0x0000, 0x0000, 0x0000, 0x0000, 0x0000, 0x0000, 0x0000, 0x0000, 0x0000, 0x0000, 0x0000, 
  0x0000, 0x0000, 0x0000, 0x0000, 0x0000, 0x0000, 0x0000, 0x0000, 0x0000, 0x0000, 0x0000, 0x0000, 0x0000, 0x0000, 0x0000, 0x0000, 
  0xffe0, 0x0000, 0x0015, 0x4875, 0xfb60, 0xffed, 0x07ff, 0x681f, 0xfb40, 0xffed, 0x07ff, 0x681f, 0xfb60, 0xfe8b, 0x0faa, 0x18c2, 
  0x91e2, 0x2f8c, 0x07ff, 0x681f, 0xfb40, 0xffed, 0x07ff, 0x681f, 0xfb40, 0xffee, 0x07fb, 0x6055, 0x0000, 0x066c, 0x0020, 0x0000, 
  0x0000, 0x0000, 0x0000, 0x0000, 0x0000, 0x0000, 0x0000, 0x0000, 0x0000, 0x0000, 0x0000, 0x0000, 0x0000, 0x0000, 0x0000, 0x0000, 
  0x0000, 0x0000, 0x0000, 0x0000, 0x0000, 0x0000, 0x0000, 0x0000, 0x0000, 0x0000, 0x0000, 0x0000, 0x0000, 0x0000, 0x0000, 0x0000, 
  0x0000, 0x0000, 0x0000, 0x0000, 0x0000, 0x0000, 0x0000, 0x0000, 0x0000, 0x0666, 0x0020, 0x0000, 0x91e3, 0x2f4c, 0x073f, 0x681f, 
  0xfb40, 0xffed, 0x07ff, 0x681f, 0xfb40, 0xffed, 0x07ff, 0x681f, 0xfb40, 0xfcc8, 0x1360, 0x0000, 0xb9e0, 0x0000, 0x0000, 0x0000, 
  0xb9e0, 0x07ff, 0x001f, 0x0000, 0x0000, 0x04a7, 0x10b6, 0x486c, 0xc281, 0xe7cd, 0x071f, 0x683f, 0xfb60, 0xffed, 0x07df, 0x681f, 
  0xaa62, 0xd000, 0x001f, 0x7800, 0x0000, 0x0000, 0x0000, 0x0000, 0x0000, 0x0000, 0x0000, 0x0000, 0x0000, 0x0000, 0x0000, 0x0000, 
  0x0000, 0x0000, 0x0000, 0x0000, 0x0000, 0x0000, 0x0000, 0x0000, 0x0000, 0x0000, 0x0000, 0x0000, 0x0000, 0x0000, 0x0000, 0x0000, 
  0x0000, 0x0000, 0x0000, 0x0000, 0x0000, 0x0000, 0x0000, 0x0000, 0x0000, 0x0000, 0x0000, 0x0000, 0x0000, 0x0000, 0x0000, 0x0000, 
  0x0000, 0x0000, 0x000c, 0x3180, 0x0000, 0x02c4, 0x22fc, 0x605f, 0xfb60, 0xffed, 0x07ff, 0x681f, 0xfb40, 0xffed, 0x07df, 0x681f, 
  0xe300, 0x4800, 0x001f, 0x7800, 0x0000, 0x0000, 0x0000, 0x0000, 0xfb40, 0xe7ed, 0x07ff, 0x681f, 0xfb40, 0xffed, 0x07ff, 0x681f, 
  0xfb40, 0xffed, 0x07ff, 0x681f, 0xfb40, 0xffed, 0x07ff, 0x681f, 0xfb40, 0xffed, 0x07ff, 0x681f, 0xfb40, 0xffed, 0x07ff, 0x681f, 
  0xfb40, 0xffed, 0x07ff, 0x681f, 0xfb40, 0xffed, 0x07ff, 0x681f, 0xfb40, 0xffed, 0x07ff, 0x681f, 0xfb40, 0xffed, 0x07ff, 0x681f, 
  0xfb40, 0xffed, 0x07ff, 0x681f, 0xfb40, 0xffed, 0x07ff, 0x681f, 0xfb40, 0xffed, 0x07ff, 0x681f, 0xfb40, 0xffed, 0x07ff, 0x681f, 
  0xfb40, 0xffed, 0x07ff, 0x681f, 0xfb40, 0xffed, 0x07ff, 0x681f, 0xfb40, 0xffed, 0x07ff, 0x681f, 0xfb40, 0xffed, 0x07ff, 0x681f, 
  0xfb40, 0xffed, 0x07ff, 0x681f, 0xfb60, 0xfe2a, 0x0f26, 0x1165, 0x0000, 0x03e0, 0x0000, 0x0000, 0x0000, 0x0000, 0x0000, 0x0000, 
  0x0000, 0x0000, 0x0000, 0x0000, 0x0000, 0x0000, 0x0000, 0x0000, 0x0000, 0x0000, 0x0000, 0x0000, 0x0000, 0x0000, 0x0000, 0x0000, 
  0x0000, 0x0000, 0x0000, 0x0000, 0x0000, 0x0000, 0x0000, 0x0000, 0x0000, 0x0000, 0x0000, 0x0000, 0x0000, 0x0000, 0x0000, 0x0000, 
  0x0000, 0x0000, 0x0000, 0x0000, 0x0000, 0x0000, 0x0000, 0x0000, 0x0000, 0x0000, 0x0000, 0x0000, 0x0000, 0x0000, 0x0000, 0x0000, 
  0xaaa0, 0x0000, 0x000e, 0x30c8, 0xdae0, 0xffed, 0x07df, 0x681f, 0xfb40, 0xffed, 0x07ff, 0x681f, 0xfb40, 0xffed, 0x07f6, 0x4891, 
  0xa222, 0xb7ed, 0x07ff, 0x681f, 0xfb40, 0xffed, 0x07ff, 0x681f, 0xfb40, 0xffac, 0x07f2, 0x408b, 0x0000, 0x03ef, 0x0000, 0x0000, 
  0x0000, 0x0000, 0x0000, 0x0000, 0x0000, 0x0000, 0x0000, 0x0000, 0x0000, 0x0000, 0x0000, 0x0000, 0x0000, 0x0000, 0x0000, 0x0000, 
  0x0000, 0x0000, 0x0000, 0x0000, 0x0000, 0x0000, 0x0000, 0x0000, 0x0000, 0x0000, 0x0000, 0x0000, 0x0000, 0x0000, 0x0000, 0x0000, 
  0x0000, 0x0000, 0x0000, 0x0000, 0x0000, 0x0000, 0x0000, 0x0000, 0xb9e0, 0x0000, 0x000f, 0x30e5, 0xd2e1, 0xefee, 0x07ff, 0x681f, 
  0xfb40, 0xffed, 0x07ff, 0x681f, 0xfb40, 0xffed, 0x07ff, 0x681f, 0xd2c0, 0x8800, 0x001f, 0x5000, 0x0000, 0x0000, 0x0000, 0x0000, 
  0x0000, 0x0000, 0x000f, 0x0000, 0x9980, 0x07ef, 0x0000, 0x03e0, 0x0000, 0x0305, 0x2131, 0x38b1, 0xdae0, 0x760a, 0x0edc, 0x605f, 
  0x91e2, 0x8000, 0x001f, 0x7800, 0x0000, 0x0000, 0x0000, 0x0000, 0x0000, 0x0000, 0x0000, 0x0000, 0x0000, 0x0000, 0x0000, 0x0000, 
  0x0000, 0x0000, 0x0000, 0x0000, 0x0000, 0x0000, 0x0000, 0x0000, 0x0000, 0x0000, 0x0000, 0x0000, 0x0000, 0x0000, 0x0000, 0x0000, 
  0x0000, 0x0000, 0x0000, 0x0000, 0x0000, 0x0000, 0x0000, 0x0000, 0x0000, 0x0000, 0x0000, 0x0000, 0x0000, 0x0000, 0x0000, 0x0000, 
  0x0000, 0x0000, 0x000c, 0x3180, 0x0000, 0x02c4, 0x22fc, 0x605f, 0xfb60, 0xffed, 0x07ff, 0x681f, 0xfb40, 0xffed, 0x07df, 0x681f, 
  0xe300, 0x4800, 0x001f, 0x7800, 0x0000, 0x0000, 0x0000, 0x0000, 0xfb40, 0xe7ed, 0x07ff, 0x681f, 0xfb40, 0xffed, 0x07ff, 0x681f, 
  0xfb40, 0xffed, 0x07ff, 0x681f, 0xfb40, 0xffed, 0x07ff, 0x681f, 0xfb40, 0xffed, 0x07ff, 0x681f, 0xfb40, 0xffed, 0x07ff, 0x681f, 
  0xfb40, 0xffed, 0x07ff, 0x681f, 0xfb40, 0xffed, 0x07ff, 0x681f, 0xfb40, 0xffed, 0x07ff, 0x681f, 0xfb40, 0xffed, 0x07ff, 0x681f, 
  0xfb40, 0xffed, 0x07ff, 0x681f, 0xfb40, 0xffed, 0x07ff, 0x681f, 0xfb40, 0xffed, 0x07ff, 0x681f, 0xfb40, 0xffed, 0x07ff, 0x681f, 
  0xfb40, 0xffed, 0x07ff, 0x681f, 0xfb40, 0xffed, 0x07ff, 0x681f, 0xfb40, 0xffed, 0x07ff, 0x681f, 0xfb40, 0xffed, 0x07ff, 0x681f, 
  0xfb40, 0xffed, 0x07ff, 0x681f, 0xfb40, 0xffed, 0x07f6, 0x4898, 0x0000, 0x06aa, 0x0020, 0x0000, 0x0000, 0x0000, 0x0000, 0x0000, 
  0x0000, 0x0000, 0x0000, 0x0000, 0x0000, 0x0000, 0x0000, 0x0000, 0x0000, 0x0000, 0x0000, 0x0000, 0x0000, 0x0000, 0x0000, 0x0000, 
  0x0000, 0x0000, 0x0000, 0x0000, 0x0000, 0x0000, 0x0000, 0x0000, 0x0000, 0x0000, 0x0000, 0x0000, 0x0000, 0x0000, 0x0000, 0x0000, 
  0x0000, 0x0000, 0x0000, 0x0000, 0x0000, 0x0000, 0x0000, 0x0000, 0x0000, 0x0000, 0x0000, 0x0000, 0x0000, 0x0000, 0x0000, 0x0000, 
  0x0000, 0x04c6, 0x0020, 0x0000, 0xaa42, 0xafee, 0x07ff, 0x681f, 0xfb40, 0xffed, 0x07ff, 0x681f, 0xfb40, 0xffed, 0x07fc, 0x603c, 
  0xeb00, 0xb7ee, 0x07ff, 0x681f, 0xfb40, 0xffed, 0x07ff, 0x681f, 0xfb40, 0xfecb, 0x07ad, 0x3081, 0x0000, 0x07e0, 0x0000, 0x0000, 
  0x0000, 0x0000, 0x0000, 0x0000, 0x0000, 0x0000, 0x0000, 0x0000, 0x0000, 0x0000, 0x0000, 0x0000, 0x0000, 0x0000, 0x0000, 0x0000, 
  0x0000, 0x0000, 0x0000, 0x0000, 0x0000, 0x0000, 0x0000, 0x0000, 0x0000, 0x0000, 0x0000, 0x0000, 0x0000, 0x0000, 0x0000, 0x0000, 
  0x0000, 0x0000, 0x0000, 0x0000, 0x0000, 0x0000, 0x0015, 0x2800, 0x0000, 0x0366, 0x1959, 0x587c, 0xfb60, 0xffcd, 0x07ff, 0x681f, 
  0xfb40, 0xffed, 0x07ff, 0x681f, 0xfb40, 0xffed, 0x07f9, 0x507e, 0x4923, 0x2800, 0x000f, 0x0000, 0x0000, 0x0000, 0x0000, 0x0000, 
  0x0000, 0x0000, 0x0000, 0x0000, 0x0000, 0x07ef, 0x001f, 0xa800, 0x0000, 0x0000, 0x0000, 0x0000, 0x0000, 0x01a3, 0x20ed, 0x30e5, 
  0x9244, 0x0000, 0x0000, 0x0000, 0x0000, 0x0000, 0x0000, 0x0000, 0x0000, 0x0000, 0x0000, 0x0000, 0x0000, 0x0000, 0x0000, 0x0000, 
  0x0000, 0x0000, 0x0000, 0x0000, 0x0000, 0x0000, 0x0000, 0x0000, 0x0000, 0x0000, 0x0000, 0x0000, 0x0000, 0x0000, 0x0000, 0x0000, 
  0x0000, 0x0000, 0x0000, 0x0000, 0x0000, 0x0000, 0x0000, 0x0000, 0x0000, 0x0000, 0x0000, 0x0000, 0x0000, 0x0000, 0x0000, 0x0000, 
  0x0000, 0x0000, 0x000c, 0x3180, 0x0000, 0x02c4, 0x22fc, 0x605f, 0xfb60, 0xffed, 0x07ff, 0x681f, 0xfb40, 0xffed, 0x07df, 0x681f, 
  0xe300, 0x4800, 0x001f, 0x7800, 0x0000, 0x0000, 0x0000, 0x0000, 0xfb40, 0xe7ed, 0x07ff, 0x681f, 0xfb40, 0xffed, 0x07ff, 0x681f, 
  0xfb40, 0xffed, 0x07ff, 0x681f, 0xfb40, 0xffed, 0x07ff, 0x681f, 0xfb40, 0xffed, 0x07ff, 0x681f, 0xfb40, 0xffed, 0x07ff, 0x681f, 
  0xfb40, 0xffed, 0x07ff, 0x681f, 0xfb40, 0xffed, 0x07ff, 0x681f, 0xfb40, 0xffed, 0x07ff, 0x681f, 0xfb40, 0xffed, 0x07ff, 0x681f, 
  0xfb40, 0xffed, 0x07ff, 0x681f, 0xfb40, 0xffed, 0x07ff, 0x681f, 0xfb40, 0xffed, 0x07ff, 0x681f, 0xfb40, 0xffed, 0x07ff, 0x681f, 
  0xfb40, 0xffed, 0x07ff, 0x681f, 0xfb40, 0xffed, 0x07ff, 0x681f, 0xfb40, 0xffed, 0x07ff, 0x681f, 0xfb40, 0xffed, 0x07ff, 0x681f, 
  0xfb40, 0xffed, 0x07ff, 0x681f, 0xfb40, 0xffed, 0x07df, 0x681f, 0xd2c1, 0x7000, 0x001f, 0x7800, 0x0000, 0x0000, 0x0000, 0x0000, 
  0x0000, 0x0000, 0x0000, 0x0000, 0x0000, 0x0000, 0x0000, 0x0000, 0x0000, 0x0000, 0x0000, 0x0000, 0x0000, 0x0000, 0x0000, 0x0000, 
  0x0000, 0x0000, 0x0000, 0x0000, 0x0000, 0x0000, 0x0000, 0x0000, 0x0000, 0x0000, 0x0000, 0x0000, 0x0000, 0x0000, 0x0000, 0x0000, 
  0x0000, 0x0000, 0x0000, 0x0000, 0x0000, 0x0000, 0x0000, 0x0000, 0x0000, 0x0000, 0x0000, 0x0000, 0x0000, 0x0000, 0x0000, 0x0000, 
  0x0000, 0x07e0, 0x0000, 0x0000, 0x38a3, 0x270c, 0x06ff, 0x681f, 0xfb40, 0xffed, 0x07ff, 0x681f, 0xfb40, 0xffed, 0x07df, 0x681f, 
  0xe2e0, 0xefed, 0x07ff, 0x681f, 0xfb40, 0xffed, 0x07ff, 0x681f, 0xfb60, 0xfd28, 0x17c0, 0x01e2, 0x0000, 0x0000, 0x0000, 0x0000, 
  0x0000, 0x0000, 0x0000, 0x0000, 0x0000, 0x0000, 0x0000, 0x0000, 0x0000, 0x0000, 0x0000, 0x0000, 0x0000, 0x0000, 0x0000, 0x0000, 
  0x0000, 0x0000, 0x0000, 0x0000, 0x0000, 0x0000, 0x0000, 0x0000, 0x0000, 0x0000, 0x0000, 0x0000, 0x0000, 0x0000, 0x0000, 0x0000, 
  0x0000, 0x0000, 0x0000, 0x0000, 0x0000, 0x0666, 0x0020, 0x0000, 0xb261, 0x270c, 0x075f, 0x681f, 0xfb40, 0xffed, 0x07ff, 0x681f, 
  0xfb40, 0xffed, 0x07ff, 0x681f, 0xfb60, 0xff4c, 0x07f3, 0x38a8, 0x0000, 0x07ef, 0x0000, 0x0000, 0x0000, 0x0000, 0x0000, 0x0000, 
  0x0000, 0x0000, 0x0000, 0x0000, 0x0000, 0x0000, 0x0000, 0x0000, 0x0000, 0x07e0, 0x0017, 0x3800, 0xf9e0, 0x07ff, 0x0000, 0x0000, 
  0x52aa, 0x0000, 0x0000, 0x0000, 0x0000, 0x0000, 0x0000, 0x0000, 0x0000, 0x0000, 0x0000, 0x0000, 0x0000, 0x0000, 0x0000, 0x0000, 
  0x0000, 0x0000, 0x0000, 0x0000, 0x0000, 0x0000, 0x0000, 0x0000, 0x0000, 0x0000, 0x0000, 0x0000, 0x0000, 0x0000, 0x0000, 0x0000, 
  0x0000, 0x0000, 0x0000, 0x0000, 0x0000, 0x0000, 0x0000, 0x0000, 0x0000, 0x0000, 0x0000, 0x0000, 0x0000, 0x0000, 0x0000, 0x0000, 
  0x0000, 0x0000, 0x000c, 0x3180, 0x0000, 0x02c4, 0x22fc, 0x605f, 0xfb60, 0xffed, 0x07ff, 0x681f, 0xfb40, 0xffed, 0x07df, 0x681f, 
  0xe300, 0x4800, 0x001f, 0x7800, 0x0000, 0x0000, 0x0000, 0x0000, 0xfb40, 0xe7ed, 0x07ff, 0x681f, 0xfb40, 0xffed, 0x07ff, 0x681f, 
  0xfb40, 0xffed, 0x07ff, 0x681f, 0xfb40, 0xffed, 0x07df, 0x681f, 0xfb40, 0xffed, 0x07ff, 0x681f, 0xfb40, 0xffed, 0x07ff, 0x681f, 
  0xfb40, 0xffed, 0x07ff, 0x681f, 0xfb40, 0xffed, 0x07ff, 0x681f, 0xfb40, 0xffed, 0x07ff, 0x681f, 0xfb40, 0xffed, 0x07ff, 0x681f, 
  0xfb40, 0xffed, 0x07ff, 0x681f, 0xfb40, 0xffed, 0x07ff, 0x681f, 0xfb40, 0xffed, 0x07ff, 0x681f, 0xfb40, 0xffed, 0x07ff, 0x681f, 
  0xfb40, 0xffed, 0x07ff, 0x681f, 0xfb40, 0xffed, 0x07ff, 0x681f, 0xfb40, 0xffed, 0x07ff, 0x681f, 0xfb40, 0xffed, 0x07ff, 0x681f, 
  0xfb40, 0xffed, 0x07ff, 0x681f, 0xfb40, 0xffed, 0x07ff, 0x681f, 0xfb60, 0xfd89, 0x1380, 0x0000, 0xfaa0, 0x0000, 0x0000, 0x0000, 
  0x0000, 0x0000, 0x0000, 0x0000, 0x0000, 0x0000, 0x0000, 0x0000, 0x0000, 0x0000, 0x0000, 0x0000, 0x0000, 0x0000, 0x0000, 0x0000, 
  0x0000, 0x0000, 0x0000, 0x0000, 0x0000, 0x0000, 0x0000, 0x0000, 0x0000, 0x0000, 0x0000, 0x0000, 0x0000, 0x0000, 0x0000, 0x0000, 
  0x0000, 0x0000, 0x0000, 0x0000, 0x0000, 0x0000, 0x0000, 0x0000, 0x0000, 0x0000, 0x0000, 0x0000, 0x0000, 0x0000, 0x0000, 0x0000, 
  0x0000, 0x0000, 0x0019, 0x3000, 0x0000, 0x060a, 0x0aff, 0x681f, 0xfb40, 0xffed, 0x07ff, 0x681f, 0xfb40, 0xffed, 0x07ff, 0x681f, 
  0xfb40, 0xffed, 0x07df, 0x681f, 0xfb40, 0xffed, 0x07ff, 0x681f, 0xfb60, 0xfe2a, 0x0b60, 0x0000, 0xfbe0, 0x0000, 0x0000, 0x0000, 
  0x0000, 0x0000, 0x0000, 0x0000, 0x0000, 0x0000, 0x0000, 0x0000, 0x0000, 0x0000, 0x0000, 0x0000, 0x0000, 0x0000, 0x0000, 0x0000, 
  0x0000, 0x0000, 0x0000, 0x0000, 0x0000, 0x0000, 0x0000, 0x0000, 0x0000, 0x0000, 0x0000, 0x0000, 0x0000, 0x0000, 0x0000, 0x0000, 
  0x0000, 0x0000, 0x0015, 0x5000, 0x0000, 0x0061, 0x2892, 0x40a9, 0xeb20, 0xe7ed, 0x07ff, 0x601f, 0xfb40, 0xffed, 0x07ff, 0x681f, 
  0xfb40, 0xffed, 0x07ff, 0x681f, 0xfb40, 0xf6eb, 0x0200, 0x0000, 0xfaa0, 0x0000, 0x0000, 0x0000, 0x0000, 0x0000, 0x0000, 0x0000, 
  0x0000, 0x0000, 0x0000, 0x0000, 0x0000, 0x0000, 0x0000, 0x0000, 0x0000, 0x0000, 0x0000, 0x0000, 0x0000, 0x054a, 0x0017, 0x3800, 
  0xf800, 0x0000, 0x0000, 0x0000, 0x0000, 0x0000, 0x0000, 0x0000, 0x0000, 0x0000, 0x0000, 0x0000, 0x0000, 0x0000, 0x0000, 0x0000, 
  0x0000, 0x0000, 0x0000, 0x0000, 0x0000, 0x0000, 0x0000, 0x0000, 0x0000, 0x0000, 0x0000, 0x0000, 0x0000, 0x0000, 0x0000, 0x0000, 
  0x0000, 0x0000, 0x0000, 0x0000, 0x0000, 0x0000, 0x0000, 0x0000, 0x0000, 0x0000, 0x0000, 0x0000, 0x0000, 0x0000, 0x0000, 0x0000, 
  0x0000, 0x0000, 0x000c, 0x3180, 0x0000, 0x02c4, 0x22fc, 0x605f, 0xfb60, 0xffed, 0x07ff, 0x681f, 0xfb40, 0xffed, 0x07df, 0x681f, 
  0xe300, 0x4800, 0x001f, 0x7800, 0x0000, 0x0000, 0x0000, 0x0000, 0xfb40, 0xe7ed, 0x07ff, 0x681f, 0xfb40, 0xffed, 0x07ff, 0x681f, 
  0xfb40, 0xffcd, 0x07ff, 0x683f, 0xfb60, 0xffee, 0x07ff, 0x681f, 0xfb60, 0xffed, 0x07ff, 0x681f, 0xfb40, 0xffed, 0x07ff, 0x681f, 
  0xfb40, 0xffed, 0x07ff, 0x681f, 0xfb40, 0xffed, 0x07ff, 0x681f, 0xfb40, 0xffed, 0x07ff, 0x681f, 0xfb40, 0xffed, 0x07ff, 0x681f, 
  0xfb40, 0xffed, 0x07ff, 0x681f, 0xfb40, 0xffed, 0x07ff, 0x681f, 0xfb40, 0xffed, 0x07ff, 0x681f, 0xfb40, 0xffed, 0x07ff, 0x681f, 
  0xfb40, 0xffed, 0x07ff, 0x681f, 0xfb40, 0xffed, 0x07ff, 0x681f, 0xfb40, 0xffed, 0x07ff, 0x681f, 0xfb40, 0xffed, 0x07ff, 0x681f, 
  0xfb40, 0xffed, 0x07ff, 0x681f, 0xfb40, 0xffed, 0x07ff, 0x681f, 0xfb60, 0xff0b, 0x0fef, 0x30c9, 0x0000, 0x04c6, 0x0020, 0x0000, 
  0x0000, 0x0000, 0x0000, 0x0000, 0x0000, 0x0000, 0x0000, 0x0000, 0x0000, 0x0000, 0x0000, 0x0000, 0x0000, 0x0000, 0x0000, 0x0000, 
  0x0000, 0x0000, 0x0000, 0x0000, 0x0000, 0x0000, 0x0000, 0x0000, 0x0000, 0x0000, 0x0000, 0x0000, 0x0000, 0x0000, 0x0000, 0x0000, 
  0x0000, 0x0000, 0x0000, 0x0000, 0x0000, 0x0000, 0x0000, 0x0000, 0x0000, 0x0000, 0x0000, 0x0000, 0x0000, 0x0000, 0x0000, 0x0000, 
  0x0000, 0x0000, 0x0000, 0x0000, 0xfbe0, 0x0000, 0x781a, 0x5839, 0xfb60, 0xffed, 0x07ff, 0x681f, 0xfb40, 0xffed, 0x07ff, 0x681f, 
  0xfb60, 0xffed, 0x07df, 0x681f, 0xfb40, 0xffed, 0x07ff, 0x681f, 0xfb40, 0xfda9, 0x12e0, 0x0000, 0x9980, 0x0000, 0x0000, 0x0000, 
  0x0000, 0x0000, 0x0000, 0x0000, 0x0000, 0x0000, 0x0000, 0x0000, 0x0000, 0x0000, 0x0000, 0x0000, 0x0000, 0x0000, 0x0000, 0x0000, 
  0x0000, 0x0000, 0x0000, 0x0000, 0x0000, 0x0000, 0x0000, 0x0000, 0x0000, 0x0000, 0x0000, 0x0000, 0x0000, 0x0000, 0x0000, 0x0000, 
  0x0000, 0x05ef, 0x0027, 0x39e0, 0x0006, 0x0589, 0x0d5e, 0x685f, 0xfb60, 0xffec, 0x07ff, 0x681f, 0xfb40, 0xffed, 0x07ff, 0x681f, 
  0xfb40, 0xffed, 0x07df, 0x683f, 0xa222, 0xa000, 0x0016, 0x4800, 0x0000, 0x0000, 0x0000, 0x0000, 0x0000, 0x0000, 0x0000, 0x0000, 
  0x0000, 0x0000, 0x0000, 0x0000, 0x0000, 0x0000, 0x0000, 0x0000, 0x0000, 0x0000, 0x0000, 0x0000, 0x0000, 0x0000, 0x0000, 0x0000, 
  0x0000, 0x0000, 0x0000, 0x0000, 0x0000, 0x0000, 0x0000, 0x0000, 0x0000, 0x0000, 0x0000, 0x0000, 0x0000, 0x0000, 0x0000, 0x0000, 
  0x0000, 0x0000, 0x0000, 0x0000, 0x0000, 0x0000, 0x0000, 0x0000, 0x0000, 0x0000, 0x0000, 0x0000, 0x0000, 0x0000, 0x0000, 0x0000, 
  0x0000, 0x0000, 0x0000, 0x0000, 0x0000, 0x0000, 0x0000, 0x0000, 0x0000, 0x0000, 0x0000, 0x0000, 0x0000, 0x0000, 0x0000, 0x0000, 
  0x0000, 0x0000, 0x000c, 0x3180, 0x0000, 0x02c4, 0x22fc, 0x605f, 0xfb60, 0xffed, 0x07ff, 0x681f, 0xfb40, 0xffed, 0x07df, 0x681f, 
  0xdae0, 0x4800, 0x001f, 0x7800, 0x0000, 0x0000, 0x0000, 0x0000, 0xfb40, 0xe7ed, 0x07ff, 0x681f, 0xfb40, 0xffed, 0x07ff, 0x681f, 
  0xf340, 0xfd89, 0x0b93, 0x408a, 0xc2a1, 0x56ab, 0x0af5, 0x489d, 0xcaa1, 0xf78c, 0x079f, 0x681f, 0xfb80, 0xffed, 0x07df, 0x681f, 
  0xfb40, 0xffed, 0x07ff, 0x681f, 0xfb40, 0xffed, 0x07ff, 0x681f, 0xfb40, 0xffed, 0x07ff, 0x681f, 0xfb40, 0xffed, 0x07ff, 0x681f, 
  0xfb40, 0xffed, 0x07ff, 0x681f, 0xfb40, 0xffed, 0x07ff, 0x681f, 0xfb40, 0xffed, 0x07ff, 0x681f, 0xfb40, 0xffed, 0x07ff, 0x681f, 
  0xfb40, 0xffed, 0x07ff, 0x681f, 0xfb40, 0xffed, 0x07ff, 0x681f, 0xfb40, 0xffed, 0x07ff, 0x681f, 0xfb40, 0xffed, 0x07ff, 0x681f, 
  0xfb40, 0xffed, 0x07ff, 0x681f, 0xfb40, 0xffed, 0x07ff, 0x681f, 0xfb40, 0xffed, 0x07fc, 0x5837, 0x0004, 0x0000, 0x0000, 0x0000, 
  0x0000, 0x0000, 0x0000, 0x0000, 0x0000, 0x0000, 0x0000, 0x0000, 0x0000, 0x0000, 0x0000, 0x0000, 0x0000, 0x0000, 0x0000, 0x0000, 
  0x0000, 0x0000, 0x0000, 0x0000, 0x0000, 0x0000, 0x0000, 0x0000, 0x0000, 0x0000, 0x0000, 0x0000, 0x0000, 0x0000, 0x0000, 0x0000, 
  0x0000, 0x0000, 0x0000, 0x0000, 0x0000, 0x0000, 0x0000, 0x0000, 0x0000, 0x0000, 0x0000, 0x0000, 0x0000, 0x0000, 0x0000, 0x0000, 
  0x0000, 0x0000, 0x001f, 0x0000, 0x99e0, 0x0800, 0x000d, 0x2917, 0xf320, 0xffed, 0x07ff, 0x681f, 0xfb40, 0xffed, 0x07ff, 0x681f, 
  0xfb80, 0xffed, 0x07ff, 0x681f, 0xfb40, 0xffed, 0x07ff, 0x681f, 0xdae0, 0xf2e5, 0x19c0, 0x0000, 0xaaa0, 0x0000, 0x0000, 0x0000, 
  0x0000, 0x0000, 0x0000, 0x0000, 0x0000, 0x0000, 0x0000, 0x0000, 0x0000, 0x0000, 0x0000, 0x0000, 0x0000, 0x0000, 0x0000, 0x0000, 
  0x0000, 0x0000, 0x0000, 0x0000, 0x0000, 0x0000, 0x0000, 0x0000, 0x0000, 0x0000, 0x0000, 0x0000, 0x0000, 0x0000, 0x0000, 0x0000, 
  0x7be0, 0x0000, 0x0010, 0x38cc, 0xc281, 0xffee, 0x07df, 0x681f, 0xfb40, 0xffed, 0x07ff, 0x681f, 0xfb40, 0xffed, 0x07ff, 0x681f, 
  0xfb40, 0xffed, 0x07f4, 0x48b8, 0x000b, 0x0800, 0x0000, 0x0000, 0x0000, 0x0000, 0x0000, 0x0000, 0x0000, 0x0000, 0x0000, 0x0000, 
  0x0000, 0x0000, 0x0000, 0x0000, 0x0000, 0x0000, 0x0000, 0x0000, 0x0000, 0x0000, 0x0000, 0x0000, 0x0000, 0x0000, 0x0000, 0x0000, 
  0x0000, 0x0000, 0x0000, 0x0000, 0x0000, 0x0000, 0x0000, 0x0000, 0x0000, 0x0000, 0x0000, 0x0000, 0x0000, 0x0000, 0x0000, 0x0000, 
  0x0000, 0x0000, 0x0000, 0x0000, 0x0000, 0x0000, 0x0000, 0x0000, 0x0000, 0x0000, 0x0000, 0x0000, 0x0000, 0x0000, 0x0000, 0x0000, 
  0x0000, 0x0000, 0x0000, 0x0000, 0x0000, 0x0000, 0x0000, 0x0000, 0x0000, 0x0000, 0x0000, 0x0000, 0x0000, 0x0000, 0x0000, 0x0000, 
  0x0000, 0x0000, 0x000c, 0x3180, 0x0000, 0x02c4, 0x22fc, 0x605f, 0xfb60, 0xffed, 0x07ff, 0x681f, 0xfb40, 0xffed, 0x07df, 0x681f, 
  0xdae0, 0x4800, 0x001f, 0x7800, 0x0000, 0x0000, 0x0000, 0x0000, 0xfb40, 0xe7ed, 0x07ff, 0x681f, 0xfb40, 0xffed, 0x07ff, 0x681f, 
  0xf340, 0xfe6b, 0x0940, 0x0000, 0xfbe0, 0x0000, 0x0000, 0x0221, 0x3084, 0x0ff5, 0x0012, 0x38b1, 0xe2c0, 0xaf2c, 0x0f9f, 0x683f, 
  0xfb60, 0xffed, 0x07ff, 0x681f, 0xfb40, 0xffed, 0x07ff, 0x681f, 0xfb40, 0xffed, 0x07ff, 0x681f, 0xfb40, 0xffed, 0x07ff, 0x681f, 
  0xfb40, 0xffed, 0x07ff, 0x681f, 0xfb40, 0xffed, 0x07ff, 0x681f, 0xfb40, 0xffed, 0x07ff, 0x681f, 0xfb40, 0xffed, 0x07ff, 0x681f, 
  0xfb40, 0xffed, 0x07ff, 0x681f, 0xfb40, 0xffed, 0x07ff, 0x681f, 0xfb40, 0xffed, 0x07ff, 0x681f, 0xfb40, 0xffed, 0x07ff, 0x681f, 
  0xfb40, 0xffed, 0x07ff, 0x681f, 0xfb40, 0xffed, 0x07ff, 0x681f, 0xfb40, 0xffed, 0x07ff, 0x701f, 0xba61, 0xc000, 0x5840, 0x0000, 
  0x0000, 0x0000, 0x0000, 0x0000, 0x0000, 0x0000, 0x0000, 0x0000, 0x0000, 0x0000, 0x0000, 0x0000, 0x0000, 0x0000, 0x0000, 0x0000, 
  0x0000, 0x0000, 0x0000, 0x0000, 0x0000, 0x0000, 0x0000, 0x0000, 0x0000, 0x0000, 0x0000, 0x0000, 0x0000, 0x0000, 0x0000, 0x0000, 
  0x0000, 0x0000, 0x0000, 0x0000, 0x0000, 0x0000, 0x0000, 0x0000, 0x0000, 0x0000, 0x0000, 0x0000, 0x0000, 0x0000, 0x0000, 0x0000, 
  0x79e7, 0x03e0, 0x0000, 0x0000, 0x0009, 0x0487, 0x125a, 0x505a, 0xfb40, 0xffed, 0x07ff, 0x681f, 0xfb40, 0xffed, 0x07ff, 0x681f, 
  0xfb60, 0xffed, 0x07ff, 0x681f, 0xfb40, 0xffed, 0x07ff, 0x681f, 0xf340, 0xb800, 0x001f, 0x7800, 0x0000, 0x0000, 0x0000, 0x0000, 
  0x0000, 0x0000, 0x0000, 0x0000, 0x0000, 0x0000, 0x0000, 0x0000, 0x0000, 0x0000, 0x0000, 0x0000, 0x0000, 0x0000, 0x0000, 0x0000, 
  0x0000, 0x0000, 0x0000, 0x0000, 0x0000, 0x0000, 0x0000, 0x0000, 0x0000, 0x0000, 0x0000, 0x0000, 0x0000, 0x0000, 0x0000, 0x0000, 
  0x0007, 0x14e8, 0x155f, 0x681e, 0xfb60, 0xffed, 0x07ff, 0x681f, 0xfb40, 0xffed, 0x07ff, 0x681f, 0xfb40, 0xffed, 0x07ff, 0x681f, 
  0xfb60, 0xfd69, 0x1640, 0x01a1, 0x0000, 0x07e0, 0x0000, 0x0000, 0x0000, 0x0000, 0x0000, 0x0000, 0x0000, 0x0000, 0x0000, 0x0000, 
  0x0000, 0x0000, 0x0000, 0x0000, 0x0000, 0x0000, 0x0000, 0x0000, 0x0000, 0x0000, 0x0000, 0x0000, 0x0000, 0x0000, 0x0000, 0x0000, 
  0x0000, 0x0000, 0x0000, 0x0000, 0x0000, 0x0000, 0x0000, 0x0000, 0x0000, 0x0000, 0x0000, 0x0000, 0x0000, 0x0000, 0x0000, 0x0000, 
  0x0000, 0x0000, 0x0000, 0x0000, 0x0000, 0x0000, 0x0000, 0x0000, 0x0000, 0x0000, 0x0000, 0x0000, 0x0000, 0x0000, 0x0000, 0x0000, 
  0x0000, 0x0000, 0x0000, 0x0000, 0x0000, 0x0000, 0x0000, 0x0000, 0x0000, 0x0000, 0x0000, 0x0000, 0x0000, 0x0000, 0x0000, 0x0000, 
  0x0000, 0x0000, 0x000c, 0x3180, 0x0000, 0x02c4, 0x22fc, 0x605f, 0xfb60, 0xffed, 0x07ff, 0x681f, 0xfb40, 0xffed, 0x07df, 0x681f, 
  0xdae0, 0x4800, 0x001f, 0x7800, 0x0000, 0x0000, 0x0000, 0x0000, 0xfb40, 0xe7ed, 0x07ff, 0x681f, 0xfb40, 0xffed, 0x07ff, 0x681f, 
  0xf340, 0xfe8b, 0x0960, 0x0000, 0xd2a0, 0x05ef, 0x0020, 0x0000, 0x0000, 0x0000, 0x0000, 0x0000, 0x0000, 0x0325, 0x19f7, 0x5049, 
  0xaa42, 0xdeeb, 0x079f, 0x683f, 0xfb60, 0xffed, 0x07ff, 0x681f, 0xfb40, 0xffed, 0x07ff, 0x681f, 0xfb40, 0xffed, 0x07ff, 0x681f, 
  0xfb40, 0xffed, 0x07ff, 0x681f, 0xfb40, 0xffed, 0x07ff, 0x681f, 0xfb40, 0xffed, 0x07ff, 0x681f, 0xfb40, 0xffed, 0x07ff, 0x681f, 
  0xfb40, 0xffed, 0x07ff, 0x681f, 0xfb40, 0xffed, 0x07ff, 0x681f, 0xfb40, 0xffed, 0x07ff, 0x681f, 0xfb40, 0xffed, 0x07ff, 0x681f, 
  0xfb40, 0xffed, 0x07ff, 0x681f, 0xfb40, 0xffed, 0x07ff, 0x681f, 0xfb40, 0xffed, 0x07ff, 0x681f, 0xfb40, 0xfd89, 0x1260, 0x0000, 
  0xfaa0, 0x0000, 0x0000, 0x0000, 0x0000, 0x0000, 0x0000, 0x0000, 0x0000, 0x0000, 0x0000, 0x0000, 0x0000, 0x0000, 0x0000, 0x0000, 
  0x0000, 0x0000, 0x0000, 0x0000, 0x0000, 0x0000, 0x0000, 0x0000, 0x0000, 0x0000, 0x0000, 0x0000, 0x0000, 0x0000, 0x0000, 0x0000, 
  0x0000, 0x0000, 0x0000, 0x0000, 0x0000, 0x0000, 0x0000, 0x0000, 0x0000, 0x0000, 0x0000, 0x0000, 0x0000, 0x0000, 0x0000, 0x0000, 
  0xffe0, 0x0000, 0xf80c, 0x2908, 0xb261, 0xc78d, 0x07df, 0x681f, 0xfb40, 0xffed, 0x07ff, 0x681f, 0xfb40, 0xffed, 0x07ff, 0x681f, 
  0xfb60, 0xffed, 0x07ff, 0x681f, 0xfb40, 0xffed, 0x07ff, 0x681f, 0xeb00, 0xc000, 0x001f, 0x5000, 0x0000, 0x0000, 0x0000, 0x0000, 
  0x0000, 0x0000, 0x0000, 0x0000, 0x0000, 0x0000, 0x0000, 0x0000, 0x0000, 0x0000, 0x0000, 0x0000, 0x0000, 0x0000, 0x0000, 0x0000, 
  0x0000, 0x0000, 0x0000, 0x0000, 0x0000, 0x0000, 0x0000, 0x0000, 0x0000, 0x0000, 0x0000, 0x0000, 0x0000, 0x0000, 0x001f, 0x7800, 
  0x0000, 0x074c, 0x0bff, 0x701f, 0xfb40, 0xffed, 0x07ff, 0x681f, 0xfb40, 0xffed, 0x07ff, 0x681f, 0xfb40, 0xffed, 0x07df, 0x683f, 
  0x9a03, 0xc000, 0x5020, 0x0000, 0xf800, 0x0000, 0x0000, 0x0000, 0x0000, 0x0000, 0x0000, 0x0000, 0x0000, 0x0000, 0x0000, 0x0000, 
  0x0000, 0x0000, 0x0000, 0x0000, 0x0000, 0x0000, 0x0000, 0x0000, 0x0000, 0x0000, 0x0000, 0x0000, 0x0000, 0x0000, 0x0000, 0x0000, 
  0x0000, 0x0000, 0x0000, 0x0000, 0x0000, 0x0000, 0x0000, 0x0000, 0x0000, 0x0000, 0x0000, 0x0000, 0x0000, 0x0000, 0x0000, 0x0000, 
  0x0000, 0x0000, 0x0000, 0x0000, 0x0000, 0x0000, 0x0000, 0x0000, 0x0000, 0x0000, 0x0000, 0x0000, 0x0000, 0x0000, 0x0000, 0x0000, 
  0x0000, 0x0000, 0x0000, 0x0000, 0x0000, 0x0000, 0x0000, 0x0000, 0x0000, 0x0000, 0x0000, 0x0000, 0x0000, 0x0000, 0x0000, 0x0000, 
  0x0000, 0x0000, 0x000c, 0x3180, 0x0000, 0x02c4, 0x22fc, 0x605f, 0xfb60, 0xffed, 0x07ff, 0x681f, 0xfb40, 0xffed, 0x07df, 0x681f, 
  0xdae0, 0x4800, 0x001f, 0x7800, 0x0000, 0x0000, 0x0000, 0x0000, 0xfb40, 0xe7ed, 0x07ff, 0x681f, 0xfb40, 0xffed, 0x07ff, 0x681f, 
  0xf340, 0xfe6b, 0x0940, 0x0000, 0xfbe0, 0x0000, 0x0000, 0x0000, 0x0000, 0x0000, 0x0015, 0x5000, 0xfbe0, 0x07e0, 0x0000, 0x0000, 
  0x0000, 0x01c3, 0x3852, 0x40b0, 0xcaa1, 0xe7ed, 0x07ff, 0x681f, 0xfb40, 0xffed, 0x07ff, 0x681f, 0xfb40, 0xffed, 0x07ff, 0x681f, 
  0xfb40, 0xffed, 0x07ff, 0x681f, 0xfb40, 0xffed, 0x07ff, 0x681f, 0xfb40, 0xffed, 0x07ff, 0x681f, 0xfb40, 0xffed, 0x07ff, 0x681f, 
  0xfb40, 0xffed, 0x07ff, 0x681f, 0xfb40, 0xffed, 0x07ff, 0x681f, 0xfb40, 0xffed, 0x07ff, 0x681f, 0xfb40, 0xffed, 0x07ff, 0x681f, 
  0xfb40, 0xffed, 0x07ff, 0x681f, 0xfb40, 0xffed, 0x07ff, 0x681f, 0xfb40, 0xffed, 0x07ff, 0x681f, 0xfb60, 0xfe8b, 0x0faa, 0x2107, 
  0x0000, 0x03e0, 0x0000, 0x0000, 0x0000, 0x0000, 0x0000, 0x0000, 0x0000, 0x0000, 0x0000, 0x0000, 0x0000, 0x0000, 0x0000, 0x0000, 
  0x0000, 0x0000, 0x0000, 0x0000, 0x0000, 0x0000, 0x0000, 0x0000, 0x0000, 0x0000, 0x0000, 0x0000, 0x0000, 0x0000, 0x0000, 0x0000, 
  0x0000, 0x0000, 0x0000, 0x0000, 0x0000, 0x0000, 0x0000, 0x0000, 0x0000, 0x0000, 0x0000, 0x0000, 0xb9e0, 0x07e0, 0x0000, 0x0000, 
  0x5944, 0x5569, 0x163d, 0x605f, 0xfb60, 0xffed, 0x07df, 0x681f, 0xfb40, 0xffed, 0x07ff, 0x681f, 0xfb40, 0xffed, 0x07ff, 0x681f, 
  0xfb60, 0xffed, 0x07ff, 0x681f, 0xfb40, 0xffed, 0x07ff, 0x701f, 0xcaa0, 0xb800, 0x0017, 0x3800, 0x0000, 0x0000, 0x0000, 0x0000, 
  0x0000, 0x0000, 0x0000, 0x0000, 0x0000, 0x0000, 0x0000, 0x0000, 0x0000, 0x0000, 0x0000, 0x0000, 0x0000, 0x0000, 0x0000, 0x0000, 
  0x0000, 0x0000, 0x0000, 0x0000, 0x0000, 0x0000, 0x0000, 0x0000, 0x0000, 0x0000, 0x0000, 0x0000, 0x0000, 0x0000, 0x000f, 0x3800, 
  0x0000, 0x03e6, 0x1afd, 0x603f, 0xfb40, 0xffed, 0x07ff, 0x681f, 0xfb40, 0xffed, 0x07ff, 0x681f, 0xfb40, 0xffcd, 0x0791, 0x38b7, 
  0x0009, 0x1000, 0x000a, 0x0000, 0x0000, 0x0000, 0x0000, 0x0000, 0x0000, 0x0000, 0x0000, 0x0000, 0x0000, 0x0000, 0x0000, 0x0000, 
  0x0000, 0x0000, 0x0000, 0x0000, 0x0000, 0x0000, 0x0000, 0x0000, 0x0000, 0x0000, 0x0000, 0x0000, 0x0000, 0x0000, 0x0000, 0x0000, 
  0x0000, 0x0000, 0x0000, 0x0000, 0x0000, 0x0000, 0x0000, 0x0000, 0x0000, 0x0000, 0x0000, 0x0000, 0x0000, 0x0000, 0x0000, 0x0000, 
  0x0000, 0x0000, 0x0000, 0x0000, 0x0000, 0x0000, 0x0000, 0x0000, 0x0000, 0x0000, 0x0000, 0x0000, 0x0000, 0x0000, 0x0000, 0x0000, 
  0x0000, 0x0000, 0x0000, 0x0000, 0x0000, 0x0000, 0x0000, 0x0000, 0x0000, 0x0000, 0x0000, 0x0000, 0x0000, 0x0000, 0x0000, 0x0000, 
  0x0000, 0x0000, 0x000c, 0x3180, 0x0000, 0x02c4, 0x22fc, 0x605f, 0xfb60, 0xffed, 0x07ff, 0x681f, 0xfb40, 0xffed, 0x07df, 0x681f, 
  0xdae0, 0x4800, 0x001f, 0x7800, 0x0000, 0x0000, 0x0000, 0x0000, 0xfb40, 0xe7ed, 0x07ff, 0x681f, 0xfb40, 0xffed, 0x07ff, 0x681f, 
  0xf340, 0xfe6b, 0x0940, 0x0000, 0xfbe0, 0x0000, 0x0000, 0x0000, 0x0000, 0x0000, 0x0000, 0x0000, 0x0000, 0x054a, 0x001f, 0x3800, 
  0x0000, 0x0000, 0x0000, 0x0000, 0x18a6, 0x1c06, 0x1bf9, 0x505d, 0xfb60, 0xffed, 0x07df, 0x681f, 0xfb40, 0xffed, 0x07ff, 0x681f, 
  0xfb40, 0xffed, 0x07ff, 0x681f, 0xfb40, 0xffed, 0x07ff, 0x681f, 0xfb40, 0xffed, 0x07ff, 0x681f, 0xfb40, 0xffed, 0x07ff, 0x681f, 
  0xfb40, 0xffed, 0x07ff, 0x681f, 0xfb40, 0xffed, 0x07ff, 0x681f, 0xfb40, 0xffed, 0x07ff, 0x681f, 0xfb40, 0xffed, 0x07ff, 0x681f, 
  0xfb40, 0xffed, 0x07ff, 0x681f, 0xfb40, 0xffed, 0x07ff, 0x681f, 0xfb40, 0xffed, 0x07ff, 0x681f, 0xfb40, 0xffed, 0x07f9, 0x5074, 
  0x0000, 0x07ef, 0x0020, 0x0000, 0x0000, 0x0000, 0x0000, 0x0000, 0x0000, 0x0000, 0x0000, 0x0000, 0x0000, 0x0000, 0x0000, 0x0000, 
  0x0000, 0x0000, 0x0000, 0x0000, 0x0000, 0x0000, 0x0000, 0x0000, 0x0000, 0x0000, 0x0000, 0x0000, 0x0000, 0x0000, 0x0000, 0x0000, 
  0x0000, 0x0000, 0x0000, 0x0000, 0x0000, 0x0000, 0x0000, 0x0000, 0x52aa, 0x07e7, 0x003f, 0x7800, 0xf800, 0x02a5, 0x1898, 0x504f, 
  0xe301, 0xffed, 0x07ff, 0x681f, 0xfb40, 0xffed, 0x07ff, 0x681f, 0xfb40, 0xffed, 0x07ff, 0x681f, 0xfb40, 0xffed, 0x07ff, 0x681f, 
  0xfb60, 0xffed, 0x07ff, 0x681f, 0xfb40, 0xffed, 0x07ff, 0x681f, 0xba61, 0xb800, 0x0017, 0x3800, 0x0000, 0x0000, 0x0000, 0x0000, 
  0x0000, 0x0000, 0x0000, 0x0000, 0x0000, 0x0000, 0x0000, 0x0000, 0x0000, 0x0000, 0x0000, 0x0000, 0x0000, 0x0000, 0x0000, 0x0000, 
  0x0000, 0x0000, 0x0000, 0x0000, 0x0000, 0x0000, 0x0000, 0x0000, 0x0000, 0x0000, 0x0000, 0x0000, 0x0000, 0x0000, 0x0000, 0x0000, 
  0xfbe0, 0x0000, 0x001a, 0x587a, 0xfb60, 0xffed, 0x07ff, 0x681f, 0xfb40, 0xffed, 0x07ff, 0x681f, 0xe2e0, 0xfe4a, 0x0200, 0x0000, 
  0x9980, 0x0000, 0x0000, 0x0000, 0x0000, 0x0000, 0x0000, 0x0000, 0x0000, 0x0000, 0x0000, 0x0000, 0x0000, 0x0000, 0x0000, 0x0000, 
  0x0000, 0x0000, 0x0000, 0x0000, 0x0000, 0x0000, 0x0000, 0x0000, 0x0000, 0x0000, 0x0000, 0x0000, 0x0000, 0x0000, 0x0000, 0x0000, 
  0x0000, 0x0000, 0x0000, 0x0000, 0x0000, 0x0000, 0x0000, 0x0000, 0x0000, 0x0000, 0x0000, 0x0000, 0x0000, 0x0000, 0x0000, 0x0000, 
  0x0000, 0x0000, 0x0000, 0x0000, 0x0000, 0x0000, 0x0000, 0x0000, 0x0000, 0x0000, 0x0000, 0x0000, 0x0000, 0x0000, 0x0000, 0x0000, 
  0x0000, 0x0000, 0x0000, 0x0000, 0x0000, 0x0000, 0x0000, 0x0000, 0x0000, 0x0000, 0x0000, 0x0000, 0x0000, 0x0000, 0x0000, 0x0000, 
  0x0000, 0x0000, 0x000c, 0x3180, 0x0000, 0x02c4, 0x22fc, 0x605f, 0xfb60, 0xffed, 0x07ff, 0x681f, 0xfb40, 0xffed, 0x07df, 0x681f, 
  0xdae0, 0x4800, 0x001f, 0x7800, 0x0000, 0x0000, 0x0000, 0x0000, 0xfb40, 0xe7ed, 0x07ff, 0x681f, 0xfb40, 0xffed, 0x07ff, 0x681f, 
  0xf340, 0xfe6b, 0x0940, 0x0000, 0xfbe0, 0x0000, 0x0000, 0x0000, 0x0000, 0x0000, 0x0000, 0x0000, 0x0000, 0x0000, 0x0000, 0x0000, 
  0x0000, 0x0000, 0x0017, 0x3800, 0x7800, 0x0000, 0x0006, 0x1982, 0x89e2, 0x868b, 0x0f7f, 0x681f, 0xfb60, 0xffed, 0x07ff, 0x681f, 
  0xfb40, 0xffed, 0x07ff, 0x681f, 0xfb40, 0xffed, 0x07ff, 0x681f, 0xfb40, 0xffed, 0x07ff, 0x681f, 0xfb40, 0xffed, 0x07ff, 0x681f, 
  0xfb40, 0xffed, 0x07ff, 0x681f, 0xfb40, 0xffed, 0x07ff, 0x681f, 0xfb40, 0xffed, 0x07ff, 0x681f, 0xfb40, 0xffed, 0x07ff, 0x681f, 
  0xfb40, 0xffed, 0x07ff, 0x681f, 0xfb40, 0xffed, 0x07ff, 0x681f, 0xfb40, 0xffed, 0x07ff, 0x681f, 0xfb40, 0xffed, 0x07fe, 0x683f, 
  0xba61, 0x3000, 0x001f, 0x7800, 0x0000, 0x0000, 0x0000, 0x0000, 0x0000, 0x0000, 0x0000, 0x0000, 0x0000, 0x0000, 0x0000, 0x0000, 
  0x0000, 0x0000, 0x0000, 0x0000, 0x0000, 0x0000, 0x0000, 0x0000, 0x0000, 0x0000, 0x0000, 0x0000, 0x0000, 0x0000, 0x0000, 0x0000, 
  0x0000, 0x0000, 0x0000, 0x0000, 0x0000, 0x0000, 0x001f, 0x0000, 0xfbe0, 0x0000, 0x0006, 0x1121, 0x9a02, 0x7eeb, 0x073f, 0x701f, 
  0xfb60, 0xffed, 0x07ff, 0x681f, 0xfb40, 0xffed, 0x07ff, 0x681f, 0xfb40, 0xffed, 0x07ff, 0x681f, 0xfb40, 0xffed, 0x07ff, 0x681f, 
  0xfb40, 0xffed, 0x07ff, 0x681f, 0xfb40, 0xffed, 0x07ff, 0x701f, 0xb261, 0xb800, 0x0017, 0x3800, 0x0000, 0x0000, 0x0000, 0x0000, 
  0x0000, 0x0000, 0x0000, 0x0000, 0x0000, 0x0000, 0x0000, 0x0000, 0x0000, 0x0000, 0x0000, 0x0000, 0x0000, 0x0000, 0x0000, 0x0000, 
  0x0000, 0x0000, 0x0000, 0x0000, 0x0000, 0x0000, 0x0000, 0x0000, 0x0000, 0x0000, 0x0000, 0x0000, 0x0000, 0x0000, 0x0000, 0x0000, 
  0xfbe0, 0x0000, 0x0012, 0x38b5, 0xfb40, 0xffed, 0x07ff, 0x681f, 0xfb40, 0xffed, 0x07d8, 0x507a, 0x79a3, 0x4000, 0x0016, 0x6800, 
  0x7800, 0x0000, 0x0000, 0x0000, 0x0000, 0x0000, 0x0000, 0x0000, 0x0000, 0x0000, 0x0000, 0x0000, 0x0000, 0x0000, 0x0000, 0x0000, 
  0x0000, 0x0000, 0x0000, 0x0000, 0x0000, 0x0000, 0x0000, 0x0000, 0x0000, 0x0000, 0x0000, 0x0000, 0x0000, 0x0000, 0x0000, 0x0000, 
  0x0000, 0x0000, 0x0000, 0x0000, 0x0000, 0x0000, 0x0000, 0x0000, 0x0000, 0x0000, 0x0000, 0x0000, 0x0000, 0x0000, 0x0000, 0x0000, 
  0x0000, 0x0000, 0x0000, 0x0000, 0x0000, 0x0000, 0x0000, 0x0000, 0x0000, 0x0000, 0x0000, 0x0000, 0x0000, 0x0000, 0x0000, 0x0000, 
  0x0000, 0x0000, 0x0000, 0x0000, 0x0000, 0x0000, 0x0000, 0x0000, 0x0000, 0x0000, 0x0000, 0x0000, 0x0000, 0x0000, 0x0000, 0x0000, 
  0x0000, 0x0000, 0x000c, 0x3180, 0x0000, 0x02c4, 0x22fc, 0x605f, 0xfb60, 0xffed, 0x07ff, 0x681f, 0xfb40, 0xffed, 0x07df, 0x681f, 
  0xdae0, 0x4800, 0x001f, 0x7800, 0x0000, 0x0000, 0x0000, 0x0000, 0xfb40, 0xe7ed, 0x07ff, 0x681f, 0xfb40, 0xffed, 0x07ff, 0x681f, 
  0xf340, 0xfe6b, 0x0940, 0x0000, 0xfbe0, 0x0000, 0x0000, 0x0000, 0x0000, 0x0000, 0x0000, 0x0000, 0x0000, 0x0000, 0x0000, 0x0000, 
  0x0000, 0x0000, 0x0000, 0x0000, 0x52aa, 0x07ef, 0x003f, 0xa800, 0x7800, 0x0284, 0x20b6, 0x4870, 0xeb20, 0xe7ed, 0x07ff, 0x681f, 
  0xfb40, 0xffed, 0x07ff, 0x681f, 0xfb40, 0xffed, 0x07ff, 0x681f, 0xfb40, 0xffed, 0x07ff, 0x681f, 0xfb40, 0xffed, 0x07ff, 0x681f, 
  0xfb40, 0xffed, 0x07ff, 0x681f, 0xfb40, 0xffed, 0x07ff, 0x681f, 0xfb40, 0xffed, 0x07ff, 0x681f, 0xfb40, 0xffed, 0x07ff, 0x681f, 
  0xfb40, 0xffed, 0x07ff, 0x681f, 0xfb40, 0xffed, 0x07ff, 0x681f, 0xfb40, 0xffed, 0x07ff, 0x681f, 0xfb40, 0xffcd, 0x07ff, 0x681f, 
  0xe300, 0xc141, 0x2880, 0x0000, 0x0000, 0x0000, 0x0000, 0x0000, 0x0000, 0x0000, 0x0000, 0x0000, 0x0000, 0x0000, 0x0000, 0x0000, 
  0x0000, 0x0000, 0x0000, 0x0000, 0x0000, 0x0000, 0x0000, 0x0000, 0x0000, 0x0000, 0x0000, 0x0000, 0x0000, 0x0000, 0x0000, 0x0000, 
  0x0000, 0x0000, 0x0000, 0x0000, 0x79e0, 0x07ea, 0x0000, 0x0000, 0x28a6, 0x1c88, 0x1398, 0x507c, 0xfb40, 0xffed, 0x07ff, 0x681f, 
  0xfb40, 0xffed, 0x07ff, 0x681f, 0xfb40, 0xffed, 0x07ff, 0x681f, 0xfb40, 0xffed, 0x07ff, 0x681f, 0xfb60, 0xfecb, 0x0753, 0x4092, 
  0xfb60, 0xffed, 0x07ff, 0x681f, 0xfb40, 0xffed, 0x07ff, 0x681f, 0xba61, 0xb800, 0x0017, 0x3800, 0x0000, 0x0000, 0x0000, 0x0000, 
  0x0000, 0x0000, 0x0000, 0x0000, 0x0000, 0x0000, 0x0000, 0x0000, 0x0000, 0x0000, 0x0000, 0x0000, 0x0000, 0x0000, 0x0000, 0x0000, 
  0x0000, 0x0000, 0x0000, 0x0000, 0x0000, 0x0000, 0x0000, 0x0000, 0x0000, 0x0000, 0x0000, 0x0000, 0x0000, 0x0000, 0x0000, 0x0000, 
  0x7be0, 0x0000, 0x000f, 0x30a5, 0xdae1, 0xffee, 0x07df, 0x701f, 0xeb00, 0xfd69, 0x0c60, 0x0000, 0xfbe0, 0x07ef, 0x0000, 0x0000, 
  0x0000, 0x0000, 0x0000, 0x0000, 0x0000, 0x0000, 0x0000, 0x0000, 0x0000, 0x0000, 0x0000, 0x0000, 0x0000, 0x0000, 0x0000, 0x0000, 
  0x0000, 0x0000, 0x0000, 0x0000, 0x0000, 0x0000, 0x0000, 0x0000, 0x0000, 0x0000, 0x0000, 0x0000, 0x0000, 0x0000, 0x0000, 0x0000, 
  0x0000, 0x0000, 0x0000, 0x0000, 0x0000, 0x0000, 0x0000, 0x0000, 0x0000, 0x0000, 0x0000, 0x0000, 0x0000, 0x0000, 0x0000, 0x0000, 
  0x0000, 0x0000, 0x0000, 0x0000, 0x0000, 0x0000, 0x0000, 0x0000, 0x0000, 0x0000, 0x0000, 0x0000, 0x0000, 0x0000, 0x0000, 0x0000, 
  0x0000, 0x0000, 0x0000, 0x0000, 0x0000, 0x0000, 0x0000, 0x0000, 0x0000, 0x0000, 0x0000, 0x0000, 0x0000, 0x0000, 0x0000, 0x0000, 
  0x0000, 0x0000, 0x000c, 0x3180, 0x0000, 0x02c4, 0x22fc, 0x605f, 0xfb60, 0xffed, 0x07ff, 0x681f, 0xfb40, 0xffed, 0x07df, 0x681f, 
  0xdae0, 0x4800, 0x001f, 0x7800, 0x0000, 0x0000, 0x0000, 0x0000, 0xfb40, 0xe7ed, 0x07ff, 0x681f, 0xfb40, 0xffed, 0x07ff, 0x681f, 
  0xf340, 0xfe6b, 0x0940, 0x0000, 0xfbe0, 0x0000, 0x0000, 0x0000, 0x0000, 0x0000, 0x0000, 0x0000, 0x0000, 0x0000, 0x0000, 0x0000, 
  0x0000, 0x0000, 0x0000, 0x0000, 0x0000, 0x0000, 0x0000, 0x0000, 0xb9e7, 0x07ef, 0x0000, 0x0000, 0xaa01, 0x166a, 0x0ebf, 0x701f, 
  0xfb60, 0xffed, 0x07ff, 0x681f, 0xfb40, 0xffed, 0x07ff, 0x681f, 0xfb40, 0xffed, 0x07ff, 0x681f, 0xfb40, 0xffed, 0x07ff, 0x681f, 
  0xfb40, 0xffed, 0x07ff, 0x681f, 0xfb40, 0xffed, 0x07ff, 0x681f, 0xfb40, 0xffed, 0x07ff, 0x681f, 0xfb40, 0xffed, 0x07ff, 0x681f, 
  0xfb40, 0xffed, 0x07ff, 0x681f, 0xfb40, 0xffed, 0x07ff, 0x681f, 0xfb40, 0xffed, 0x07ff, 0x681f, 0xfb40, 0xffed, 0x07ff, 0x681f, 
  0xfb80, 0xfe2a, 0x0be0, 0x0000, 0xcb20, 0x0000, 0x0000, 0x0000, 0x0000, 0x0000, 0x0000, 0x0000, 0x0000, 0x0000, 0x0000, 0x0000, 
  0x0000, 0x0000, 0x0000, 0x0000, 0x0000, 0x0000, 0x0000, 0x0000, 0x0000, 0x0000, 0x0000, 0x0000, 0x0000, 0x0000, 0x0000, 0x0000, 
  0x0000, 0x0000, 0x0017, 0x3800, 0xfbe0, 0x0000, 0x0017, 0x4824, 0xcaa1, 0xe7ed, 0x07ff, 0x681f, 0xfb40, 0xffed, 0x07ff, 0x681f, 
  0xfb40, 0xffed, 0x07ff, 0x681f, 0xfb40, 0xffed, 0x07ff, 0x681f, 0xfb40, 0xffed, 0x07fc, 0x603f, 0xba61, 0x82a5, 0x2120, 0x0000, 
  0xfb60, 0xffed, 0x07ff, 0x681f, 0xfb40, 0xffed, 0x07ff, 0x681f, 0xcaa0, 0xc000, 0x001f, 0x5000, 0x0000, 0x0000, 0x0000, 0x0000, 
  0x0000, 0x0000, 0x0000, 0x0000, 0x0000, 0x0000, 0x0000, 0x0000, 0x0000, 0x0000, 0x0000, 0x0000, 0x0000, 0x0000, 0x0000, 0x0000, 
  0x0000, 0x0000, 0x0000, 0x0000, 0x0000, 0x0000, 0x0000, 0x0000, 0x0000, 0x0000, 0x0000, 0x0000, 0x0000, 0x0000, 0x0000, 0x0000, 
  0x0000, 0x07ef, 0x0020, 0x0000, 0xe301, 0x97ac, 0x07f9, 0x5055, 0x91a2, 0x2000, 0x5000, 0x0000, 0x0000, 0x0000, 0x0000, 0x0000, 
  0x0000, 0x0000, 0x0000, 0x0000, 0x0000, 0x0000, 0x0000, 0x0000, 0x0000, 0x0000, 0x0000, 0x0000, 0x0000, 0x0000, 0x0000, 0x0000, 
  0x0000, 0x0000, 0x0000, 0x0000, 0x0000, 0x0000, 0x0000, 0x0000, 0x0000, 0x0000, 0x0000, 0x0000, 0x0000, 0x0000, 0x0000, 0x0000, 
  0x0000, 0x0000, 0x0000, 0x0000, 0x0000, 0x0000, 0x0000, 0x0000, 0x0000, 0x0000, 0x0000, 0x0000, 0x0000, 0x0000, 0x0000, 0x0000, 
  0x0000, 0x0000, 0x0000, 0x0000, 0x0000, 0x0000, 0x0000, 0x0000, 0x0000, 0x0000, 0x0000, 0x0000, 0x0000, 0x0000, 0x0000, 0x0000, 
  0x0000, 0x0000, 0x0000, 0x0000, 0x0000, 0x0000, 0x0000, 0x0000, 0x0000, 0x0000, 0x0000, 0x0000, 0x0000, 0x0000, 0x0000, 0x0000, 
  0x0000, 0x0000, 0x000c, 0x3180, 0x0000, 0x02c4, 0x22fc, 0x605f, 0xfb60, 0xffed, 0x07ff, 0x681f, 0xfb40, 0xffed, 0x07df, 0x681f, 
  0xdae0, 0x4800, 0x001f, 0x7800, 0x0000, 0x0000, 0x0000, 0x0000, 0xfb40, 0xe7ed, 0x07ff, 0x681f, 0xfb40, 0xffed, 0x07ff, 0x681f, 
  0xf340, 0xfe6b, 0x0940, 0x0000, 0xfbe0, 0x0000, 0x0000, 0x0000, 0x0000, 0x0000, 0x0000, 0x0000, 0x0000, 0x0000, 0x0000, 0x0000, 
  0x0000, 0x0000, 0x0000, 0x0000, 0x0000, 0x0000, 0x0000, 0x0000, 0x0000, 0x0000, 0x0000, 0x0000, 0x0000, 0x0182, 0x28d4, 0x4096, 
  0xfb40, 0xefed, 0x07ff, 0x681f, 0xfb40, 0xffed, 0x07ff, 0x681f, 0xfb40, 0xffed, 0x07ff, 0x681f, 0xfb40, 0xffed, 0x07ff, 0x681f, 
  0xfb40, 0xffed, 0x07ff, 0x681f, 0xfb40, 0xffed, 0x07ff, 0x681f, 0xfb40, 0xffed, 0x07ff, 0x681f, 0xfb40, 0xffed, 0x07ff, 0x681f, 
  0xfb40, 0xffed, 0x07ff, 0x681f, 0xfb40, 0xffed, 0x07ff, 0x681f, 0xfb40, 0xffed, 0x07ff, 0x681f, 0xfb40, 0xffed, 0x07ff, 0x681f, 
  0xfb60, 0xfeab, 0x0fcd, 0x30c3, 0x0000, 0x07e0, 0x0000, 0x0000, 0x0000, 0x0000, 0x0000, 0x0000, 0x0000, 0x0000, 0x0000, 0x0000, 
  0x0000, 0x0000, 0x0000, 0x0000, 0x0000, 0x0000, 0x0000, 0x0000, 0x0000, 0x0000, 0x0000, 0x0000, 0x0000, 0x0000, 0x0000, 0x0000, 
  0x0000, 0x0000, 0x0000, 0x0000, 0x81a3, 0x2de9, 0x0d3d, 0x601f, 0xfb80, 0xffed, 0x07ff, 0x681f, 0xfb40, 0xffed, 0x07ff, 0x681f, 
  0xfb40, 0xffed, 0x07ff, 0x681f, 0xfb40, 0xffed, 0x07ff, 0x681f, 0xeb21, 0xfe4a, 0x0d4f, 0x30c1, 0x3807, 0x0000, 0x0000, 0x0000, 
  0xfb60, 0xffed, 0x07ff, 0x681f, 0xfb40, 0xffed, 0x07ff, 0x681f, 0xeb00, 0xb800, 0x001f, 0x7800, 0x0000, 0x0000, 0x0000, 0x0000, 
  0x0000, 0x0000, 0x0000, 0x0000, 0x0000, 0x0000, 0x0000, 0x0000, 0x0000, 0x0000, 0x0000, 0x0000, 0x0000, 0x0000, 0x0000, 0x0000, 
  0x0000, 0x0000, 0x0000, 0x0000, 0x0000, 0x0000, 0x0000, 0x0000, 0x0000, 0x0000, 0x0000, 0x0000, 0x0000, 0x0000, 0x0000, 0x0000, 
  0x0000, 0x03e0, 0x0000, 0x0000, 0x91e2, 0x3487, 0x1a40, 0x0000, 0xf800, 0x07ef, 0x0000, 0x0000, 0x0000, 0x0000, 0x0000, 0x0000, 
  0x0000, 0x0000, 0x0000, 0x0000, 0x0000, 0x0000, 0x0000, 0x0000, 0x0000, 0x0000, 0x0000, 0x0000, 0x0000, 0x0000, 0x0000, 0x0000, 
  0x0000, 0x0000, 0x0000, 0x0000, 0x0000, 0x0000, 0x0000, 0x0000, 0x0000, 0x0000, 0x0000, 0x0000, 0x0000, 0x0000, 0x0000, 0x0000, 
  0x0000, 0x0000, 0x0000, 0x0000, 0x0000, 0x0000, 0x0000, 0x0000, 0x0000, 0x0000, 0x0000, 0x0000, 0x0000, 0x0000, 0x0000, 0x0000, 
  0x0000, 0x0000, 0x0000, 0x0000, 0x0000, 0x0000, 0x0000, 0x0000, 0x0000, 0x0000, 0x0000, 0x0000, 0x0000, 0x0000, 0x0000, 0x0000, 
  0x0000, 0x0000, 0x0000, 0x0000, 0x0000, 0x0000, 0x0000, 0x0000, 0x0000, 0x0000, 0x0000, 0x0000, 0x0000, 0x0000, 0x0000, 0x0000, 
  0x0000, 0x0000, 0x000c, 0x3000, 0x0000, 0x02c5, 0x22fc, 0x605f, 0xfb60, 0xffed, 0x07ff, 0x681f, 0xfb40, 0xffed, 0x07df, 0x681f, 
  0xdae0, 0x4800, 0x001f, 0x7800, 0x0000, 0x0000, 0x0000, 0x0000, 0xfb40, 0xe7ed, 0x07ff, 0x681f, 0xfb40, 0xffed, 0x07ff, 0x681f, 
  0xf340, 0xfe6b, 0x0940, 0x0000, 0xfbe0, 0x0000, 0x0000, 0x0000, 0x0000, 0x0000, 0x0000, 0x0000, 0x0000, 0x0000, 0x0000, 0x0000, 
  0x0000, 0x0000, 0x0000, 0x0000, 0x0000, 0x0000, 0x0000, 0x0000, 0x0000, 0x0000, 0x0000, 0x0000, 0x7800, 0x05e7, 0x0020, 0x0000, 
  0x9a02, 0x568b, 0x0fff, 0x681f, 0xfb20, 0xffed, 0x07ff, 0x681f, 0xfb40, 0xffed, 0x07ff, 0x681f, 0xfb40, 0xffed, 0x07ff, 0x681f, 
  0xfb40, 0xffed, 0x07ff, 0x681f, 0xfb40, 0xffed, 0x07ff, 0x681f, 0xfb40, 0xffed, 0x07ff, 0x681f, 0xfb40, 0xffed, 0x07ff, 0x681f, 
  0xfb40, 0xffed, 0x07ff, 0x681f, 0xfb40, 0xffed, 0x07ff, 0x681f, 0xfb40, 0xffed, 0x07ff, 0x681f, 0xfb40, 0xffed, 0x07ff, 0x681f, 
  0xfb40, 0xffed, 0x07f7, 0x5071, 0x0000, 0x054a, 0x0000, 0x0000, 0x0000, 0x0000, 0x0000, 0x0000, 0x0000, 0x0000, 0x0000, 0x0000, 
  0x0000, 0x0000, 0x0000, 0x0000, 0x0000, 0x0000, 0x0000, 0x0000, 0x0000, 0x0000, 0x0000, 0x0000, 0x0000, 0x0000, 0x0000, 0x0000, 
  0x0000, 0x0385, 0x2135, 0x4895, 0xeb00, 0xf7ee, 0x07ff, 0x681f, 0xfb40, 0xffed, 0x07ff, 0x681f, 0xfb40, 0xffed, 0x07ff, 0x681f, 
  0xfb40, 0xffed, 0x07ff, 0x681f, 0xfb80, 0xffac, 0x07f5, 0x487c, 0x7183, 0x58e1, 0x2880, 0x0000, 0x9b20, 0x03e0, 0x0000, 0x0000, 
  0xfb60, 0xffed, 0x07ff, 0x681f, 0xfb40, 0xffed, 0x07ff, 0x681f, 0xdb00, 0xd800, 0x40a0, 0x0000, 0x7800, 0x0000, 0x0000, 0x0000, 
  0x0000, 0x0000, 0x0000, 0x0000, 0x0000, 0x0000, 0x0000, 0x0000, 0x0000, 0x0000, 0x0000, 0x0000, 0x0000, 0x0000, 0x0000, 0x0000, 
  0x0000, 0x0000, 0x0000, 0x0000, 0x0000, 0x0000, 0x0000, 0x0000, 0x0000, 0x0000, 0x0000, 0x0000, 0x0000, 0x0000, 0x0000, 0x0000, 
  0x0000, 0x0000, 0x0000, 0x0000, 0x0000, 0x07ff, 0x001f, 0x3800, 0x0000, 0x0000, 0x0000, 0x0000, 0x0000, 0x0000, 0x0000, 0x0000, 
  0x0000, 0x0000, 0x0000, 0x0000, 0x0000, 0x0000, 0x0000, 0x0000, 0x0000, 0x0000, 0x0000, 0x0000, 0x0000, 0x0000, 0x0000, 0x0000, 
  0x0000, 0x0000, 0x0000, 0x0000, 0x0000, 0x0000, 0x0000, 0x0000, 0x0000, 0x0000, 0x0000, 0x0000, 0x0000, 0x0000, 0x0000, 0x0000, 
  0x0000, 0x0000, 0x0000, 0x0000, 0x0000, 0x0000, 0x0000, 0x0000, 0x0000, 0x0000, 0x0000, 0x0000, 0x0000, 0x0000, 0x0000, 0x0000, 
  0x0000, 0x0000, 0x0000, 0x0000, 0x0000, 0x0000, 0x0000, 0x0000, 0x0000, 0x0000, 0x0000, 0x0000, 0x0000, 0x0000, 0x0000, 0x0000, 
  0x0000, 0x0000, 0x0000, 0x0000, 0x0000, 0x0000, 0x0000, 0x0000, 0x0000, 0x0000, 0x0000, 0x0000, 0x0000, 0x0000, 0x0000, 0x0000, 
  0x0000, 0x0000, 0x000c, 0x3000, 0x0000, 0x0325, 0x1afd, 0x605f, 0xfb60, 0xffed, 0x07ff, 0x681f, 0xfb40, 0xffed, 0x07df, 0x681f, 
  0xdae0, 0x4800, 0x001f, 0x7800, 0x0000, 0x0000, 0x0000, 0x0000, 0xfb40, 0xe7ed, 0x07ff, 0x681f, 0xfb40, 0xffed, 0x07ff, 0x681f, 
  0xf340, 0xfe6b, 0x0940, 0x0000, 0xfbe0, 0x0000, 0x0000, 0x0000, 0x0000, 0x0000, 0x0000, 0x0000, 0x0000, 0x0000, 0x0000, 0x0000, 
  0x0000, 0x0000, 0x0000, 0x0000, 0x0000, 0x0000, 0x0000, 0x0000, 0x0000, 0x0000, 0x0000, 0x0000, 0x0000, 0x0000, 0x0012, 0x4800, 
  0x0000, 0x02a4, 0x2258, 0x507f, 0xfb80, 0xffed, 0x07df, 0x681f, 0xfb40, 0xffed, 0x07ff, 0x681f, 0xfb40, 0xffed, 0x07ff, 0x681f, 
  0xfb40, 0xffed, 0x07ff, 0x681f, 0xfb40, 0xffed, 0x07ff, 0x681f, 0xfb40, 0xffed, 0x07ff, 0x681f, 0xfb40, 0xffed, 0x07ff, 0x681f, 
  0xfb40, 0xffed, 0x07ff, 0x681f, 0xfb40, 0xffed, 0x07ff, 0x681f, 0xfb40, 0xffed, 0x07ff, 0x681f, 0xfb40, 0xffed, 0x07ff, 0x681f, 
  0xfb40, 0xffed, 0x07fe, 0x603c, 0x6983, 0x1800, 0x001f, 0x0000, 0x0000, 0x0000, 0x0000, 0x0000, 0x0000, 0x0000, 0x0000, 0x0000, 
  0x0000, 0x0000, 0x0000, 0x0000, 0x0000, 0x0000, 0x0000, 0x0000, 0x0000, 0x0000, 0x0000, 0x0000, 0x0000, 0x04c6, 0x0020, 0x0000, 
  0x91e2, 0x6f4c, 0x0fff, 0x701f, 0xfb60, 0xffed, 0x07ff, 0x681f, 0xfb40, 0xffed, 0x07ff, 0x681f, 0xfb40, 0xffed, 0x07ff, 0x681f, 
  0xfb40, 0xffed, 0x07ff, 0x681f, 0xdac1, 0xcbe6, 0x1b00, 0x0000, 0x52a0, 0x054a, 0x0000, 0x0000, 0x0000, 0x0000, 0x0000, 0x0000, 
  0xfb80, 0xffed, 0x07df, 0x681f, 0xfb40, 0xffed, 0x07ff, 0x681f, 0xeb21, 0xfc06, 0x1b00, 0x0000, 0xb9e0, 0x0000, 0x0000, 0x0000, 
  0x0000, 0x0000, 0x0000, 0x0000, 0x0000, 0x0000, 0x0000, 0x0000, 0x0000, 0x0000, 0x0000, 0x0000, 0x0000, 0x0000, 0x0000, 0x0000, 
  0x0000, 0x0000, 0x0000, 0x0000, 0x0000, 0x0000, 0x0000, 0x0000, 0x0000, 0x0000, 0x0000, 0x0000, 0x0000, 0x0000, 0x0000, 0x0000, 
  0x0000, 0x0000, 0x0000, 0x0000, 0xfbe0, 0x07ea, 0x0000, 0x0000, 0x0000, 0x0000, 0x0000, 0x0000, 0x0000, 0x0000, 0x0000, 0x0000, 
  0x0000, 0x0000, 0x0000, 0x0000, 0x0000, 0x0000, 0x0000, 0x0000, 0x0000, 0x0000, 0x0000, 0x0000, 0x0000, 0x0000, 0x0000, 0x0000, 
  0x0000, 0x0000, 0x0000, 0x0000, 0x0000, 0x0000, 0x0000, 0x0000, 0x0000, 0x0000, 0x0000, 0x0000, 0x0000, 0x0000, 0x0000, 0x0000, 
  0x0000, 0x0000, 0x0000, 0x0000, 0x0000, 0x0000, 0x0000, 0x0000, 0x0000, 0x0000, 0x0000, 0x0000, 0x0000, 0x0000, 0x0000, 0x0000, 
  0x0000, 0x0000, 0x0000, 0x0000, 0x0000, 0x0000, 0x0000, 0x0000, 0x0000, 0x0000, 0x0000, 0x0000, 0x0000, 0x0000, 0x0000, 0x0000, 
  0x0000, 0x0000, 0x0000, 0x0000, 0x0000, 0x0000, 0x0000, 0x0000, 0x0000, 0x0000, 0x0000, 0x0000, 0x0000, 0x0000, 0x0000, 0x0000, 
  0x0000, 0x0000, 0x000c, 0x3000, 0x0000, 0x0325, 0x1afd, 0x605f, 0xfb60, 0xffed, 0x07ff, 0x681f, 0xfb40, 0xffed, 0x07df, 0x681f, 
  0xdae0, 0x4800, 0x001f, 0x7800, 0x0000, 0x0000, 0x0000, 0x0000, 0xfb40, 0xe7ed, 0x07ff, 0x681f, 0xfb40, 0xffed, 0x07ff, 0x681f, 
  0xf340, 0xfe6b, 0x0940, 0x0000, 0xfbe0, 0x0000, 0x0000, 0x0000, 0x0000, 0x0000, 0x0000, 0x0000, 0x0000, 0x0000, 0x0000, 0x0000, 
  0x0000, 0x0000, 0x0000, 0x0000, 0x0000, 0x0000, 0x0000, 0x0000, 0x0000, 0x0000, 0x0000, 0x0000, 0x0000, 0x0000, 0x0000, 0x0000, 
  0xaaa0, 0x0000, 0x0003, 0x1164, 0xe2e0, 0x9fed, 0x07ff, 0x681f, 0xfb40, 0xffed, 0x07ff, 0x681f, 0xfb40, 0xffed, 0x07ff, 0x681f, 
  0xfb40, 0xffed, 0x07ff, 0x681f, 0xfb40, 0xffed, 0x07ff, 0x681f, 0xfb40, 0xffed, 0x07ff, 0x681f, 0xfb40, 0xffed, 0x07ff, 0x681f, 
  0xfb40, 0xffed, 0x07ff, 0x681f, 0xfb40, 0xffed, 0x07ff, 0x681f, 0xfb40, 0xffed, 0x07ff, 0x681f, 0xfb40, 0xffed, 0x07ff, 0x681f, 
  0xfb40, 0xffed, 0x07df, 0x701f, 0xeb20, 0x7000, 0x001f, 0x7800, 0x0000, 0x0000, 0x0000, 0x0000, 0x0000, 0x0000, 0x0000, 0x0000, 
  0x0000, 0x0000, 0x0000, 0x0000, 0x0000, 0x0000, 0x0000, 0x0000, 0x0000, 0x0000, 0x0000, 0x0000, 0x0000, 0x03e7, 0x0020, 0x0000, 
  0x79a3, 0x5f6c, 0x07ff, 0x681e, 0xfb40, 0xffed, 0x07ff, 0x681f, 0xfb40, 0xffed, 0x07ff, 0x681f, 0xfb40, 0xffed, 0x07df, 0x681f, 
  0xfb40, 0xfecb, 0x06f6, 0x486a, 0x5143, 0x1000, 0x001f, 0x0000, 0xb9e0, 0x0000, 0x0000, 0x0000, 0x0000, 0x0000, 0x0000, 0x0000, 
  0xfb60, 0xffed, 0x07df, 0x681f, 0xfb40, 0xffed, 0x07ff, 0x681f, 0xfb60, 0xfe4a, 0x0ae0, 0x0000, 0xfbe0, 0x0000, 0x0000, 0x0000, 
  0x0000, 0x0000, 0x0000, 0x0000, 0x0000, 0x0000, 0x0000, 0x0000, 0x0000, 0x0000, 0x0000, 0x0000, 0x0000, 0x0000, 0x0000, 0x0000, 
  0x0000, 0x0000, 0x0000, 0x0000, 0x0000, 0x0000, 0x0000, 0x0000, 0x0000, 0x0000, 0x0000, 0x0000, 0x0000, 0x0000, 0x0000, 0x0000, 
  0x0000, 0x0000, 0x0000, 0x0000, 0x0000, 0x0000, 0x0000, 0x0000, 0x0000, 0x0000, 0x0000, 0x0000, 0x0000, 0x0000, 0x0000, 0x0000, 
  0x0000, 0x0000, 0x0000, 0x0000, 0x0000, 0x0000, 0x0000, 0x0000, 0x0000, 0x0000, 0x0000, 0x0000, 0x0000, 0x0000, 0x0000, 0x0000, 
  0x0000, 0x0000, 0x0000, 0x0000, 0x0000, 0x0000, 0x0000, 0x0000, 0x0000, 0x0000, 0x0000, 0x0000, 0x0000, 0x0000, 0x0000, 0x0000, 
  0x0000, 0x0000, 0x0000, 0x0000, 0x0000, 0x0000, 0x0000, 0x0000, 0x0000, 0x0000, 0x0000, 0x0000, 0x0000, 0x0000, 0x0000, 0x0000, 
  0x0000, 0x0000, 0x0000, 0x0000, 0x0000, 0x0000, 0x0000, 0x0000, 0x0000, 0x0000, 0x0000, 0x0000, 0x0000, 0x0000, 0x0000, 0x0000, 
  0x0000, 0x0000, 0x0000, 0x0000, 0x0000, 0x0000, 0x0000, 0x0000, 0x0000, 0x0000, 0x0000, 0x0000, 0x0000, 0x0000, 0x0000, 0x0000, 
  0x0000, 0x0000, 0x000c, 0x3000, 0x0000, 0x0325, 0x1afd, 0x605f, 0xfb60, 0xffed, 0x07ff, 0x681f, 0xfb40, 0xffed, 0x07df, 0x681f, 
  0xdae0, 0x4800, 0x001f, 0x7800, 0x0000, 0x0000, 0x0000, 0x0000, 0xfb40, 0xe7ed, 0x07ff, 0x681f, 0xfb40, 0xffed, 0x07ff, 0x681f, 
  0xf340, 0xfe6b, 0x0940, 0x0000, 0xfbe0, 0x0000, 0x0000, 0x0000, 0x0000, 0x0000, 0x0000, 0x0000, 0x0000, 0x0000, 0x0000, 0x0000, 
  0x0000, 0x0000, 0x0000, 0x0000, 0x0000, 0x0000, 0x0000, 0x0000, 0x0000, 0x0000, 0x0000, 0x0000, 0x0000, 0x0000, 0x0000, 0x0000, 
  0x0000, 0x03ef, 0x0015, 0x5000, 0x0000, 0x06eb, 0x0cff, 0x701f, 0xfb40, 0xffed, 0x07ff, 0x681f, 0xfb40, 0xffed, 0x07ff, 0x681f, 
  0xfb40, 0xffed, 0x07ff, 0x681f, 0xfb40, 0xffed, 0x07ff, 0x681f, 0xfb40, 0xffed, 0x07ff, 0x681f, 0xfb40, 0xffed, 0x07ff, 0x681f, 
  0xfb40, 0xffed, 0x07ff, 0x681f, 0xfb40, 0xffed, 0x07ff, 0x681f, 0xfb40, 0xffed, 0x07ff, 0x681f, 0xfb40, 0xffed, 0x07ff, 0x681f, 
  0xfb40, 0xffed, 0x07ff, 0x681f, 0xe300, 0xfae5, 0x22a0, 0x0000, 0x7800, 0x0000, 0x0000, 0x0000, 0x0000, 0x0000, 0x0000, 0x0000, 
  0x0000, 0x0000, 0x0000, 0x0000, 0x0000, 0x0000, 0x0000, 0x0000, 0x0000, 0x0000, 0x0000, 0x0000, 0x0000, 0x0000, 0x001f, 0x5000, 
  0x0000, 0x064a, 0x0e5f, 0x681f, 0xfb40, 0xffed, 0x07ff, 0x681f, 0xfb40, 0xffed, 0x07ff, 0x681f, 0xfb40, 0xffed, 0x07fb, 0x587f, 
  0xaa22, 0x8000, 0x001f, 0x7800, 0xfaa0, 0x054a, 0x0000, 0x0000, 0x0000, 0x0000, 0x0000, 0x0000, 0x0000, 0x0000, 0x0000, 0x0000, 
  0xf321, 0xffed, 0x07df, 0x681f, 0xfb40, 0xffed, 0x07ff, 0x681f, 0xfb60, 0xfd49, 0x16c0, 0x02e1, 0x0000, 0x0000, 0x0000, 0x0000, 
  0x0000, 0x0000, 0x0000, 0x0000, 0x0000, 0x0000, 0x0000, 0x0000, 0x0000, 0x0000, 0x0000, 0x0000, 0x0000, 0x0000, 0x0000, 0x0000, 
  0x0000, 0x0000, 0x0000, 0x0000, 0x0000, 0x0000, 0x0000, 0x0000, 0x0000, 0x0000, 0x0000, 0x0000, 0x0000, 0x0000, 0x000f, 0x7800, 
  0x0000, 0x0000, 0x0000, 0x0000, 0x0000, 0x0000, 0x0000, 0x0000, 0x0000, 0x0000, 0x0000, 0x0000, 0x0000, 0x0000, 0x0000, 0x0000, 
  0x0000, 0x0000, 0x0000, 0x0000, 0x0000, 0x0000, 0x0000, 0x0000, 0x0000, 0x0000, 0x0000, 0x0000, 0x0000, 0x0000, 0x0000, 0x0000, 
  0x0000, 0x0000, 0x0000, 0x0000, 0x0000, 0x0000, 0x0000, 0x0000, 0x0000, 0x0000, 0x0000, 0x0000, 0x0000, 0x0000, 0x0000, 0x0000, 
  0x0000, 0x0000, 0x0000, 0x0000, 0x0000, 0x0000, 0x0000, 0x0000, 0x0000, 0x0000, 0x0000, 0x0000, 0x0000, 0x0000, 0x0000, 0x0000, 
  0x0000, 0x0000, 0x0000, 0x0000, 0x0000, 0x0000, 0x0000, 0x0000, 0x0000, 0x0000, 0x0000, 0x0000, 0x0000, 0x0000, 0x0000, 0x0000, 
  0x0000, 0x0000, 0x0000, 0x0000, 0x0000, 0x0000, 0x0000, 0x0000, 0x0000, 0x0000, 0x0000, 0x0000, 0x0000, 0x0000, 0x0000, 0x0000, 
  0x0000, 0x0000, 0x000c, 0x3000, 0x0000, 0x0325, 0x1afd, 0x605f, 0xfb60, 0xffed, 0x07ff, 0x681f, 0xfb40, 0xffed, 0x07df, 0x681f, 
  0xdae0, 0x4800, 0x001f, 0x7800, 0x0000, 0x0000, 0x0000, 0x0000, 0xfb40, 0xe7ed, 0x07ff, 0x681f, 0xfb40, 0xffed, 0x07ff, 0x681f, 
  0xf340, 0xfe6b, 0x0940, 0x0000, 0xfbe0, 0x0000, 0x0000, 0x0000, 0x0000, 0x0000, 0x0000, 0x0000, 0x0000, 0x0000, 0x0000, 0x0000, 
  0x0000, 0x0000, 0x0000, 0x0000, 0x0000, 0x0000, 0x0000, 0x0000, 0x0000, 0x0000, 0x0000, 0x0000, 0x0000, 0x0000, 0x0000, 0x0000, 
  0x0000, 0x0000, 0x0017, 0x39e0, 0xfd40, 0x0000, 0x001e, 0x6013, 0xfb80, 0xffed, 0x07df, 0x681f, 0xfb40, 0xffed, 0x07ff, 0x681f, 
  0xfb40, 0xffed, 0x07ff, 0x681f, 0xfb40, 0xffed, 0x07ff, 0x681f, 0xfb40, 0xffed, 0x07ff, 0x681f, 0xfb40, 0xffed, 0x07ff, 0x681f, 
  0xfb40, 0xffed, 0x07ff, 0x681f, 0xfb40, 0xffed, 0x07ff, 0x681f, 0xfb40, 0xffed, 0x07ff, 0x681f, 0xfb40, 0xffed, 0x07ff, 0x681f, 
  0xfb40, 0xffed, 0x07ff, 0x681f, 0xfb60, 0xfdca, 0x1560, 0x0000, 0xcb20, 0x0000, 0x0000, 0x0000, 0x0000, 0x0000, 0x0000, 0x0000, 
  0x0000, 0x0000, 0x0000, 0x0000, 0x0000, 0x0000, 0x0000, 0x0000, 0x0000, 0x0000, 0x0000, 0x0000, 0x0000, 0x0000, 0x001f, 0x7800, 
  0x0000, 0x04e8, 0x123e, 0x601f, 0xfb40, 0xffed, 0x07ff, 0x681f, 0xfb40, 0xffed, 0x07ff, 0x681f, 0xf320, 0xfce8, 0x1628, 0x1925, 
  0x0007, 0x0800, 0x0017, 0x7800, 0xf800, 0x0000, 0x0000, 0x0000, 0x0000, 0x0000, 0x0000, 0x0000, 0x0000, 0x0000, 0x0000, 0x0000, 
  0xdae0, 0xdfed, 0x07ff, 0x681f, 0xfb40, 0xffed, 0x07ff, 0x681f, 0xfb40, 0xff0b, 0x07b1, 0x3862, 0x0000, 0x0000, 0x0000, 0x0000, 
  0x0000, 0x0000, 0x0000, 0x0000, 0x0000, 0x0000, 0x0000, 0x0000, 0x0000, 0x0000, 0x0000, 0x0000, 0x0000, 0x0000, 0x0000, 0x0000, 
  0x0000, 0x0000, 0x0000, 0x0000, 0x0000, 0x0000, 0x0000, 0x0000, 0x0000, 0x0000, 0x0000, 0x0000, 0x0000, 0x07ef, 0x000f, 0x7800, 
  0xf800, 0x0000, 0x0000, 0x0000, 0x0000, 0x0000, 0x0000, 0x0000, 0x0000, 0x0000, 0x0000, 0x0000, 0x0000, 0x0000, 0x0000, 0x0000, 
  0x0000, 0x0000, 0x0000, 0x0000, 0x0000, 0x0000, 0x0000, 0x0000, 0x0000, 0x0000, 0x0000, 0x0000, 0x0000, 0x0000, 0x0000, 0x0000, 
  0x0000, 0x0000, 0x0000, 0x0000, 0x0000, 0x0000, 0x0000, 0x0000, 0x0000, 0x0000, 0x0000, 0x0000, 0x0000, 0x0000, 0x0000, 0x0000, 
  0x0000, 0x0000, 0x0000, 0x0000, 0x0000, 0x0000, 0x0000, 0x0000, 0x0000, 0x0000, 0x0000, 0x0000, 0x0000, 0x0000, 0x0000, 0x0000, 
  0x0000, 0x0000, 0x0000, 0x0000, 0x0000, 0x0000, 0x000f, 0x0000, 0x79e0, 0x05e7, 0x003f, 0x3800, 0xfbe0, 0x07ef, 0x003f, 0x3800, 
  0xf9e0, 0x05e7, 0x002f, 0x3800, 0x0000, 0x0000, 0x0000, 0x0000, 0x0000, 0x0000, 0x0000, 0x0000, 0x0000, 0x0000, 0x0000, 0x0000, 
  0x0000, 0x0000, 0x000c, 0x3000, 0x0000, 0x0325, 0x1afd, 0x605f, 0xfb60, 0xffed, 0x07ff, 0x681f, 0xfb40, 0xffed, 0x07df, 0x681f, 
  0xdae0, 0x4800, 0x001f, 0x7800, 0x0000, 0x0000, 0x0000, 0x0000, 0xfb40, 0xe7ed, 0x07ff, 0x681f, 0xfb40, 0xffed, 0x07ff, 0x681f, 
  0xf340, 0xfe6b, 0x0940, 0x0000, 0xfbe0, 0x0000, 0x0000, 0x0000, 0x0000, 0x0000, 0x0000, 0x0000, 0x0000, 0x0000, 0x0000, 0x0000, 
  0x0000, 0x0000, 0x0000, 0x0000, 0x0000, 0x0000, 0x0000, 0x0000, 0x0000, 0x0000, 0x0000, 0x0000, 0x0000, 0x0000, 0x0000, 0x0000, 
  0x0000, 0x0000, 0x0000, 0x0000, 0x0000, 0x05e7, 0x0020, 0x0000, 0xf300, 0x9fed, 0x07ff, 0x681f, 0xfb40, 0xffed, 0x07ff, 0x681f, 
  0xfb40, 0xffed, 0x07ff, 0x681f, 0xfb40, 0xffed, 0x07ff, 0x681f, 0xfb40, 0xffed, 0x07ff, 0x681f, 0xfb40, 0xffed, 0x07ff, 0x681f, 
  0xfb40, 0xffed, 0x07ff, 0x681f, 0xfb40, 0xffed, 0x07ff, 0x681f, 0xfb40, 0xffed, 0x07ff, 0x681f, 0xfb40, 0xffed, 0x07ff, 0x681f, 
  0xfb40, 0xffed, 0x07ff, 0x681f, 0xfb60, 0xfeeb, 0x070a, 0x2124, 0x0000, 0x03ef, 0x0000, 0x0000, 0x0000, 0x0000, 0x0000, 0x0000, 
  0x0000, 0x0000, 0x0000, 0x0000, 0x0000, 0x0000, 0x0000, 0x0000, 0x0000, 0x0000, 0x0000, 0x0000, 0x0000, 0x0000, 0x000f, 0x0000, 
  0x0000, 0x01e4, 0x2938, 0x507f, 0xfb60, 0xffed, 0x07ff, 0x681f, 0xfb40, 0xffed, 0x07ff, 0x681f, 0xdae1, 0xfb85, 0x1980, 0x0000, 
  0xc980, 0x0000, 0x0000, 0x0000, 0x0000, 0x0000, 0x0000, 0x0000, 0x0000, 0x0000, 0x0000, 0x0000, 0x0000, 0x0000, 0x0000, 0x0000, 
  0xc282, 0xafed, 0x07ff, 0x681f, 0xfb40, 0xffed, 0x07ff, 0x681f, 0xfb40, 0xffed, 0x07f7, 0x4872, 0x0000, 0x054a, 0x0020, 0x0000, 
  0x0000, 0x0000, 0x0000, 0x0000, 0x0000, 0x0000, 0x0000, 0x0000, 0x0000, 0x0000, 0x0000, 0x0000, 0x0000, 0x0000, 0x0000, 0x0000, 
  0x0000, 0x0000, 0x0000, 0x0000, 0x0000, 0x0000, 0x0000, 0x0000, 0x0000, 0x0000, 0x0000, 0x0000, 0x0000, 0x02e3, 0x184c, 0x2904, 
  0x0000, 0x07e0, 0x0000, 0x0000, 0x0000, 0x0000, 0x0000, 0x0000, 0x0000, 0x0000, 0x0000, 0x0000, 0x0000, 0x0000, 0x0000, 0x0000, 
  0x0000, 0x0000, 0x0000, 0x0000, 0x0000, 0x0000, 0x0000, 0x0000, 0x0000, 0x0000, 0x0000, 0x0000, 0x0000, 0x0000, 0x0000, 0x0000, 
  0x0000, 0x0000, 0x0000, 0x0000, 0x0000, 0x0000, 0x0000, 0x0000, 0x0000, 0x0000, 0x0000, 0x0000, 0x0000, 0x0000, 0x0000, 0x0000, 
  0x0000, 0x0000, 0x0000, 0x0000, 0x0000, 0x0000, 0x0000, 0x0000, 0x0000, 0x0000, 0x0000, 0x0000, 0x0000, 0x0000, 0x0000, 0x0000, 
  0xb9e0, 0x07e7, 0x003f, 0xf800, 0x0000, 0x0000, 0x0000, 0x0000, 0x0000, 0x0000, 0x0000, 0x0000, 0x0000, 0x0000, 0x0000, 0x0000, 
  0x0000, 0x0000, 0x0000, 0x0000, 0x0000, 0x0000, 0x0000, 0x0000, 0x0000, 0x07e7, 0x002f, 0x3800, 0x0000, 0x0000, 0x0000, 0x0000, 
  0x0000, 0x0000, 0x000c, 0x3000, 0x0000, 0x0325, 0x1afd, 0x605f, 0xfb60, 0xffed, 0x07ff, 0x681f, 0xfb40, 0xffed, 0x07df, 0x681f, 
  0xdae0, 0x4800, 0x001f, 0x7800, 0x0000, 0x0000, 0x0000, 0x0000, 0xfb40, 0xe7ed, 0x07ff, 0x681f, 0xfb40, 0xffed, 0x07ff, 0x681f, 
  0xf340, 0xfe6b, 0x0940, 0x0000, 0xfbe0, 0x0000, 0x0000, 0x0000, 0x0000, 0x0000, 0x0000, 0x0000, 0x0000, 0x0000, 0x0000, 0x0000, 
  0x0000, 0x0000, 0x0000, 0x0000, 0x0000, 0x0000, 0x0000, 0x0000, 0x0000, 0x0000, 0x0000, 0x0000, 0x0000, 0x0000, 0x0000, 0x0000, 
  0x0000, 0x0000, 0x0000, 0x0000, 0x0000, 0x03e7, 0x0020, 0x0000, 0x5124, 0x3e0a, 0x0fff, 0x681f, 0xfb20, 0xffed, 0x07ff, 0x681f, 
  0xfb40, 0xffed, 0x07ff, 0x681f, 0xfb40, 0xffed, 0x07ff, 0x681f, 0xfb40, 0xffed, 0x07ff, 0x681f, 0xfb40, 0xffed, 0x07ff, 0x681f, 
  0xfb40, 0xffed, 0x07ff, 0x681f, 0xfb40, 0xffed, 0x07ff, 0x681f, 0xfb40, 0xffed, 0x07ff, 0x681f, 0xfb40, 0xffed, 0x07ff, 0x681f, 
  0xfb40, 0xffed, 0x07ff, 0x681f, 0xfb40, 0xffed, 0x07f5, 0x48af, 0x0000, 0x07ef, 0x0000, 0x0000, 0x0000, 0x0000, 0x0000, 0x0000, 
  0x0000, 0x0000, 0x0000, 0x0000, 0x0000, 0x0000, 0x0000, 0x0000, 0x0000, 0x0000, 0x0000, 0x0000, 0x0000, 0x0000, 0x0000, 0x0000, 
  0xfaa0, 0x0000, 0x0017, 0x5072, 0xfb60, 0xffed, 0x07df, 0x681f, 0xfb40, 0xffed, 0x07ff, 0x681f, 0xfb60, 0xfde9, 0x0ae0, 0x0000, 
  0xaaa0, 0x0000, 0x0000, 0x0000, 0x0000, 0x0000, 0x0000, 0x0000, 0x0000, 0x0000, 0x0000, 0x0000, 0x0000, 0x0000, 0x0000, 0x0000, 
  0x71a3, 0x57ac, 0x07ff, 0x681f, 0xfb40, 0xffed, 0x07ff, 0x681f, 0xfb40, 0xffed, 0x07fe, 0x601d, 0xba20, 0x2000, 0x001f, 0x5000, 
  0x0000, 0x0000, 0x0000, 0x0000, 0x0000, 0x0000, 0x0000, 0x0000, 0x0000, 0x0000, 0x0000, 0x0000, 0x0000, 0x0000, 0x0000, 0x0000, 
  0x0000, 0x0000, 0x0000, 0x0000, 0x0000, 0x0000, 0x0000, 0x0000, 0x0000, 0x0000, 0x0019, 0x6000, 0x0000, 0x070b, 0x03b8, 0x507d, 
  0x5105, 0x1800, 0x000f, 0x0000, 0x0000, 0x0000, 0x0000, 0x0000, 0x0000, 0x0000, 0x0000, 0x0000, 0x0000, 0x0000, 0x0000, 0x0000, 
  0x0000, 0x0000, 0x0000, 0x0000, 0x0000, 0x0000, 0x0000, 0x0000, 0x0000, 0x0000, 0x0000, 0x0000, 0x0000, 0x0000, 0x0000, 0x0000, 
  0x0000, 0x0000, 0x0000, 0x0000, 0x0000, 0x0000, 0x0000, 0x0000, 0x0000, 0x0000, 0x0000, 0x0000, 0x0000, 0x0000, 0x0000, 0x0000, 
  0x0000, 0x0000, 0x0000, 0x0000, 0x0000, 0x0000, 0x0000, 0x0000, 0x0000, 0x0000, 0x0000, 0x0000, 0x0000, 0x03ef, 0x0015, 0x5000, 
  0x0000, 0x0000, 0x0000, 0x02a0, 0x4804, 0x0000, 0x000f, 0x38c9, 0x99e2, 0xa68a, 0x04bc, 0x5812, 0xeb00, 0x974c, 0x04bd, 0x5812, 
  0xdaa0, 0x95e9, 0x04b0, 0x38d3, 0x79c3, 0x1800, 0x0006, 0x0180, 0x000f, 0x0000, 0x0000, 0x0000, 0xfbe0, 0x05e7, 0x002f, 0x7800, 
  0x0000, 0x0000, 0x000c, 0x3000, 0x0000, 0x0325, 0x1afd, 0x605f, 0xfb60, 0xffed, 0x07ff, 0x681f, 0xfb40, 0xffed, 0x07df, 0x681f, 
  0xdae0, 0x4800, 0x001f, 0x7800, 0x0000, 0x0000, 0x0000, 0x0000, 0xfb40, 0xe7ed, 0x07ff, 0x681f, 0xfb40, 0xffed, 0x07ff, 0x681f, 
  0xf340, 0xfe6b, 0x0940, 0x0000, 0xfbe0, 0x0000, 0x0000, 0x0000, 0x0000, 0x0000, 0x0000, 0x0000, 0x0000, 0x0000, 0x0000, 0x0000, 
  0x0000, 0x0000, 0x0000, 0x0000, 0x0000, 0x0000, 0x0000, 0x0000, 0x0000, 0x0000, 0x0000, 0x0000, 0x0000, 0x0000, 0x0000, 0x0000, 
  0x0000, 0x0000, 0x0000, 0x0000, 0x0000, 0x0000, 0x0015, 0x5000, 0x0000, 0x03a6, 0x1a9b, 0x583f, 0xfb60, 0xffed, 0x07ff, 0x681f, 
  0xfb40, 0xffed, 0x07ff, 0x681f, 0xfb40, 0xffed, 0x07ff, 0x681f, 0xfb40, 0xffed, 0x07ff, 0x681f, 0xfb40, 0xffed, 0x07ff, 0x681f, 
  0xfb40, 0xffed, 0x07ff, 0x681f, 0xfb40, 0xffed, 0x07ff, 0x681f, 0xfb40, 0xffed, 0x07ff, 0x681f, 0xfb40, 0xffed, 0x07ff, 0x681f, 
  0xfb40, 0xffed, 0x07ff, 0x681f, 0xfb40, 0xffed, 0x07f8, 0x507d, 0x000a, 0x0000, 0x0000, 0x0000, 0x0000, 0x0000, 0x0000, 0x0000, 
  0x0000, 0x0000, 0x0000, 0x0000, 0x0000, 0x0000, 0x0000, 0x0000, 0x0000, 0x0000, 0x0000, 0x0000, 0x0000, 0x0000, 0x0000, 0x0000, 
  0x6186, 0x0000, 0x000e, 0x30ef, 0xeb20, 0xffed, 0x07df, 0x681f, 0xfb40, 0xffed, 0x07ff, 0x681f, 0xfb60, 0xfe4a, 0x0ea0, 0x0000, 
  0xfbe0, 0x0000, 0x0000, 0x0000, 0x0000, 0x0000, 0x0000, 0x0000, 0x0000, 0x0000, 0x0000, 0x0000, 0x0000, 0x0000, 0x0000, 0x0000, 
  0x000a, 0x060a, 0x0e5f, 0x681f, 0xfb40, 0xffed, 0x07ff, 0x681f, 0xfb40, 0xffec, 0x07ff, 0x701f, 0xcac1, 0xeac4, 0x2180, 0x0000, 
  0x39e7, 0x0000, 0x0000, 0x0000, 0x0000, 0x0000, 0x0000, 0x0000, 0x0000, 0x0000, 0x0000, 0x0000, 0x0000, 0x0000, 0x0000, 0x0000, 
  0x0000, 0x0000, 0x0000, 0x0000, 0x0000, 0x0000, 0x0000, 0x0000, 0x0000, 0x07ef, 0x0020, 0x0000, 0xe2c0, 0x7fed, 0x07ff, 0x701f, 
  0xaa42, 0xd000, 0x001f, 0x7800, 0x0000, 0x0000, 0x0000, 0x0000, 0x0000, 0x0000, 0x0000, 0x0000, 0x0000, 0x0000, 0x0000, 0x0000, 
  0x0000, 0x0000, 0x0000, 0x0000, 0x0000, 0x0000, 0x0000, 0x0000, 0x0000, 0x0000, 0x0000, 0x0000, 0x0000, 0x0000, 0x0000, 0x0000, 
  0x0000, 0x0000, 0x0000, 0x0000, 0x0000, 0x0000, 0x0000, 0x0000, 0x0000, 0x0000, 0x0000, 0x0000, 0x0000, 0x0000, 0x0000, 0x0000, 
  0x0000, 0x0000, 0x0000, 0x0000, 0x0000, 0x0000, 0x0000, 0x0000, 0x0000, 0x0000, 0x001f, 0x7800, 0x7be0, 0x0000, 0x0004, 0x1982, 
  0x6963, 0x5eeb, 0x0216, 0x4897, 0xd2c1, 0xffed, 0x075f, 0x681e, 0xfb60, 0xffed, 0x07ff, 0x701f, 0xfb80, 0xffee, 0x07ff, 0x701f, 
  0xfb80, 0xffed, 0x07ff, 0x683f, 0xfb40, 0xf7cc, 0x0779, 0x505e, 0xa222, 0xe60a, 0x0ad1, 0x38a8, 0x0000, 0x0000, 0x0000, 0x0000, 
  0x0000, 0x07ea, 0x0013, 0x3801, 0x0000, 0x0325, 0x1afd, 0x605f, 0xfb60, 0xffed, 0x07ff, 0x681f, 0xfb40, 0xffed, 0x07df, 0x681f, 
  0xdae0, 0x4800, 0x001f, 0x7800, 0x0000, 0x0000, 0x0000, 0x0000, 0xfb40, 0xe7ed, 0x07ff, 0x681f, 0xfb40, 0xffed, 0x07ff, 0x681f, 
  0xf340, 0xfe6b, 0x0940, 0x0000, 0xfbe0, 0x0000, 0x0000, 0x0000, 0x0000, 0x0000, 0x0000, 0x0000, 0x0000, 0x0000, 0x0000, 0x0000, 
  0x0000, 0x0000, 0x0000, 0x0000, 0x0000, 0x0000, 0x0000, 0x0000, 0x0000, 0x0000, 0x0000, 0x0000, 0x0000, 0x0000, 0x0000, 0x0000, 
  0x0000, 0x0000, 0x0000, 0x0000, 0x0000, 0x0000, 0x0000, 0x0000, 0xfaa0, 0x0000, 0x0018, 0x4849, 0xf320, 0xffed, 0x07ff, 0x681f, 
  0xfb40, 0xffed, 0x07ff, 0x681f, 0xfb40, 0xffed, 0x07ff, 0x681f, 0xfb40, 0xffed, 0x07ff, 0x681f, 0xfb40, 0xffed, 0x07ff, 0x681f, 
  0xfb40, 0xffed, 0x07ff, 0x681f, 0xfb40, 0xffed, 0x07ff, 0x681f, 0xfb40, 0xffed, 0x07ff, 0x681f, 0xfb40, 0xffed, 0x07ff, 0x681f, 
  0xfb40, 0xffed, 0x07ff, 0x681f, 0xfb40, 0xffed, 0x07ff, 0x601f, 0x9a02, 0x3000, 0x000f, 0x7800, 0x0000, 0x0000, 0x0000, 0x0000, 
  0x0000, 0x0000, 0x0000, 0x0000, 0x0000, 0x0000, 0x0000, 0x0000, 0x0000, 0x0000, 0x0000, 0x0000, 0x0000, 0x0000, 0x0000, 0x0000, 
  0x0000, 0x0000, 0x0000, 0x07e0, 0xdac1, 0xdfed, 0x07ff, 0x681f, 0xfb40, 0xffed, 0x07ff, 0x681f, 0xfb60, 0xff4c, 0x074a, 0x2124, 
  0x0000, 0x07e0, 0x0000, 0x0000, 0x0000, 0x0000, 0x0000, 0x0000, 0x0000, 0x0000, 0x0000, 0x0000, 0x0000, 0x0000, 0x0000, 0x0000, 
  0x0000, 0x0549, 0x133f, 0x683f, 0xfb40, 0xffed, 0x07ff, 0x681f, 0xfb40, 0xffed, 0x07ff, 0x681f, 0xfb60, 0xfdc9, 0x1726, 0x1145, 
  0x0000, 0x03e0, 0x0000, 0x0000, 0x0000, 0x0000, 0x0000, 0x0000, 0x0000, 0x0000, 0x0000, 0x0000, 0x0000, 0x0000, 0x0000, 0x0000, 
  0x0000, 0x0000, 0x0000, 0x0000, 0x0000, 0x0000, 0x0000, 0x0000, 0xfbe0, 0x0000, 0x001b, 0x584d, 0xfb60, 0xffed, 0x07df, 0x681f, 
  0xfb40, 0xfd08, 0x12e0, 0x0000, 0x79e0, 0x0000, 0x0000, 0x0000, 0x0000, 0x0000, 0x0000, 0x0000, 0x0000, 0x0000, 0x0000, 0x0000, 
  0x0000, 0x0000, 0x0000, 0x0000, 0x0000, 0x0000, 0x0000, 0x0000, 0x0000, 0x0000, 0x0000, 0x0000, 0x0000, 0x0000, 0x0000, 0x0000, 
  0x0000, 0x0000, 0x0000, 0x0000, 0x0000, 0x0000, 0x0000, 0x0000, 0x0000, 0x0000, 0x0000, 0x0000, 0x0000, 0x0000, 0x0000, 0x0000, 
  0x0000, 0x0000, 0x0000, 0x0000, 0x0000, 0x0000, 0x0000, 0x0000, 0x7800, 0x05e7, 0x002f, 0x0000, 0x0000, 0x04c8, 0x1317, 0x5079, 
  0xe2e1, 0xffed, 0x07ff, 0x681f, 0xfb60, 0xffed, 0x07ff, 0x681f, 0xfb40, 0xffed, 0x07df, 0x681f, 0xfb40, 0xffed, 0x07df, 0x681f, 
  0xfb40, 0xffed, 0x07df, 0x681f, 0xfb40, 0xffed, 0x07ff, 0x681f, 0xfb60, 0xffed, 0x07fd, 0x603e, 0xeb00, 0xa529, 0x15d0, 0x30cb, 
  0x0007, 0x00e0, 0x505f, 0x7800, 0x0000, 0x0325, 0x1b1d, 0x605f, 0xfb60, 0xffed, 0x07ff, 0x681f, 0xfb40, 0xffed, 0x07df, 0x681f, 
  0xdae0, 0x4800, 0x001f, 0x7800, 0x0000, 0x0000, 0x0000, 0x0000, 0xfb40, 0xe7ed, 0x07ff, 0x681f, 0xfb40, 0xffed, 0x07ff, 0x681f, 
  0xf340, 0xfe6b, 0x0940, 0x0000, 0xfbe0, 0x0000, 0x0000, 0x0000, 0x0000, 0x0000, 0x0000, 0x0000, 0x0000, 0x0000, 0x0000, 0x0000, 
  0x0000, 0x0000, 0x0000, 0x0000, 0x0000, 0x0000, 0x0000, 0x0000, 0x0000, 0x0000, 0x0000, 0x0000, 0x0000, 0x0000, 0x0000, 0x0000, 
  0x0000, 0x0000, 0x0000, 0x0000, 0x0000, 0x0000, 0x0000, 0x0000, 0x0000, 0x054a, 0x0020, 0x0000, 0xaa42, 0xbfed, 0x07ff, 0x681f, 
  0xfb40, 0xffed, 0x07ff, 0x681f, 0xfb40, 0xffed, 0x07ff, 0x681f, 0xfb40, 0xffed, 0x07ff, 0x681f, 0xfb40, 0xffed, 0x07ff, 0x681f, 
  0xfb40, 0xffed, 0x07ff, 0x681f, 0xfb40, 0xffed, 0x07ff, 0x681f, 0xfb40, 0xffed, 0x07ff, 0x681f, 0xfb40, 0xffed, 0x07ff, 0x681f, 
  0xfb40, 0xffed, 0x07ff, 0x681f, 0xfb40, 0xffed, 0x07df, 0x701f, 0xdac1, 0xa000, 0x001f, 0x7800, 0x0000, 0x0000, 0x0000, 0x0000, 
  0x0000, 0x0000, 0x0000, 0x0000, 0x0000, 0x0000, 0x0000, 0x0000, 0x0000, 0x0000, 0x0000, 0x0000, 0x0000, 0x0000, 0x0000, 0x0000, 
  0x0000, 0x07ef, 0x0000, 0x0000, 0xcaa1, 0x6fee, 0x07ff, 0x601f, 0xfb40, 0xffed, 0x07ff, 0x681f, 0xfb40, 0xffed, 0x07f5, 0x48af, 
  0x0000, 0x066c, 0x0020, 0x0000, 0x0000, 0x0000, 0x0000, 0x0000, 0x0000, 0x0000, 0x0000, 0x0000, 0x0000, 0x0000, 0x0000, 0x0000, 
  0x0000, 0x0102, 0x3338, 0x509f, 0xfb60, 0xffed, 0x07ff, 0x681f, 0xfb40, 0xffed, 0x07ff, 0x681f, 0xfb40, 0xffed, 0x07f6, 0x489e, 
  0x1085, 0x2800, 0x0000, 0x0000, 0x0000, 0x0000, 0x0000, 0x0000, 0x0000, 0x0000, 0x0000, 0x0000, 0x0000, 0x0000, 0x0000, 0x0000, 
  0x0000, 0x0000, 0x0000, 0x0000, 0x0000, 0x0000, 0x001f, 0x7800, 0x0000, 0x074c, 0x03df, 0x681f, 0xfb60, 0xffed, 0x07ff, 0x681f, 
  0xfb80, 0xfeab, 0x0de0, 0x0240, 0x0000, 0x0000, 0x0000, 0x0000, 0x0000, 0x0000, 0x0000, 0x0000, 0x0000, 0x0000, 0x0000, 0x0000, 
  0x0000, 0x0000, 0x0000, 0x0000, 0x0000, 0x0000, 0x0000, 0x0000, 0x0000, 0x0000, 0x0000, 0x0000, 0x0000, 0x0000, 0x0000, 0x0000, 
  0x0000, 0x0000, 0x0000, 0x0000, 0x0000, 0x0000, 0x0000, 0x0000, 0x0000, 0x0000, 0x0000, 0x0000, 0x0000, 0x0000, 0x0000, 0x0000, 
  0x0000, 0x0000, 0x0000, 0x0000, 0x0000, 0x07e0, 0x0013, 0x3000, 0x0000, 0x0304, 0x1077, 0x504b, 0xdac0, 0xdfcd, 0x07ff, 0x681f, 
  0xfb60, 0xffed, 0x07df, 0x681f, 0xfb40, 0xffed, 0x07ff, 0x681f, 0xfb40, 0xffed, 0x07ff, 0x681f, 0xfb40, 0xffed, 0x07ff, 0x681f, 
  0xfb40, 0xffed, 0x07ff, 0x681f, 0xfb40, 0xffed, 0x07ff, 0x681f, 0xfb40, 0xffed, 0x07df, 0x681f, 0xfb80, 0xffed, 0x07ff, 0x681f, 
  0xcac1, 0xfd89, 0x0d54, 0x3887, 0x0000, 0x0305, 0x1b1c, 0x605f, 0xfb60, 0xffed, 0x07ff, 0x681f, 0xfb40, 0xffed, 0x07df, 0x681f, 
  0xdae0, 0x4800, 0x001f, 0x7800, 0x0000, 0x0000, 0x0000, 0x0000, 0xfb40, 0xe7ed, 0x07ff, 0x681f, 0xfb40, 0xffed, 0x07ff, 0x681f, 
  0xf340, 0xfe6b, 0x0940, 0x0000, 0xfbe0, 0x0000, 0x0000, 0x0000, 0x0000, 0x0000, 0x0000, 0x0000, 0x0000, 0x0000, 0x0000, 0x0000, 
  0x0000, 0x0000, 0x0000, 0x0000, 0x0000, 0x0000, 0x0000, 0x0000, 0x0000, 0x0000, 0x0000, 0x0000, 0x0000, 0x0000, 0x0000, 0x0000, 
  0x0000, 0x0000, 0x0000, 0x0000, 0x0000, 0x0000, 0x0000, 0x0000, 0x0000, 0x0000, 0x0000, 0x0000, 0x1006, 0x0e8b, 0x0e7f, 0x681f, 
  0xfb40, 0xffed, 0x07ff, 0x681f, 0xfb40, 0xffed, 0x07ff, 0x681f, 0xfb40, 0xffed, 0x07ff, 0x681f, 0xfb40, 0xffed, 0x07ff, 0x681f, 
  0xfb40, 0xffed, 0x07ff, 0x681f, 0xfb40, 0xffed, 0x07ff, 0x681f, 0xfb40, 0xffed, 0x07ff, 0x681f, 0xfb40, 0xffed, 0x07ff, 0x681f, 
  0xfb40, 0xffed, 0x07ff, 0x681f, 0xfb40, 0xffed, 0x07ff, 0x681f, 0xdae1, 0xfb45, 0x19e0, 0x0000, 0xaaa0, 0x0000, 0x0000, 0x0000, 
  0x0000, 0x0000, 0x0000, 0x0000, 0x0000, 0x0000, 0x0000, 0x0000, 0x0000, 0x0000, 0x0000, 0x0000, 0x0000, 0x0000, 0x0000, 0x0000, 
  0x0000, 0x054a, 0x0000, 0x0000, 0xb242, 0x378c, 0x07ff, 0x681f, 0xfb40, 0xffed, 0x07ff, 0x681f, 0xfb40, 0xffed, 0x07f7, 0x5076, 
  0x001f, 0x0000, 0x0000, 0x0000, 0x0000, 0x0000, 0x0000, 0x0000, 0x0000, 0x0000, 0x0000, 0x0000, 0x0000, 0x0000, 0x0000, 0x0000, 
  0x000f, 0x05a9, 0x13df, 0x683f, 0xfb40, 0xffed, 0x07ff, 0x681f, 0xfb40, 0xffed, 0x07ff, 0x681f, 0xfb40, 0xffed, 0x07bf, 0x701f, 
  0xe2e1, 0x9000, 0x0015, 0x5000, 0x0000, 0x0000, 0x0000, 0x0000, 0x0000, 0x0000, 0x0000, 0x0000, 0x0000, 0x0000, 0x0000, 0x0000, 
  0x0000, 0x0000, 0x0000, 0x0000, 0x0000, 0x07ff, 0x0000, 0x0000, 0xdae0, 0x7fee, 0x07ff, 0x681f, 0xfb40, 0xffed, 0x07ff, 0x681f, 
  0xfb40, 0xff2c, 0x0ff4, 0x48c5, 0x0000, 0x07ef, 0x0000, 0x0000, 0x0000, 0x0000, 0x0000, 0x0000, 0x0000, 0x0000, 0x0000, 0x0000, 
  0x0000, 0x0000, 0x0000, 0x0000, 0x0000, 0x0000, 0x0000, 0x0000, 0x0000, 0x0000, 0x0000, 0x0000, 0x0000, 0x0000, 0x0000, 0x0000, 
  0x0000, 0x0000, 0x0000, 0x0000, 0x0000, 0x0000, 0x0000, 0x0000, 0x0000, 0x0000, 0x0000, 0x0000, 0x0000, 0x0000, 0x0000, 0x0000, 
  0x0000, 0x0000, 0x0000, 0x0000, 0xaaa0, 0x066c, 0x0020, 0x0000, 0x7183, 0x5e6a, 0x0ebf, 0x681f, 0xfb60, 0xffed, 0x07ff, 0x681f, 
  0xfb40, 0xffed, 0x07ff, 0x681f, 0xfb40, 0xffed, 0x07ff, 0x681f, 0xfb40, 0xffed, 0x07ff, 0x681f, 0xfb40, 0xffed, 0x07ff, 0x681f, 
  0xfb40, 0xffed, 0x07ff, 0x681f, 0xfb40, 0xffed, 0x07ff, 0x681f, 0xfb40, 0xffed, 0x07ff, 0x681f, 0xfb40, 0xffed, 0x07df, 0x681f, 
  0xfb60, 0xffee, 0x07ff, 0x683d, 0xd2c0, 0xb3c6, 0x1edd, 0x603f, 0xfb40, 0xffed, 0x07ff, 0x681f, 0xfb40, 0xffed, 0x07df, 0x681f, 
  0xdae0, 0x4800, 0x001f, 0x7800, 0x0000, 0x0000, 0x0000, 0x0000, 0xfb40, 0xe7ed, 0x07ff, 0x681f, 0xfb40, 0xffed, 0x07ff, 0x681f, 
  0xf340, 0xfe6b, 0x0940, 0x0000, 0xfbe0, 0x0000, 0x0000, 0x0000, 0x0000, 0x0000, 0x0000, 0x0000, 0x0000, 0x0000, 0x0000, 0x0000, 
  0x0000, 0x0000, 0x0000, 0x0000, 0x0000, 0x0000, 0x0000, 0x0000, 0x0000, 0x0000, 0x0000, 0x0000, 0x0000, 0x0000, 0x0000, 0x0000, 
  0x0000, 0x0000, 0x0000, 0x0000, 0x0000, 0x0000, 0x0000, 0x0000, 0x0000, 0x0000, 0x000f, 0x3800, 0x0000, 0x0427, 0x1b5e, 0x603f, 
  0xfb40, 0xffed, 0x07ff, 0x681f, 0xfb40, 0xffed, 0x07ff, 0x681f, 0xfb40, 0xffed, 0x07ff, 0x681f, 0xfb40, 0xffed, 0x07ff, 0x681f, 
  0xfb40, 0xffed, 0x07ff, 0x681f, 0xfb40, 0xffed, 0x07ff, 0x681f, 0xfb40, 0xffed, 0x07ff, 0x681f, 0xfb40, 0xffed, 0x07ff, 0x681f, 
  0xfb40, 0xffed, 0x07ff, 0x681f, 0xfb40, 0xffed, 0x07ff, 0x681f, 0xfb60, 0xfe2a, 0x0a80, 0x0000, 0xfaa0, 0x0000, 0x0000, 0x0000, 
  0x0000, 0x0000, 0x0000, 0x0000, 0x0000, 0x0000, 0x0000, 0x0000, 0x0000, 0x0000, 0x0000, 0x0000, 0x0000, 0x0000, 0x0000, 0x0000, 
  0x0000, 0x0000, 0x0000, 0x0000, 0x0000, 0x06eb, 0x057f, 0x701f, 0xfb40, 0xffed, 0x07ff, 0x681f, 0xfb40, 0xffed, 0x07f9, 0x507f, 
  0x5945, 0x2000, 0x000f, 0x0000, 0x0000, 0x0000, 0x0000, 0x0000, 0x0000, 0x0000, 0x0000, 0x0000, 0x0000, 0x0000, 0x0000, 0x0000, 
  0x9a22, 0xdfed, 0x07ff, 0x681f, 0xfb40, 0xffed, 0x07ff, 0x681f, 0xfb40, 0xffed, 0x07ff, 0x681f, 0xfb40, 0xffed, 0x07ff, 0x701f, 
  0xe301, 0xfcc8, 0x1940, 0x0000, 0xfbe0, 0x0000, 0x0000, 0x0000, 0x0000, 0x0000, 0x0000, 0x0000, 0x0000, 0x0000, 0x0000, 0x0000, 
  0x0000, 0x0000, 0x0000, 0x0000, 0xf800, 0x0000, 0x0000, 0x01c1, 0xcac1, 0xcfee, 0x07ff, 0x601f, 0xfb40, 0xffed, 0x07ff, 0x681f, 
  0xfb40, 0xffcd, 0x07f2, 0x40ae, 0x0000, 0x07ef, 0x0000, 0x0000, 0x0000, 0x0000, 0x0000, 0x0000, 0x0000, 0x0000, 0x0000, 0x0000, 
  0x0000, 0x0000, 0x0000, 0x0000, 0x0000, 0x0000, 0x0000, 0x0000, 0x0000, 0x0000, 0x0000, 0x0000, 0x0000, 0x0000, 0x0000, 0x0000, 
  0x0000, 0x0000, 0x0000, 0x0000, 0x0000, 0x0000, 0x0000, 0x0000, 0x0000, 0x0000, 0x0000, 0x0000, 0x0000, 0x0000, 0x0000, 0x0000, 
  0x0000, 0x0000, 0x0015, 0x5000, 0x0000, 0x01e3, 0x2914, 0x4090, 0xeb00, 0xffee, 0x07ff, 0x681f, 0xfb40, 0xffed, 0x07ff, 0x681f, 
  0xfb40, 0xffed, 0x07ff, 0x681f, 0xfb40, 0xffed, 0x07ff, 0x681f, 0xfb40, 0xffed, 0x07ff, 0x681f, 0xfb40, 0xffed, 0x07ff, 0x681f, 
  0xfb40, 0xffed, 0x07ff, 0x681f, 0xfb40, 0xffed, 0x07ff, 0x681f, 0xfb40, 0xffed, 0x07ff, 0x681f, 0xfb40, 0xffed, 0x07ff, 0x681f, 
  0xfb40, 0xffed, 0x07ff, 0x681f, 0xfb80, 0xffed, 0x07ff, 0x681f, 0xfb40, 0xffed, 0x07ff, 0x681f, 0xfb40, 0xffed, 0x07df, 0x681f, 
  0xdae0, 0x4800, 0x001f, 0x7800, 0x0000, 0x0000, 0x0000, 0x0000, 0xfb40, 0xe7ed, 0x07ff, 0x681f, 0xfb40, 0xffed, 0x07ff, 0x681f, 
  0xf340, 0xfe6b, 0x0940, 0x0000, 0xfbe0, 0x0000, 0x0000, 0x0000, 0x0000, 0x0000, 0x0000, 0x0000, 0x0000, 0x0000, 0x0000, 0x0000, 
  0x0000, 0x0000, 0x0000, 0x0000, 0x0000, 0x0000, 0x0000, 0x0000, 0x0000, 0x0000, 0x0000, 0x0000, 0x0000, 0x0000, 0x0000, 0x0000, 
  0x0000, 0x0000, 0x0000, 0x0000, 0x0000, 0x0000, 0x0000, 0x0000, 0x0000, 0x0000, 0x0000, 0x0000, 0xfaa0, 0x0000, 0x001a, 0x5851, 
  0xfb80, 0xffcc, 0x07ff, 0x681f, 0xfb40, 0xffed, 0x07ff, 0x681f, 0xfb40, 0xffed, 0x07ff, 0x681f, 0xfb40, 0xffed, 0x07ff, 0x681f, 
  0xfb40, 0xffed, 0x07ff, 0x681f, 0xfb40, 0xffed, 0x07ff, 0x681f, 0xfb40, 0xffed, 0x07ff, 0x681f, 0xfb40, 0xffed, 0x07ff, 0x681f, 
  0xfb40, 0xffed, 0x07ff, 0x681f, 0xfb40, 0xffed, 0x07ff, 0x681f, 0xfb60, 0xfd69, 0x1700, 0x0000, 0x0000, 0x0000, 0x0000, 0x0000, 
  0x0000, 0x0000, 0x0000, 0x0000, 0x0000, 0x0000, 0x0000, 0x0000, 0x0000, 0x0000, 0x0000, 0x0000, 0x0000, 0x0000, 0x0000, 0x0000, 
  0x0000, 0x0000, 0x0019, 0x6000, 0x0000, 0x060a, 0x0c9f, 0x681f, 0xfb40, 0xffed, 0x07ff, 0x681f, 0xfb40, 0xffed, 0x07fe, 0x601f, 
  0xc280, 0x2000, 0x000f, 0x7800, 0x0000, 0x0000, 0x0000, 0x0000, 0x0000, 0x0000, 0x0000, 0x0000, 0x0000, 0x0000, 0x0000, 0x0000, 
  0xfb60, 0xffed, 0x07ff, 0x681f, 0xfb40, 0xffed, 0x07ff, 0x681f, 0xfb40, 0xffed, 0x07ff, 0x681f, 0xfb60, 0xffed, 0x0799, 0x5057, 
  0x79a3, 0x29e3, 0x1840, 0x0000, 0x0000, 0x0000, 0x0000, 0x0000, 0x0000, 0x0000, 0x0000, 0x0000, 0x0000, 0x0000, 0x0000, 0x0000, 
  0x0000, 0x0000, 0x0000, 0x0000, 0x0000, 0x07e0, 0x0000, 0x0000, 0x7963, 0x17ac, 0x073f, 0x681f, 0xfb40, 0xffed, 0x07ff, 0x681f, 
  0xfb40, 0xffed, 0x07f4, 0x40ba, 0x0000, 0x07ef, 0x0000, 0x0000, 0x0000, 0x0000, 0x0000, 0x0000, 0x0000, 0x0000, 0x0000, 0x0000, 
  0x0000, 0x0000, 0x0000, 0x0000, 0x0000, 0x0000, 0x0000, 0x0000, 0x0000, 0x0000, 0x0000, 0x0000, 0x0000, 0x0000, 0x0000, 0x0000, 
  0x0000, 0x0000, 0x0000, 0x0000, 0x0000, 0x0000, 0x0000, 0x0000, 0x0000, 0x0000, 0x0000, 0x0000, 0x0000, 0x0000, 0x0000, 0x0000, 
  0x0000, 0x054a, 0x0000, 0x0000, 0x6123, 0x1dc9, 0x16df, 0x683f, 0xfb60, 0xffed, 0x07df, 0x681f, 0xfb40, 0xffed, 0x07ff, 0x681f, 
  0xfb40, 0xffed, 0x07ff, 0x681f, 0xfb40, 0xffed, 0x07df, 0x681f, 0xfb40, 0xffed, 0x07ff, 0x681f, 0xfb60, 0xffed, 0x07ff, 0x681f, 
  0xfb60, 0xffed, 0x07ff, 0x681f, 0xfb40, 0xffed, 0x07df, 0x681f, 0xfb40, 0xffed, 0x07ff, 0x681f, 0xfb40, 0xffed, 0x07ff, 0x681f, 
  0xfb40, 0xffed, 0x07ff, 0x681f, 0xfb40, 0xffed, 0x07ff, 0x681f, 0xfb40, 0xffed, 0x07ff, 0x681f, 0xfb40, 0xffed, 0x07df, 0x681f, 
  0xdae0, 0x4800, 0x001f, 0x7800, 0x0000, 0x0000, 0x0000, 0x0000, 0xfb40, 0xe7ed, 0x07ff, 0x681f, 0xfb40, 0xffed, 0x07ff, 0x681f, 
  0xf340, 0xfe6b, 0x0940, 0x0000, 0xfbe0, 0x0000, 0x0000, 0x0000, 0x0000, 0x0000, 0x0000, 0x0000, 0x0000, 0x0000, 0x0000, 0x0000, 
  0x0000, 0x0000, 0x0000, 0x0000, 0x0000, 0x0000, 0x0000, 0x0000, 0x0000, 0x0000, 0x0000, 0x0000, 0x0000, 0x0000, 0x0000, 0x0000, 
  0x0000, 0x0000, 0x0000, 0x0000, 0x0000, 0x0000, 0x0000, 0x0000, 0x0000, 0x0000, 0x0000, 0x0000, 0x7be0, 0x0000, 0x0011, 0x3864, 
  0xe2e0, 0xf7ed, 0x07ff, 0x681f, 0xfb40, 0xffed, 0x07ff, 0x681f, 0xfb40, 0xffed, 0x07ff, 0x681f, 0xfb40, 0xffed, 0x07ff, 0x681f, 
  0xfb40, 0xffed, 0x07ff, 0x681f, 0xfb40, 0xffed, 0x07ff, 0x681f, 0xfb40, 0xffed, 0x07ff, 0x681f, 0xfb40, 0xffed, 0x07ff, 0x681f, 
  0xfb40, 0xffed, 0x07ff, 0x681f, 0xfb40, 0xffed, 0x07ff, 0x681f, 0xfb60, 0xfeeb, 0x0744, 0x1922, 0x0000, 0x0000, 0x0000, 0x0000, 
  0x0000, 0x0000, 0x0000, 0x0000, 0x0000, 0x0000, 0x0000, 0x0000, 0x0000, 0x0000, 0x0000, 0x0000, 0x0000, 0x0000, 0x0000, 0x0000, 
  0x0000, 0x0000, 0x000f, 0x3800, 0x0000, 0x0345, 0x1bde, 0x603f, 0xfb40, 0xffed, 0x07ff, 0x681f, 0xfb40, 0xffed, 0x07ff, 0x681f, 
  0x9a02, 0xa800, 0x0015, 0x5000, 0x0000, 0x0000, 0x0000, 0x0000, 0x0000, 0x0000, 0x0000, 0x0000, 0x0000, 0x0000, 0x0000, 0x0000, 
  0xfb40, 0xffed, 0x07ff, 0x681f, 0xfb40, 0xffed, 0x07ff, 0x681f, 0xfb40, 0xffed, 0x07df, 0x681f, 0xc2a1, 0xfde9, 0x0a40, 0x0000, 
  0xaaa0, 0x0000, 0x0000, 0x0000, 0x0000, 0x0000, 0x0000, 0x0000, 0x0000, 0x0000, 0x0000, 0x0000, 0x0000, 0x0000, 0x0000, 0x0000, 
  0x0000, 0x0000, 0x0000, 0x0000, 0x0000, 0x0000, 0x001f, 0x7800, 0x0000, 0x066a, 0x0eff, 0x681f, 0xfb40, 0xffed, 0x07ff, 0x681f, 
  0xfb40, 0xffed, 0x07f5, 0x4899, 0x0000, 0x07ef, 0x0000, 0x0000, 0x0000, 0x0000, 0x0000, 0x0000, 0x0000, 0x0000, 0x0000, 0x0000, 
  0x0000, 0x0000, 0x0000, 0x0000, 0x0000, 0x0000, 0x0000, 0x0000, 0x0000, 0x0000, 0x0000, 0x0000, 0x0000, 0x0000, 0x0000, 0x0000, 
  0x0000, 0x0000, 0x0000, 0x0000, 0x0000, 0x0000, 0x0000, 0x0000, 0x0000, 0x0000, 0x0000, 0x0000, 0x0000, 0x0000, 0x0000, 0x0000, 
  0xaaa0, 0x0000, 0x000f, 0x30c2, 0xd2c1, 0xdfee, 0x07ff, 0x681f, 0xfb40, 0xffed, 0x07ff, 0x681f, 0xfb40, 0xffed, 0x07ff, 0x681f, 
  0xfb40, 0xffed, 0x07df, 0x681f, 0xfb60, 0xffed, 0x07fe, 0x681f, 0xeb20, 0xff2b, 0x07fa, 0x585f, 0xcac1, 0xfe4a, 0x0ffa, 0x585f, 
  0xdae0, 0xff4c, 0x07fd, 0x603f, 0xf340, 0xffed, 0x07ff, 0x681f, 0xfb60, 0xffed, 0x07df, 0x681f, 0xfb40, 0xffed, 0x07ff, 0x681f, 
  0xfb40, 0xffed, 0x07ff, 0x681f, 0xfb40, 0xffed, 0x07ff, 0x681f, 0xfb40, 0xffed, 0x07ff, 0x681f, 0xfb40, 0xffed, 0x07df, 0x681f, 
  0xdae0, 0x4800, 0x001f, 0x7800, 0x0000, 0x0000, 0x0000, 0x0000, 0xfb40, 0xe7ed, 0x07ff, 0x681f, 0xfb40, 0xffed, 0x07ff, 0x681f, 
  0xf340, 0xfe6b, 0x0940, 0x0000, 0xfbe0, 0x0000, 0x0000, 0x0000, 0x0000, 0x0000, 0x0000, 0x0000, 0x0000, 0x0000, 0x0000, 0x0000, 
  0x0000, 0x0000, 0x0000, 0x0000, 0x0000, 0x0000, 0x0000, 0x0000, 0x0000, 0x0000, 0x0000, 0x0000, 0x0000, 0x0000, 0x0000, 0x0000, 
  0x0000, 0x0000, 0x0000, 0x0000, 0x0000, 0x0000, 0x0000, 0x0000, 0x0000, 0x0000, 0x0000, 0x0000, 0x0000, 0x066c, 0x0020, 0x0000, 
  0xaa42, 0x8fed, 0x07ff, 0x681f, 0xfb40, 0xffed, 0x07ff, 0x681f, 0xfb40, 0xffed, 0x07ff, 0x681f, 0xfb40, 0xffed, 0x07ff, 0x681f, 
  0xfb40, 0xffed, 0x07ff, 0x681f, 0xfb40, 0xffed, 0x07ff, 0x681f, 0xfb40, 0xffed, 0x07ff, 0x681f, 0xfb40, 0xffed, 0x07ff, 0x681f, 
  0xfb40, 0xffed, 0x07ff, 0x681f, 0xfb40, 0xffed, 0x07ff, 0x681f, 0xfb60, 0xffcd, 0x07f0, 0x38d1, 0x0000, 0x04c6, 0x3020, 0x0000, 
  0x0000, 0x0000, 0x0000, 0x0000, 0x0000, 0x0000, 0x0000, 0x0000, 0x0000, 0x0000, 0x0000, 0x0000, 0x0000, 0x0000, 0x0000, 0x0000, 
  0x0000, 0x0000, 0x0000, 0x0000, 0x0000, 0x0000, 0x001b, 0x583c, 0xfb60, 0xffed, 0x07ff, 0x681f, 0xfb40, 0xffed, 0x07ff, 0x681f, 
  0xd2c1, 0xc000, 0x001f, 0x5000, 0x0000, 0x0000, 0x0000, 0x0000, 0x0000, 0x0000, 0x0000, 0x0000, 0x0000, 0x0000, 0x0000, 0x0000, 
  0xfb40, 0xffed, 0x07ff, 0x681f, 0xfb40, 0xffed, 0x07ff, 0x601f, 0xfb60, 0xff2c, 0x0ff4, 0x4091, 0x2086, 0x0b26, 0x303f, 0x7800, 
  0xb9e0, 0x0000, 0x0000, 0x0000, 0x0000, 0x0000, 0x0000, 0x0000, 0x0000, 0x0000, 0x0000, 0x0000, 0x0000, 0x0000, 0x0000, 0x0000, 
  0x0000, 0x0000, 0x0000, 0x0000, 0x0000, 0x0000, 0x001f, 0x0000, 0x0000, 0x064a, 0x0eff, 0x681f, 0xfb40, 0xffed, 0x07ff, 0x681f, 
  0xfb40, 0xffed, 0x07f5, 0x4899, 0x0000, 0x07ef, 0x0000, 0x0000, 0x0000, 0x0000, 0x0000, 0x0000, 0x0000, 0x0000, 0x0000, 0x0000, 
  0x0000, 0x0000, 0x0000, 0x0000, 0x0000, 0x0000, 0x0000, 0x0000, 0x0000, 0x0000, 0x0000, 0x0000, 0x0000, 0x0000, 0x0000, 0x0000, 
  0x0000, 0x0000, 0x0000, 0x0000, 0x0000, 0x0000, 0x0000, 0x0000, 0x0000, 0x0000, 0x0000, 0x0000, 0x0000, 0x0000, 0x0015, 0x5000, 
  0x0000, 0x0486, 0x10fb, 0x583b, 0xfb60, 0xffed, 0x07df, 0x681f, 0xfb40, 0xffed, 0x07ff, 0x681f, 0xfb40, 0xffed, 0x07ff, 0x681f, 
  0xfb60, 0xffed, 0x07fd, 0x603f, 0xd2c1, 0xbce8, 0x1670, 0x38ce, 0xfb80, 0x1508, 0x090f, 0x30a4, 0x6123, 0x22e4, 0x190d, 0x28e4, 
  0x89a2, 0x2569, 0x091b, 0x6843, 0xaa41, 0x44e8, 0x1659, 0x5857, 0xe300, 0xefed, 0x07ff, 0x681f, 0xfb40, 0xffed, 0x07ff, 0x681f, 
  0xfb40, 0xffed, 0x07ff, 0x681f, 0xfb40, 0xffed, 0x07ff, 0x681f, 0xfb40, 0xffed, 0x07ff, 0x681f, 0xfb40, 0xffed, 0x07df, 0x681f, 
  0xdae0, 0x4800, 0x001f, 0x7800, 0x0000, 0x0000, 0x0000, 0x0000, 0xfb40, 0xe7ed, 0x07ff, 0x681f, 0xfb40, 0xffed, 0x07ff, 0x681f, 
  0xf340, 0xfe6b, 0x0940, 0x0000, 0xfbe0, 0x0000, 0x0000, 0x0000, 0x0000, 0x0000, 0x0000, 0x0000, 0x0000, 0x0000, 0x0000, 0x0000, 
  0x0000, 0x0000, 0x0000, 0x0000, 0x0000, 0x0000, 0x0000, 0x0000, 0x0000, 0x0000, 0x0000, 0x0000, 0x0000, 0x0000, 0x0000, 0x0000, 
  0x0000, 0x0000, 0x0000, 0x0000, 0x0000, 0x0000, 0x0000, 0x0000, 0x0000, 0x0000, 0x0000, 0x0000, 0x0000, 0x0000, 0x0000, 0x0000, 
  0x1867, 0x16ab, 0x0f5f, 0x681f, 0xfb40, 0xffed, 0x07ff, 0x681f, 0xfb40, 0xffed, 0x07ff, 0x681f, 0xfb40, 0xffed, 0x07ff, 0x681f, 
  0xfb40, 0xffed, 0x07ff, 0x681f, 0xfb40, 0xffed, 0x07ff, 0x681f, 0xfb40, 0xffed, 0x07ff, 0x681f, 0xfb40, 0xffed, 0x07ff, 0x681f, 
  0xfb40, 0xffed, 0x07ff, 0x681f, 0xfb40, 0xffed, 0x07ff, 0x681f, 0xfb40, 0xffed, 0x07fa, 0x5850, 0x0000, 0x066c, 0x0020, 0x0000, 
  0x0000, 0x0000, 0x0000, 0x0000, 0x0000, 0x0000, 0x0000, 0x0000, 0x0000, 0x0000, 0x0000, 0x0000, 0x0000, 0x0000, 0x0000, 0x0000, 
  0x0000, 0x0000, 0x0000, 0x0000, 0x0000, 0x0000, 0xa815, 0x48bd, 0xfb60, 0xffed, 0x07ff, 0x681f, 0xfb40, 0xffed, 0x07ff, 0x681f, 
  0xeb00, 0xd000, 0x4860, 0x0000, 0x0000, 0x0000, 0x0000, 0x0000, 0x0000, 0x0000, 0x0000, 0x0000, 0x0000, 0x0000, 0x0000, 0x0000, 
  0xfb40, 0xffed, 0x07ff, 0x681f, 0xfb40, 0xffed, 0x07ff, 0x701f, 0xeb00, 0xd386, 0x1aa0, 0x01e1, 0x0000, 0x054a, 0x0000, 0x0000, 
  0x0000, 0x0000, 0x0000, 0x0000, 0x0000, 0x0000, 0x0000, 0x0000, 0x0000, 0x0000, 0x0000, 0x0000, 0x0000, 0x0000, 0x0000, 0x0000, 
  0x0000, 0x0000, 0x0000, 0x0000, 0x0000, 0x0000, 0x001f, 0x7800, 0x0000, 0x076c, 0x06ff, 0x681f, 0xfb40, 0xffed, 0x07ff, 0x681f, 
  0xfb40, 0xffed, 0x07f5, 0x48ba, 0x0000, 0x07ef, 0x0000, 0x0000, 0x0000, 0x0000, 0x0000, 0x0000, 0x0000, 0x0000, 0x0000, 0x0000, 
  0x0000, 0x0000, 0x0000, 0x0000, 0x0000, 0x0000, 0x0000, 0x0000, 0x0000, 0x0000, 0x0000, 0x0000, 0x0000, 0x0000, 0x0000, 0x0000, 
  0x0000, 0x0000, 0x0000, 0x0000, 0x0000, 0x0000, 0x0000, 0x0000, 0x0000, 0x0000, 0x0000, 0x0000, 0x0000, 0x07e0, 0x0000, 0x0000, 
  0x7983, 0x170b, 0x06bf, 0x681f, 0xfb40, 0xffed, 0x07ff, 0x681f, 0xfb40, 0xffed, 0x07ff, 0x681f, 0xfb40, 0xffed, 0x07df, 0x681f, 
  0xe2e0, 0xf6ab, 0x036e, 0x30eb, 0x000f, 0x0000, 0x0000, 0x0000, 0x0000, 0x0000, 0x0000, 0x0000, 0x0000, 0x0000, 0x0000, 0x0000, 
  0x0000, 0x0000, 0x0000, 0x0000, 0x0000, 0x03e0, 0x0000, 0x0000, 0x5144, 0x45c9, 0x0b16, 0x487a, 0xe2e0, 0xffed, 0x07ff, 0x701f, 
  0xfb60, 0xffed, 0x07ff, 0x681f, 0xfb40, 0xffed, 0x07ff, 0x681f, 0xfb40, 0xffed, 0x07ff, 0x681f, 0xfb40, 0xffed, 0x07df, 0x681f, 
  0xdae0, 0x4800, 0x001f, 0x7800, 0x0000, 0x0000, 0x0000, 0x0000, 0xfb40, 0xe7ed, 0x07ff, 0x681f, 0xfb40, 0xffed, 0x07ff, 0x681f, 
  0xf340, 0xfe6b, 0x0940, 0x0000, 0xfbe0, 0x0000, 0x0000, 0x0000, 0x0000, 0x0000, 0x0000, 0x0000, 0x0000, 0x0000, 0x0000, 0x0000, 
  0x0000, 0x0000, 0x0000, 0x0000, 0x0000, 0x0000, 0x0000, 0x0000, 0x0000, 0x0000, 0x0000, 0x0000, 0x0000, 0x0000, 0x0000, 0x0000, 
  0x0000, 0x0000, 0x0000, 0x0000, 0x0000, 0x0000, 0x0000, 0x0000, 0x0000, 0x0000, 0x0000, 0x0000, 0x0000, 0x0000, 0x001f, 0x7800, 
  0x0000, 0x0569, 0x141f, 0x681f, 0xfb40, 0xffed, 0x07ff, 0x681f, 0xfb40, 0xffed, 0x07ff, 0x681f, 0xfb40, 0xffed, 0x07ff, 0x681f, 
  0xfb40, 0xffed, 0x07ff, 0x681f, 0xfb40, 0xffed, 0x07ff, 0x681f, 0xfb40, 0xffed, 0x07ff, 0x681f, 0xfb40, 0xffed, 0x07ff, 0x681f, 
  0xfb40, 0xffed, 0x07ff, 0x681f, 0xfb40, 0xffed, 0x07ff, 0x681f, 0xfb40, 0xffed, 0x07f8, 0x505a, 0x0006, 0x1000, 0x001f, 0x0000, 
  0x0000, 0x0000, 0x0000, 0x0000, 0x0000, 0x0000, 0x0000, 0x0000, 0x0000, 0x0000, 0x0000, 0x0000, 0x0000, 0x0000, 0x0000, 0x0000, 
  0x0000, 0x0000, 0x0000, 0x0000, 0xfbe0, 0x0000, 0x0012, 0x40b0, 0xfb40, 0xffed, 0x07ff, 0x681f, 0xfb40, 0xffed, 0x07ff, 0x681f, 
  0xf340, 0xfca7, 0x1b40, 0x0000, 0x9980, 0x0000, 0x0000, 0x0000, 0x0000, 0x0000, 0x0000, 0x0000, 0x0000, 0x0000, 0x0000, 0x0000, 
  0xfb40, 0xffed, 0x07ff, 0x681f, 0xfb40, 0xffed, 0x07fc, 0x583a, 0xa1c1, 0x1000, 0x000f, 0x3800, 0x0000, 0x0000, 0x0000, 0x0000, 
  0x0000, 0x0000, 0x0000, 0x0000, 0x0000, 0x0000, 0x0000, 0x0000, 0x0000, 0x0000, 0x0000, 0x0000, 0x0000, 0x07e0, 0x000f, 0x0000, 
  0x0000, 0x054a, 0x0000, 0x0000, 0x0000, 0x05a9, 0x0020, 0x0000, 0xb261, 0x7fed, 0x07ff, 0x681f, 0xfb40, 0xffed, 0x07ff, 0x681f, 
  0xfb40, 0xffed, 0x07f2, 0x3893, 0x0000, 0x07ef, 0x0000, 0x0000, 0x0000, 0x0000, 0x0000, 0x0000, 0x0000, 0x0000, 0x0000, 0x0000, 
  0x0000, 0x0000, 0x0000, 0x0000, 0x0000, 0x0000, 0x0000, 0x0000, 0x0000, 0x0000, 0x0000, 0x0000, 0x0000, 0x0000, 0x0000, 0x0000, 
  0x0000, 0x0000, 0x0000, 0x0000, 0x0000, 0x0000, 0x0000, 0x0000, 0x0000, 0x0000, 0x0000, 0x0000, 0x0000, 0x0000, 0x0004, 0x1143, 
  0xba81, 0xdfee, 0x07ff, 0x681f, 0xfb40, 0xffed, 0x07ff, 0x681f, 0xfb40, 0xffed, 0x07ff, 0x681f, 0xfb60, 0xff8c, 0x0ff9, 0x5051, 
  0x0000, 0x03e7, 0x0020, 0x0000, 0xb9e0, 0x03e7, 0x002f, 0x7800, 0x0000, 0x0000, 0x0000, 0x0000, 0x0000, 0x0000, 0x0000, 0x0000, 
  0x0000, 0x0000, 0x0000, 0x0000, 0x0000, 0x03e7, 0x0037, 0x3800, 0x7800, 0x0000, 0x0002, 0x01c1, 0x70e3, 0x0ca7, 0x147b, 0x5836, 
  0xf320, 0xf7ed, 0x07ff, 0x681f, 0xfb40, 0xffed, 0x07ff, 0x681f, 0xfb40, 0xffed, 0x07ff, 0x681f, 0xfb40, 0xffed, 0x07df, 0x681f, 
  0xdae0, 0x4800, 0x001f, 0x7800, 0x0000, 0x0000, 0x0000, 0x0000, 0xfb40, 0xe7ed, 0x07ff, 0x681f, 0xfb40, 0xffed, 0x07ff, 0x681f, 
  0xf340, 0xfe6b, 0x0940, 0x0000, 0xfbe0, 0x0000, 0x0000, 0x0000, 0x0000, 0x0000, 0x0000, 0x0000, 0x0000, 0x0000, 0x0000, 0x0000, 
  0x0000, 0x0000, 0x0000, 0x0000, 0x0000, 0x0000, 0x0000, 0x0000, 0x0000, 0x0000, 0x0000, 0x0000, 0x0000, 0x0000, 0x0000, 0x0000, 
  0x0000, 0x0000, 0x0000, 0x0000, 0x0000, 0x0000, 0x0000, 0x0000, 0x0000, 0x0000, 0x0000, 0x0000, 0x0000, 0x0000, 0x000f, 0x7800, 
  0x0000, 0x0325, 0x213b, 0x583d, 0xfb60, 0xffed, 0x07ff, 0x681f, 0xfb40, 0xffed, 0x07ff, 0x681f, 0xfb40, 0xffed, 0x07ff, 0x681f, 
  0xfb40, 0xffed, 0x07ff, 0x681f, 0xfb40, 0xffed, 0x07ff, 0x681f, 0xfb40, 0xffed, 0x07ff, 0x681f, 0xfb40, 0xffed, 0x07ff, 0x681f, 
  0xfb40, 0xffed, 0x07ff, 0x681f, 0xfb40, 0xffed, 0x07ff, 0x681f, 0xfb40, 0xffed, 0x07fc, 0x605f, 0x9203, 0x2800, 0x001f, 0x7800, 
  0x0000, 0x0000, 0x0000, 0x0000, 0x0000, 0x0000, 0x0000, 0x0000, 0x0000, 0x0000, 0x0000, 0x0000, 0x0000, 0x0000, 0x0000, 0x0000, 
  0x0000, 0x0000, 0x0000, 0x0000, 0x79e0, 0x0000, 0x0012, 0x40c9, 0xeb20, 0xffed, 0x07df, 0x681f, 0xfb40, 0xffed, 0x07ff, 0x681f, 
  0xfb80, 0xffac, 0x0320, 0x0000, 0xfb20, 0x0000, 0x0000, 0x0000, 0x0000, 0x0000, 0x0000, 0x0000, 0x0000, 0x0000, 0x0000, 0x0000, 
  0xfb40, 0xffed, 0x07ff, 0x681f, 0xfb60, 0xfecb, 0x0ed0, 0x3883, 0x0000, 0x0545, 0x2820, 0x0000, 0x0000, 0x0000, 0x0000, 0x0000, 
  0x0000, 0x0000, 0x0000, 0x0000, 0x0000, 0x0000, 0x0000, 0x0000, 0x0000, 0x0000, 0x0000, 0x0000, 0x0000, 0x0000, 0x0003, 0x01c1, 
  0x5145, 0x1000, 0x6020, 0x0000, 0x7800, 0x0000, 0x000e, 0x30c3, 0xeb00, 0xdfed, 0x07ff, 0x681f, 0xfb40, 0xffed, 0x07ff, 0x681f, 
  0xfb40, 0xff8c, 0x07f7, 0x50a5, 0x0000, 0x07ef, 0x0000, 0x0000, 0x0000, 0x0000, 0x0000, 0x0000, 0x0000, 0x0000, 0x0000, 0x0000, 
  0x0000, 0x0000, 0x0000, 0x0000, 0x0000, 0x0000, 0x0000, 0x0000, 0x0000, 0x0000, 0x0000, 0x0000, 0x0000, 0x0000, 0x0000, 0x0000, 
  0x0000, 0x0000, 0x0000, 0x0000, 0x0000, 0x0000, 0x0000, 0x0000, 0x0000, 0x0000, 0x0000, 0x0000, 0xbbe0, 0x0000, 0x0018, 0x508f, 
  0xfb60, 0xffed, 0x07df, 0x681f, 0xfb40, 0xffed, 0x07ff, 0x681f, 0xfb40, 0xffed, 0x07ff, 0x681f, 0xdae1, 0xd407, 0x1a45, 0x1161, 
  0x0000, 0x07ef, 0x002f, 0x3800, 0x0000, 0x0000, 0x0000, 0x0000, 0x0000, 0x0000, 0x0000, 0x0000, 0x0000, 0x0000, 0x0000, 0x0000, 
  0x0000, 0x0000, 0x0000, 0x0000, 0x0000, 0x0000, 0x0000, 0x0000, 0x52a0, 0x0666, 0x003f, 0x0000, 0x0000, 0x0000, 0x0000, 0x0000, 
  0x9a02, 0x3508, 0x1599, 0x505f, 0xfb60, 0xf7ee, 0x07ff, 0x681f, 0xfb40, 0xffed, 0x07ff, 0x681f, 0xfb40, 0xffed, 0x07df, 0x681f, 
  0xdae0, 0x4800, 0x001f, 0x3800, 0x0000, 0x0000, 0x0000, 0x0000, 0xfb40, 0xe7ed, 0x07ff, 0x681f, 0xfb40, 0xffed, 0x07ff, 0x681f, 
  0xf340, 0xfe6b, 0x0940, 0x0000, 0xfbe0, 0x0000, 0x0000, 0x0000, 0x0000, 0x0000, 0x0000, 0x0000, 0x0000, 0x0000, 0x0000, 0x0000, 
  0x0000, 0x0000, 0x0000, 0x0000, 0x0000, 0x0000, 0x0000, 0x0000, 0x0000, 0x0000, 0x0000, 0x0000, 0x0000, 0x0000, 0x0000, 0x0000, 
  0x0000, 0x0000, 0x0000, 0x0000, 0x0000, 0x0000, 0x0000, 0x0000, 0x0000, 0x0000, 0x0000, 0x0000, 0x0000, 0x0000, 0x0000, 0x0000, 
  0xcb20, 0x0000, 0x001b, 0x5854, 0xfb80, 0xffed, 0x07df, 0x681f, 0xfb40, 0xffed, 0x07ff, 0x681f, 0xfb40, 0xffed, 0x07ff, 0x681f, 
  0xfb40, 0xffed, 0x07ff, 0x681f, 0xfb40, 0xffed, 0x07ff, 0x681f, 0xfb40, 0xffed, 0x07ff, 0x681f, 0xfb40, 0xffed, 0x07ff, 0x681f, 
  0xfb40, 0xffed, 0x07ff, 0x681f, 0xfb40, 0xffed, 0x07ff, 0x681f, 0xfb40, 0xffed, 0x07ff, 0x681f, 0xba61, 0x3000, 0x001f, 0x7800, 
  0x0000, 0x0000, 0x0000, 0x0000, 0x0000, 0x0000, 0x0000, 0x0000, 0x0000, 0x0000, 0x0000, 0x0000, 0x0000, 0x0000, 0x0000, 0x0000, 
  0x0000, 0x0000, 0x0000, 0x0000, 0x52a0, 0x0000, 0x0008, 0x2148, 0xcac1, 0xffed, 0x07ff, 0x681f, 0xfb40, 0xffed, 0x07ff, 0x681f, 
  0xfb60, 0xfe2a, 0x0e67, 0x2102, 0xdbe0, 0x0d2b, 0x0893, 0x4862, 0x99e1, 0x1467, 0x088f, 0x2862, 0x6963, 0x1263, 0x1885, 0x0962, 
  0xfb40, 0xffed, 0x07ff, 0x681f, 0xdb01, 0xfba6, 0x2160, 0x0000, 0xaaa0, 0x0000, 0x0000, 0x0000, 0x0000, 0x0000, 0x0000, 0x0000, 
  0x0000, 0x0000, 0x0000, 0x0000, 0x0000, 0x0000, 0x0000, 0x0000, 0x0000, 0x0000, 0x0013, 0x3000, 0x0000, 0x0000, 0x1854, 0x4097, 
  0xdae1, 0xfc06, 0x1c80, 0x0000, 0x0000, 0x0629, 0x013b, 0x583c, 0xfb60, 0xffed, 0x07ff, 0x681f, 0xfb40, 0xffed, 0x07ff, 0x681f, 
  0xfb60, 0xfe8b, 0x0ec4, 0x1162, 0x0000, 0x07e0, 0x0000, 0x0000, 0x0000, 0x0000, 0x0000, 0x0000, 0x0000, 0x0000, 0x0000, 0x0000, 
  0x0000, 0x0000, 0x0000, 0x0000, 0x0000, 0x0000, 0x0000, 0x0000, 0x0000, 0x0000, 0x0000, 0x0000, 0x0000, 0x0000, 0x0000, 0x0000, 
  0x0000, 0x0000, 0x0000, 0x0000, 0x0000, 0x0000, 0x0000, 0x0000, 0x0000, 0x0000, 0x0015, 0x5000, 0x0000, 0x05a8, 0x0ade, 0x601f, 
  0xfb40, 0xffed, 0x07ff, 0x681f, 0xfb40, 0xffed, 0x07ff, 0x681f, 0xfb40, 0xffed, 0x07f6, 0x489a, 0x38c4, 0x1000, 0x0017, 0x3800, 
  0x0000, 0x0000, 0x0000, 0x0000, 0x0000, 0x0000, 0x0000, 0x0000, 0x0000, 0x0000, 0x0000, 0x0000, 0x0000, 0x0000, 0x0000, 0x0000, 
  0x0000, 0x0000, 0x0000, 0x0000, 0x0000, 0x0000, 0x0000, 0x0000, 0x0000, 0x0000, 0x0000, 0x0000, 0x0000, 0x054a, 0x001f, 0x7800, 
  0x0000, 0x0186, 0x6020, 0x0000, 0x9202, 0x66eb, 0x065f, 0x681f, 0xfb40, 0xffed, 0x07ff, 0x681f, 0xfb40, 0xffed, 0x07df, 0x681f, 
  0xdac0, 0x4800, 0x0017, 0x3800, 0x0000, 0x0000, 0x0000, 0x0000, 0xfb40, 0xe7ed, 0x07ff, 0x681f, 0xfb40, 0xffed, 0x07ff, 0x681f, 
  0xf340, 0xfe6b, 0x0940, 0x0000, 0xfbe0, 0x0000, 0x0000, 0x0000, 0x0000, 0x0000, 0x0000, 0x0000, 0x0000, 0x0000, 0x0000, 0x0000, 
  0x0000, 0x0000, 0x0000, 0x0000, 0x0000, 0x0000, 0x0000, 0x0000, 0x0000, 0x0000, 0x0000, 0x0000, 0x0000, 0x0000, 0x0000, 0x0000, 
  0x0000, 0x0000, 0x0000, 0x0000, 0x0000, 0x0000, 0x0000, 0x0000, 0x0000, 0x0000, 0x0000, 0x0000, 0x0000, 0x0000, 0x0000, 0x0000, 
  0x52a0, 0x0000, 0x000f, 0x30cd, 0xfb40, 0xffed, 0x07ff, 0x681f, 0xfb40, 0xffed, 0x07ff, 0x681f, 0xfb40, 0xffed, 0x07ff, 0x681f, 
  0xfb40, 0xffed, 0x07ff, 0x681f, 0xfb40, 0xffed, 0x07ff, 0x681f, 0xfb40, 0xffed, 0x07ff, 0x681f, 0xfb40, 0xffed, 0x07ff, 0x681f, 
  0xfb40, 0xffed, 0x07ff, 0x681f, 0xfb40, 0xffed, 0x07ff, 0x681f, 0xfb40, 0xffec, 0x07ff, 0x701f, 0x9202, 0xc800, 0x001f, 0x7800, 
  0x0000, 0x0000, 0x0000, 0x0000, 0x0000, 0x0000, 0x0000, 0x0000, 0x0000, 0x0000, 0x0000, 0x0000, 0x0000, 0x0000, 0x0000, 0x0000, 
  0x0000, 0x0000, 0x0000, 0x0000, 0x0000, 0x07ef, 0x0020, 0x0000, 0xe300, 0xafed, 0x07ff, 0x681f, 0xfb40, 0xffed, 0x07ff, 0x681f, 
  0xfb40, 0xffed, 0x07fd, 0x603f, 0xe300, 0xff2c, 0x07dc, 0x603f, 0xe300, 0xff0b, 0x07db, 0x583f, 0xdac0, 0xfe8b, 0x0fd9, 0x505f, 
  0xfb40, 0xffed, 0x07df, 0x681f, 0x9202, 0x9000, 0x001f, 0x5000, 0x0000, 0x0000, 0x0000, 0x0000, 0x0000, 0x0000, 0x0000, 0x0000, 
  0x0000, 0x0000, 0x0000, 0x0000, 0x0000, 0x0000, 0x0000, 0x0000, 0x0000, 0x066c, 0x0020, 0x0000, 0x48c3, 0x0e2a, 0x0dff, 0x681f, 
  0xfb40, 0xffac, 0x07fc, 0x5818, 0xeae0, 0xbfed, 0x06ff, 0x681f, 0xfb40, 0xffed, 0x07ff, 0x681f, 0xfb40, 0xffed, 0x07ff, 0x681f, 
  0xfb60, 0xfe6a, 0x0c40, 0x0000, 0xb240, 0x0000, 0x0000, 0x0000, 0x0000, 0x0000, 0x0000, 0x0000, 0x0000, 0x0000, 0x0000, 0x0000, 
  0x0000, 0x0000, 0x0000, 0x0000, 0x0000, 0x0000, 0x0000, 0x0000, 0x0000, 0x0000, 0x0000, 0x0000, 0x0000, 0x0000, 0x0000, 0x0000, 
  0x0000, 0x0000, 0x0000, 0x0000, 0x0000, 0x0000, 0x0000, 0x0000, 0x0000, 0x054a, 0x0000, 0x0000, 0x6163, 0x46eb, 0x0fff, 0x681f, 
  0xfb40, 0xffed, 0x07ff, 0x681f, 0xfb40, 0xffed, 0x07ff, 0x681f, 0xfb60, 0xfd89, 0x0ea4, 0x1123, 0x0000, 0x04c6, 0x0020, 0x0000, 
  0x0000, 0x0000, 0x0000, 0x0000, 0x0000, 0x0000, 0x0000, 0x0000, 0x0000, 0x0000, 0x0000, 0x0000, 0x0000, 0x0000, 0x0000, 0x0000, 
  0x0000, 0x0000, 0x0000, 0x0000, 0x0000, 0x0000, 0x0000, 0x0000, 0x0000, 0x0000, 0x0000, 0x0000, 0x0000, 0x0000, 0x0000, 0x0000, 
  0x79e0, 0x07ef, 0x0017, 0x3800, 0x0000, 0x0345, 0x1afd, 0x603f, 0xfb60, 0xffed, 0x07ff, 0x681f, 0xfb40, 0xffed, 0x07df, 0x681f, 
  0xdac0, 0x4800, 0x0017, 0x3800, 0x0000, 0x0000, 0x0000, 0x0000, 0xfb40, 0xe7ed, 0x07ff, 0x681f, 0xfb40, 0xffed, 0x07ff, 0x681f, 
  0xf340, 0xfe6b, 0x0940, 0x0000, 0xfbe0, 0x0000, 0x0000, 0x0000, 0x0000, 0x0000, 0x0000, 0x0000, 0x0000, 0x0000, 0x0000, 0x0000, 
  0x0000, 0x0000, 0x0000, 0x0000, 0x0000, 0x0000, 0x0000, 0x0000, 0x0000, 0x0000, 0x0000, 0x0000, 0x0000, 0x0000, 0x0000, 0x0000, 
  0x0000, 0x0000, 0x0000, 0x0000, 0x0000, 0x0000, 0x0000, 0x0000, 0x0000, 0x0000, 0x0000, 0x0000, 0x0000, 0x0000, 0x0000, 0x0000, 
  0x0000, 0x0000, 0x0000, 0x0140, 0xcaa1, 0xdfed, 0x07ff, 0x681f, 0xfb40, 0xffed, 0x07ff, 0x681f, 0xfb40, 0xffed, 0x07ff, 0x681f, 
  0xfb40, 0xffed, 0x07ff, 0x681f, 0xfb40, 0xffed, 0x07ff, 0x681f, 0xfb40, 0xffed, 0x07ff, 0x681f, 0xfb40, 0xffed, 0x07ff, 0x681f, 
  0xfb40, 0xffed, 0x07ff, 0x681f, 0xfb40, 0xffed, 0x07ff, 0x681f, 0xfb40, 0xffed, 0x07ff, 0x681f, 0xdac0, 0xd000, 0x001f, 0x7800, 
  0x0000, 0x0000, 0x0000, 0x0000, 0x0000, 0x0000, 0x0000, 0x0000, 0x0000, 0x0000, 0x0000, 0x0000, 0x0000, 0x0000, 0x0000, 0x0000, 
  0x0000, 0x0000, 0x0000, 0x0000, 0x0000, 0x04c6, 0x0020, 0x0000, 0xba61, 0xa7ed, 0x07ff, 0x681f, 0xfb40, 0xffed, 0x07ff, 0x681f, 
  0xfb40, 0xffed, 0x07ff, 0x681f, 0xfb40, 0xffed, 0x07ff, 0x681f, 0xfb40, 0xffed, 0x07ff, 0x681f, 0xfb40, 0xffed, 0x07ff, 0x681f, 
  0xfb40, 0xffed, 0x07fa, 0x5852, 0x0000, 0x07ef, 0x0000, 0x0000, 0x0000, 0x0000, 0x0000, 0x0000, 0x0000, 0x0000, 0x0000, 0x0000, 
  0x0000, 0x0000, 0x0000, 0x0000, 0x0000, 0x0000, 0x0000, 0x0000, 0xf800, 0x0000, 0x000d, 0x28ea, 0xdae0, 0xc7ee, 0x07ff, 0x681f, 
  0xfb40, 0xffed, 0x07ff, 0x681f, 0xfb80, 0xffed, 0x07ff, 0x681f, 0xfb40, 0xffed, 0x07ff, 0x681f, 0xfb40, 0xffed, 0x07ff, 0x681f, 
  0xfb60, 0xfe2a, 0x0e40, 0x1221, 0x0000, 0x03ef, 0x0000, 0x0000, 0x0000, 0x0000, 0x0000, 0x0000, 0x0000, 0x0000, 0x0000, 0x0000, 
  0x0000, 0x0000, 0x0000, 0x0000, 0x0000, 0x0000, 0x0000, 0x0000, 0x0000, 0x0000, 0x0000, 0x0000, 0x0000, 0x0000, 0x0000, 0x0000, 
  0x0000, 0x0000, 0x0000, 0x0000, 0x0000, 0x0000, 0x0000, 0x0000, 0x0000, 0x07ef, 0x0000, 0x0000, 0xcaa1, 0xa7ee, 0x07ff, 0x681f, 
  0xfb40, 0xffed, 0x07ff, 0x681f, 0xfb40, 0xffed, 0x07df, 0x681f, 0xa242, 0xd8c1, 0x30a0, 0x0000, 0x52a0, 0x0000, 0x0000, 0x0000, 
  0x0000, 0x0000, 0x0000, 0x0000, 0x0000, 0x0000, 0x0000, 0x0000, 0x0000, 0x0000, 0x0000, 0x0000, 0x0000, 0x0000, 0x0000, 0x0000, 
  0x0000, 0x0000, 0x0000, 0x0000, 0x0000, 0x0000, 0x0000, 0x0000, 0x0000, 0x0000, 0x0000, 0x0000, 0x0000, 0x0000, 0x0000, 0x0000, 
  0x0000, 0x0000, 0x000f, 0x3800, 0x0000, 0x0345, 0x1b1c, 0x605f, 0xfb60, 0xffed, 0x07ff, 0x681f, 0xfb40, 0xffed, 0x07df, 0x681f, 
  0xdac0, 0x4800, 0x0017, 0x3800, 0x0000, 0x0000, 0x0000, 0x0000, 0xfb40, 0xe7ed, 0x07ff, 0x681f, 0xfb40, 0xffed, 0x07ff, 0x681f, 
  0xf340, 0xfe6b, 0x0940, 0x0000, 0xfbe0, 0x0000, 0x0000, 0x0000, 0x0000, 0x0000, 0x0000, 0x0000, 0x0000, 0x0000, 0x0000, 0x0000, 
  0x0000, 0x0000, 0x0000, 0x0000, 0x0000, 0x0000, 0x0000, 0x0000, 0x0000, 0x0000, 0x0000, 0x0000, 0x0000, 0x0000, 0x0000, 0x0000, 
  0x0000, 0x0000, 0x0000, 0x0000, 0x0000, 0x0000, 0x0000, 0x0000, 0x0000, 0x0000, 0x0000, 0x0000, 0x0000, 0x0000, 0x0000, 0x0000, 
  0x0000, 0x07ef, 0x0020, 0x0000, 0xe301, 0x57ee, 0x07ff, 0x681f, 0xfb40, 0xffed, 0x07ff, 0x681f, 0xfb40, 0xffed, 0x07ff, 0x681f, 
  0xfb40, 0xffed, 0x07ff, 0x681f, 0xfb40, 0xffed, 0x07ff, 0x681f, 0xfb40, 0xffed, 0x07ff, 0x681f, 0xfb40, 0xffed, 0x07ff, 0x681f, 
  0xfb40, 0xffed, 0x07ff, 0x681f, 0xfb40, 0xffed, 0x07ff, 0x681f, 0xfb40, 0xffed, 0x07ff, 0x681f, 0xfb40, 0xd000, 0x001f, 0x7800, 
  0x0000, 0x0000, 0x0000, 0x0000, 0x0000, 0x0000, 0x0000, 0x0000, 0x0000, 0x0000, 0x0000, 0x0000, 0x0000, 0x0000, 0x0000, 0x0000, 
  0x0000, 0x0000, 0x0000, 0x0000, 0x0000, 0x04c6, 0x0020, 0x0000, 0x81c3, 0xafed, 0x07ff, 0x681f, 0xfb40, 0xffed, 0x07ff, 0x681f, 
  0xfb40, 0xffed, 0x07ff, 0x681f, 0xfb40, 0xffed, 0x07ff, 0x681f, 0xfb40, 0xffed, 0x07ff, 0x681f, 0xfb40, 0xffed, 0x07ff, 0x681f, 
  0xfb60, 0xfe8b, 0x07cd, 0x30c5, 0x0000, 0x03e7, 0x0020, 0x0000, 0x0000, 0x0000, 0x0000, 0x0000, 0x0000, 0x0000, 0x0000, 0x0000, 
  0x0000, 0x0000, 0x0000, 0x0000, 0x0000, 0x0000, 0x000f, 0x7800, 0x0000, 0x04e8, 0x139b, 0x585f, 0xfb60, 0xffed, 0x07ff, 0x681f, 
  0xfb40, 0xffed, 0x07ff, 0x681f, 0xfb40, 0xffed, 0x07ff, 0x681f, 0xfb40, 0xffed, 0x07ff, 0x681f, 0xfb40, 0xffed, 0x07ff, 0x681f, 
  0xfb40, 0xffed, 0x07f7, 0x5098, 0x0006, 0x0800, 0x0000, 0x0000, 0x0000, 0x0000, 0x0000, 0x0000, 0x0000, 0x0000, 0x0000, 0x0000, 
  0x0000, 0x0000, 0x0000, 0x0000, 0x0000, 0x0000, 0x0000, 0x0000, 0x0000, 0x0000, 0x0000, 0x0000, 0x0000, 0x0000, 0x0000, 0x0000, 
  0x0000, 0x0000, 0x0000, 0x0000, 0x0000, 0x0000, 0x0000, 0x0000, 0x79e0, 0x0000, 0x000e, 0x30f2, 0xf320, 0xffed, 0x07df, 0x681f, 
  0xfb40, 0xffed, 0x07ff, 0x681f, 0xfb20, 0xffed, 0x07f9, 0x585b, 0x1885, 0x1800, 0x0015, 0x5000, 0x0000, 0x0000, 0x0000, 0x0000, 
  0x0000, 0x0000, 0x0000, 0x0000, 0x0000, 0x0000, 0x0000, 0x0000, 0x0000, 0x0000, 0x0000, 0x0000, 0x0000, 0x0000, 0x0000, 0x0000, 
  0x0000, 0x0000, 0x0000, 0x0000, 0x0000, 0x0000, 0x0000, 0x0000, 0x0000, 0x0000, 0x0000, 0x0000, 0x0000, 0x0000, 0x0000, 0x0000, 
  0x0000, 0x0000, 0x000c, 0x3000, 0x0000, 0x0345, 0x1afd, 0x605f, 0xfb60, 0xffed, 0x07ff, 0x681f, 0xfb40, 0xffed, 0x07df, 0x681f, 
  0xdac0, 0x4800, 0x0017, 0x3800, 0x0000, 0x0000, 0x0000, 0x0000, 0xfb40, 0xe7ed, 0x07ff, 0x681f, 0xfb40, 0xffed, 0x07ff, 0x681f, 
  0xf340, 0xfe6b, 0x0940, 0x0000, 0xfbe0, 0x0000, 0x0000, 0x0000, 0x0000, 0x0000, 0x0000, 0x0000, 0x0000, 0x0000, 0x0000, 0x0000, 
  0x0000, 0x0000, 0x0000, 0x0000, 0x0000, 0x0000, 0x0000, 0x0000, 0x0000, 0x0000, 0x0000, 0x0000, 0x0000, 0x0000, 0x0000, 0x0000, 
  0x0000, 0x0000, 0x0000, 0x0000, 0x0000, 0x0000, 0x0000, 0x0000, 0x0000, 0x0000, 0x0000, 0x0000, 0x0000, 0x0000, 0x0000, 0x0000, 
  0x0000, 0x054a, 0x0000, 0x0000, 0x89c2, 0x472c, 0x07ff, 0x681f, 0xfb40, 0xffed, 0x07ff, 0x681f, 0xfb40, 0xffed, 0x07ff, 0x681f, 
  0xfb40, 0xffed, 0x07ff, 0x681f, 0xfb40, 0xffed, 0x07ff, 0x681f, 0xfb40, 0xffed, 0x07ff, 0x681f, 0xfb40, 0xffed, 0x07ff, 0x681f, 
  0xfb40, 0xffed, 0x07ff, 0x681f, 0xfb40, 0xffed, 0x07ff, 0x681f, 0xfb40, 0xffed, 0x07ff, 0x681f, 0xeb20, 0xfba6, 0x1ae0, 0x0000, 
  0x79e0, 0x0000, 0x0000, 0x0000, 0x0000, 0x0000, 0x0000, 0x0000, 0x0000, 0x0000, 0x0000, 0x0000, 0x0000, 0x0000, 0x0000, 0x0000, 
  0x0000, 0x0000, 0x0000, 0x0000, 0x0000, 0x07e0, 0x0000, 0x0000, 0x81a2, 0x278c, 0x07df, 0x681f, 0xfb40, 0xffed, 0x07ff, 0x681f, 
  0xfb40, 0xffed, 0x07ff, 0x681f, 0xfb40, 0xffed, 0x07ff, 0x681f, 0xfb40, 0xffed, 0x07ff, 0x681f, 0xfb40, 0xffed, 0x07ff, 0x681f, 
  0xfb60, 0xfd49, 0x14c0, 0x0000, 0xcb20, 0x0000, 0x0000, 0x0000, 0x0000, 0x0000, 0x0000, 0x0000, 0x0000, 0x0000, 0x0000, 0x0000, 
  0x0000, 0x0000, 0x0000, 0x0000, 0x0000, 0x07e0, 0x0000, 0x0000, 0x99a2, 0x170c, 0x0fff, 0x701f, 0xfb20, 0xffed, 0x07ff, 0x681f, 
  0xfb40, 0xffed, 0x07ff, 0x681f, 0xfb40, 0xffed, 0x07ff, 0x681f, 0xfb40, 0xffed, 0x07ff, 0x681f, 0xfb40, 0xffed, 0x07ff, 0x681f, 
  0xfb40, 0xffed, 0x07df, 0x701f, 0xa222, 0xc000, 0x3840, 0x0000, 0x0000, 0x0000, 0x0000, 0x0000, 0x0000, 0x0000, 0x0000, 0x0000, 
  0x0000, 0x0000, 0x0000, 0x0000, 0x0000, 0x0000, 0x0000, 0x0000, 0x0000, 0x0000, 0x0000, 0x0000, 0x0000, 0x0000, 0x0000, 0x0000, 
  0x0000, 0x0000, 0x0000, 0x0000, 0x0000, 0x0000, 0x000f, 0x0000, 0x0000, 0x0041, 0x30f8, 0x507c, 0xfb60, 0xffed, 0x07ff, 0x681f, 
  0xfb40, 0xffed, 0x07ff, 0x681f, 0xfb60, 0xffad, 0x06f6, 0x4043, 0x0000, 0x054a, 0x0000, 0x0000, 0x0000, 0x0000, 0x0000, 0x0000, 
  0x0000, 0x0000, 0x0000, 0x0000, 0x0000, 0x0000, 0x0000, 0x0000, 0x0000, 0x0000, 0x0000, 0x0000, 0x0000, 0x0000, 0x0000, 0x0000, 
  0x0000, 0x0000, 0x0000, 0x0000, 0x0000, 0x0000, 0x0000, 0x0000, 0x0000, 0x0000, 0x0000, 0x0000, 0x0000, 0x0000, 0x0000, 0x0000, 
  0x0000, 0x0000, 0x000c, 0x3000, 0x0000, 0x0325, 0x1afd, 0x605f, 0xfb60, 0xffed, 0x07ff, 0x681f, 0xfb40, 0xffed, 0x07df, 0x681f, 
  0xdac0, 0x4800, 0x0017, 0x3800, 0x0000, 0x0000, 0x0000, 0x0000, 0xfb40, 0xe7ed, 0x07ff, 0x681f, 0xfb40, 0xffed, 0x07ff, 0x681f, 
  0xf340, 0xfe6b, 0x0940, 0x0000, 0xfbe0, 0x0000, 0x0000, 0x0000, 0x0000, 0x0000, 0x0000, 0x0000, 0x0000, 0x0000, 0x0000, 0x0000, 
  0x0000, 0x0000, 0x0000, 0x0000, 0x0000, 0x0000, 0x0000, 0x0000, 0x0000, 0x0000, 0x0000, 0x0000, 0x0000, 0x0000, 0x0000, 0x0000, 
  0x0000, 0x0000, 0x0000, 0x0000, 0x0000, 0x0000, 0x0000, 0x0000, 0x0000, 0x0000, 0x0000, 0x0000, 0x0000, 0x0000, 0x0000, 0x0000, 
  0x0000, 0x0000, 0x001f, 0x7800, 0x0000, 0x076c, 0x05bf, 0x701f, 0xfb40, 0xffed, 0x07ff, 0x681f, 0xfb40, 0xffed, 0x07ff, 0x681f, 
  0xfb40, 0xffed, 0x07ff, 0x681f, 0xfb40, 0xffed, 0x07ff, 0x681f, 0xfb40, 0xffed, 0x07ff, 0x681f, 0xfb40, 0xffed, 0x07ff, 0x681f, 
  0xfb40, 0xffed, 0x07ff, 0x681f, 0xfb40, 0xffed, 0x07ff, 0x681f, 0xfb40, 0xffed, 0x07ff, 0x681f, 0xfb60, 0xfe29, 0x0ba0, 0x0000, 
  0xcb20, 0x0000, 0x0000, 0x0000, 0x0000, 0x0000, 0x0000, 0x0000, 0x0000, 0x0000, 0x0000, 0x0000, 0x0000, 0x0000, 0x0000, 0x0000, 
  0x0000, 0x0000, 0x0000, 0x0000, 0x0000, 0x07e0, 0x0000, 0x0000, 0x91e2, 0x0f0b, 0x079f, 0x681f, 0xfb40, 0xffed, 0x07ff, 0x681f, 
  0xfb40, 0xffed, 0x07ff, 0x681f, 0xfb40, 0xffed, 0x07ff, 0x681f, 0xfb40, 0xffed, 0x07ff, 0x681f, 0xfb40, 0xffed, 0x07ff, 0x681f, 
  0xe2e1, 0xf2c4, 0x20a0, 0x0000, 0x0000, 0x0000, 0x0000, 0x0000, 0x0000, 0x0000, 0x0000, 0x0000, 0x0000, 0x0000, 0x0000, 0x0000, 
  0x0000, 0x0000, 0x0000, 0x0000, 0x0000, 0x0000, 0x0015, 0x5000, 0x0000, 0x064a, 0x0ade, 0x603f, 0xfb60, 0xffed, 0x07ff, 0x681f, 
  0xfb40, 0xffed, 0x07ff, 0x681f, 0xfb40, 0xffed, 0x07ff, 0x681f, 0xfb40, 0xffed, 0x07ff, 0x681f, 0xfb40, 0xffed, 0x07ff, 0x681f, 
  0xfb40, 0xffed, 0x07ff, 0x681f, 0xfb40, 0xfe4a, 0x0a20, 0x0000, 0xaaa0, 0x0000, 0x0000, 0x0000, 0x0000, 0x0000, 0x0000, 0x0000, 
  0x0000, 0x0000, 0x0000, 0x0000, 0x0000, 0x0000, 0x0000, 0x0000, 0x0000, 0x0000, 0x0000, 0x0000, 0x0000, 0x0000, 0x0000, 0x0000, 
  0x0000, 0x0000, 0x0000, 0x0000, 0x0000, 0x0000, 0x001f, 0x5000, 0x0000, 0x0528, 0x139f, 0x683f, 0xfb40, 0xffed, 0x07ff, 0x681f, 
  0xfb40, 0xffed, 0x07ff, 0x681f, 0xfb40, 0xfca8, 0x1440, 0x0000, 0xaaa0, 0x0000, 0x0000, 0x0000, 0x0000, 0x0000, 0x0000, 0x0000, 
  0x0000, 0x0000, 0x0000, 0x0000, 0x0000, 0x0000, 0x0000, 0x0000, 0x0000, 0x0000, 0x0000, 0x0000, 0x0000, 0x0000, 0x0000, 0x0000, 
  0x0000, 0x0000, 0x0000, 0x0000, 0x0000, 0x0000, 0x0000, 0x0000, 0x0000, 0x0000, 0x0000, 0x0000, 0x0000, 0x0000, 0x0000, 0x0000, 
  0x0000, 0x0000, 0x000c, 0x3000, 0x0000, 0x0325, 0x1afd, 0x605f, 0xfb60, 0xffed, 0x07ff, 0x681f, 0xfb40, 0xffed, 0x07df, 0x681f, 
  0xdac0, 0x4800, 0x0017, 0x3800, 0x0000, 0x0000, 0x0000, 0x0000, 0xfb40, 0xe7ed, 0x07ff, 0x681f, 0xfb40, 0xffed, 0x07ff, 0x681f, 
  0xf340, 0xfe6b, 0x0940, 0x0000, 0xfbe0, 0x0000, 0x0000, 0x0000, 0x0000, 0x0000, 0x0000, 0x0000, 0x0000, 0x0000, 0x0000, 0x0000, 
  0x0000, 0x0000, 0x0000, 0x0000, 0x0000, 0x0000, 0x0000, 0x0000, 0x0000, 0x0000, 0x0000, 0x0000, 0x0000, 0x0000, 0x0000, 0x0000, 
  0x0000, 0x0000, 0x0000, 0x0000, 0x0000, 0x0000, 0x0000, 0x0000, 0x0000, 0x0000, 0x0000, 0x0000, 0x0000, 0x0000, 0x0000, 0x0000, 
  0x0000, 0x0000, 0x0017, 0x3800, 0x0000, 0x05ea, 0x0dbf, 0x681f, 0xfb40, 0xffed, 0x07ff, 0x681f, 0xfb40, 0xffed, 0x07ff, 0x681f, 
  0xfb40, 0xffed, 0x07ff, 0x681f, 0xfb40, 0xffed, 0x07ff, 0x681f, 0xfb40, 0xffed, 0x07ff, 0x681f, 0xfb40, 0xffed, 0x07ff, 0x681f, 
  0xfb40, 0xffed, 0x07ff, 0x681f, 0xfb40, 0xffed, 0x07ff, 0x681f, 0xfb40, 0xffed, 0x07ff, 0x681f, 0xfb60, 0xfeeb, 0x0380, 0x0000, 
  0xcb20, 0x0000, 0x0000, 0x0000, 0x0000, 0x0000, 0x0000, 0x0000, 0x0000, 0x0000, 0x0000, 0x0000, 0x0000, 0x0000, 0x0000, 0x0000, 
  0x0000, 0x0000, 0x0000, 0x0000, 0x0000, 0x0000, 0x0000, 0x0000, 0x0006, 0x0dc9, 0x0fbf, 0x701f, 0xfb40, 0xffed, 0x07ff, 0x681f, 
  0xfb40, 0xffed, 0x07ff, 0x681f, 0xfb40, 0xffed, 0x07df, 0x681f, 0xfb40, 0xffed, 0x07df, 0x681f, 0xfb40, 0xffed, 0x07df, 0x681f, 
  0xc2a1, 0x8800, 0x001f, 0x7800, 0x0000, 0x0000, 0x0000, 0x0000, 0x0000, 0x0000, 0x0000, 0x0000, 0x0000, 0x0000, 0x0000, 0x0000, 
  0x0000, 0x0000, 0x0000, 0x0000, 0x0000, 0x0000, 0x0000, 0x0000, 0xfbe0, 0x0000, 0x0015, 0x486c, 0xdae0, 0xffee, 0x07df, 0x681f, 
  0xfb40, 0xffed, 0x07ff, 0x681f, 0xfb40, 0xffed, 0x07ff, 0x681f, 0xfb40, 0xffee, 0x07df, 0x681f, 0xfb40, 0xffed, 0x07ff, 0x681f, 
  0xfb40, 0xffed, 0x07ff, 0x681f, 0xfb60, 0xff2c, 0x07af, 0x30c7, 0x0000, 0x054a, 0x0000, 0x0000, 0x0000, 0x0000, 0x0000, 0x0000, 
  0x0000, 0x0000, 0x0000, 0x0000, 0x0000, 0x0000, 0x0000, 0x0000, 0x0000, 0x0000, 0x0000, 0x0000, 0x0000, 0x0000, 0x0000, 0x0000, 
  0x0000, 0x0000, 0x0000, 0x0000, 0x0000, 0x0000, 0x0000, 0x0000, 0x0003, 0x0f0b, 0x0f5f, 0x681f, 0xfb40, 0xffed, 0x07ff, 0x681f, 
  0xfb40, 0xffed, 0x07df, 0x701f, 0xd2a1, 0x9800, 0x001f, 0x5000, 0x0000, 0x0000, 0x0000, 0x0000, 0x0000, 0x0000, 0x0000, 0x0000, 
  0x0000, 0x0000, 0x0000, 0x0000, 0x0000, 0x0000, 0x0000, 0x0000, 0x0000, 0x0000, 0x0000, 0x0000, 0x0000, 0x0000, 0x0000, 0x0000, 
  0x0000, 0x0000, 0x0000, 0x0000, 0x0000, 0x0000, 0x0000, 0x0000, 0x0000, 0x0000, 0x0000, 0x0000, 0x0000, 0x0000, 0x0000, 0x0000, 
  0x0000, 0x0000, 0x000c, 0x3000, 0x0000, 0x0325, 0x1afd, 0x605f, 0xfb60, 0xffed, 0x07ff, 0x681f, 0xfb40, 0xffed, 0x07df, 0x681f, 
  0xdac0, 0x4800, 0x0017, 0x3800, 0x0000, 0x0000, 0x0000, 0x0000, 0xfb40, 0xe7ed, 0x07ff, 0x681f, 0xfb40, 0xffed, 0x07ff, 0x681f, 
  0xf340, 0xfe6b, 0x0940, 0x0000, 0xfbe0, 0x0000, 0x0000, 0x0000, 0x0000, 0x0000, 0x0000, 0x0000, 0x0000, 0x0000, 0x0000, 0x0000, 
  0x0000, 0x0000, 0x0000, 0x0000, 0x0000, 0x0000, 0x0000, 0x0000, 0x0000, 0x0000, 0x0000, 0x0000, 0x0000, 0x0000, 0x0000, 0x0000, 
  0x0000, 0x0000, 0x0000, 0x0000, 0x0000, 0x0000, 0x0000, 0x0000, 0x0000, 0x0000, 0x0000, 0x0000, 0x0000, 0x0000, 0x0000, 0x0000, 
  0x0000, 0x0000, 0x0017, 0x3800, 0x0000, 0x0427, 0x1d9f, 0x681f, 0xfb40, 0xffed, 0x07ff, 0x681f, 0xfb40, 0xffed, 0x07ff, 0x681f, 
  0xfb40, 0xffed, 0x07ff, 0x681f, 0xfb40, 0xffed, 0x07ff, 0x681f, 0xfb40, 0xffed, 0x07ff, 0x681f, 0xfb40, 0xffed, 0x07ff, 0x681f, 
  0xfb40, 0xffed, 0x07ff, 0x681f, 0xfb40, 0xffed, 0x07ff, 0x681f, 0xfb40, 0xffed, 0x07ff, 0x681f, 0xfb80, 0xff2c, 0x03c0, 0x0000, 
  0xfb20, 0x0000, 0x0000, 0x0000, 0x0000, 0x0000, 0x0000, 0x0000, 0x0000, 0x0000, 0x0000, 0x0000, 0x0000, 0x0000, 0x0000, 0x0000, 
  0x0000, 0x0000, 0x0000, 0x0000, 0x0000, 0x0000, 0x001f, 0xf800, 0x0000, 0x0549, 0x147f, 0x601f, 0xf320, 0xf7ec, 0x07bf, 0x681e, 
  0xfb40, 0xf7ed, 0x07bf, 0x681e, 0xfb40, 0xf7ed, 0x07ff, 0x681f, 0xfb60, 0xffed, 0x07ff, 0x681f, 0xfb60, 0xffee, 0x07ff, 0x701f, 
  0x79a2, 0x2800, 0x0015, 0x5000, 0x0000, 0x0000, 0x0000, 0x0000, 0x0000, 0x0000, 0x0000, 0x0000, 0x0000, 0x0000, 0x0000, 0x0000, 
  0x0000, 0x0000, 0x0000, 0x0000, 0x0000, 0x0000, 0x0000, 0x0000, 0x0000, 0x07ff, 0x0006, 0x0180, 0x0000, 0x06ab, 0x053e, 0x605f, 
  0xfb60, 0xffed, 0x07ff, 0x681f, 0xfb60, 0xffed, 0x07ff, 0x681f, 0xf320, 0xfd69, 0x17f8, 0x507f, 0xfb60, 0xffed, 0x07ff, 0x681f, 
  0xfb40, 0xffed, 0x07ff, 0x681f, 0xfb40, 0xffee, 0x07fb, 0x5852, 0x0000, 0x07ea, 0x0000, 0x0000, 0x0000, 0x0000, 0x0000, 0x0000, 
  0x0000, 0x0000, 0x0000, 0x0000, 0x0000, 0x0000, 0x0000, 0x0000, 0x0000, 0x0000, 0x0000, 0x0000, 0x0000, 0x0000, 0x0000, 0x0000, 
  0x0000, 0x0000, 0x0000, 0x0000, 0x0000, 0x0666, 0x0020, 0x0000, 0xb261, 0x8fed, 0x07ff, 0x681f, 0xfb40, 0xffed, 0x07ff, 0x681f, 
  0xfb40, 0xffed, 0x07fb, 0x583f, 0x6164, 0x3800, 0x0015, 0x5000, 0x0000, 0x0000, 0x0000, 0x0000, 0x0000, 0x0000, 0x0000, 0x0000, 
  0x0000, 0x0000, 0x0000, 0x0000, 0x0000, 0x0000, 0x0000, 0x0000, 0x0000, 0x0000, 0x0000, 0x0000, 0x0000, 0x0000, 0x0000, 0x0000, 
  0x0000, 0x0000, 0x0000, 0x0000, 0x0000, 0x0000, 0x0000, 0x0000, 0x0000, 0x0000, 0x0000, 0x0000, 0x0000, 0x0000, 0x0000, 0x0000, 
  0x0000, 0x0000, 0x000c, 0x3000, 0x0000, 0x0325, 0x1afd, 0x605f, 0xfb60, 0xffed, 0x07ff, 0x681f, 0xfb40, 0xffed, 0x07df, 0x681f, 
  0xdac0, 0x4800, 0x0017, 0x3800, 0x0000, 0x0000, 0x0000, 0x0000, 0xfb40, 0xe7ed, 0x07ff, 0x681f, 0xfb40, 0xffed, 0x07ff, 0x681f, 
  0xf340, 0xfe6b, 0x0940, 0x0000, 0xfbe0, 0x0000, 0x0000, 0x0000, 0x0000, 0x0000, 0x0000, 0x0000, 0x0000, 0x0000, 0x0000, 0x0000, 
  0x0000, 0x0000, 0x0000, 0x0000, 0x0000, 0x0000, 0x0000, 0x0000, 0x0000, 0x0000, 0x0000, 0x0000, 0x0000, 0x0000, 0x0000, 0x0000, 
  0x0000, 0x0000, 0x0000, 0x0000, 0x0000, 0x0000, 0x0000, 0x0000, 0x0000, 0x0000, 0x0000, 0x0000, 0x0000, 0x0000, 0x0000, 0x0000, 
  0x0000, 0x0000, 0x001f, 0x0000, 0x0000, 0x04c7, 0x10fc, 0x603f, 0xfb40, 0xffed, 0x07ff, 0x681f, 0xfb40, 0xffed, 0x07ff, 0x681f, 
  0xfb40, 0xffed, 0x07ff, 0x681f, 0xfb40, 0xffed, 0x07ff, 0x681f, 0xfb40, 0xffed, 0x07ff, 0x681f, 0xfb40, 0xffed, 0x07ff, 0x681f, 
  0xfb40, 0xffed, 0x07ff, 0x681f, 0xfb40, 0xffed, 0x07ff, 0x681f, 0xfb40, 0xffed, 0x07ff, 0x681f, 0xfb60, 0xfd89, 0x17e1, 0x0183, 
  0x0000, 0x07e0, 0x0000, 0x0000, 0x0000, 0x0000, 0x0000, 0x0000, 0x0000, 0x0000, 0x0000, 0x0000, 0x0000, 0x0000, 0x0000, 0x0000, 
  0x0000, 0x0000, 0x0000, 0x0000, 0x0000, 0x0000, 0x0000, 0x0000, 0x0000, 0x05e7, 0x0036, 0x3801, 0xd2a0, 0x0fea, 0x007f, 0x6801, 
  0xfb40, 0x0fef, 0x007f, 0xa801, 0xb2a1, 0x1386, 0x1d2f, 0x38f5, 0x89e2, 0xace8, 0x1555, 0x4075, 0xba60, 0xae4a, 0x055b, 0x5035, 
  0x0000, 0x066c, 0x0020, 0x0000, 0x0000, 0x0000, 0x0000, 0x0000, 0x0000, 0x0000, 0x0000, 0x0000, 0x0000, 0x0000, 0x0000, 0x0000, 
  0x0000, 0x0000, 0x0000, 0x0000, 0x0000, 0x0000, 0x0000, 0x0000, 0x0000, 0x0000, 0x0015, 0x5000, 0x0000, 0x01a3, 0x2890, 0x38a8, 
  0xb262, 0x7d08, 0x17b8, 0x505d, 0xc281, 0xed08, 0x1796, 0x508d, 0x99e2, 0x4000, 0x3a67, 0x1169, 0xcac1, 0xe7ed, 0x07ff, 0x681f, 
  0xfb40, 0xffed, 0x07ff, 0x681f, 0xfb40, 0xffed, 0x07df, 0x683f, 0x9203, 0x7800, 0x0015, 0x5000, 0x0000, 0x0000, 0x0000, 0x0000, 
  0x0000, 0x0000, 0x0000, 0x0000, 0x0000, 0x0000, 0x0000, 0x0000, 0x0000, 0x0000, 0x0000, 0x0000, 0x0000, 0x0000, 0x0000, 0x0000, 
  0x0000, 0x0000, 0x0000, 0x0000, 0x7be0, 0x0000, 0x000d, 0x28e4, 0xdae0, 0xefed, 0x07ff, 0x681f, 0xfb40, 0xffed, 0x07ff, 0x681f, 
  0xfb40, 0xffed, 0x07f5, 0x4896, 0x0000, 0x05e7, 0x0020, 0x0000, 0x0000, 0x0000, 0x0000, 0x0000, 0x0000, 0x0000, 0x0000, 0x0000, 
  0x0000, 0x0000, 0x0000, 0x0000, 0x0000, 0x0000, 0x0000, 0x0000, 0x0000, 0x0000, 0x0000, 0x0000, 0x0000, 0x0000, 0x0000, 0x0000, 
  0x0000, 0x0000, 0x0000, 0x0000, 0x0000, 0x0000, 0x0000, 0x0000, 0x0000, 0x0000, 0x0000, 0x0000, 0x0000, 0x0000, 0x0000, 0x0000, 
  0x0000, 0x0000, 0x000c, 0x3000, 0x0000, 0x0325, 0x1afd, 0x605f, 0xfb60, 0xffed, 0x07ff, 0x681f, 0xfb40, 0xffed, 0x07df, 0x681f, 
  0xdac0, 0x4800, 0x0017, 0x3800, 0x0000, 0x0000, 0x0000, 0x0000, 0xfb40, 0xe7ed, 0x07ff, 0x681f, 0xfb40, 0xffed, 0x07ff, 0x681f, 
  0xf340, 0xfe6b, 0x0940, 0x0000, 0xfbe0, 0x0000, 0x0000, 0x0000, 0x0000, 0x0000, 0x0000, 0x0000, 0x0000, 0x0000, 0x0000, 0x0000, 
  0x0000, 0x0000, 0x0000, 0x0000, 0x0000, 0x0000, 0x0000, 0x0000, 0x0000, 0x0000, 0x0000, 0x0000, 0x0000, 0x0000, 0x0000, 0x0000, 
  0x0000, 0x0000, 0x0000, 0x0000, 0x0000, 0x0000, 0x0000, 0x0000, 0x0000, 0x0000, 0x0000, 0x0000, 0x0000, 0x0000, 0x0000, 0x0000, 
  0x0000, 0x0000, 0x001f, 0x0000, 0x0000, 0x0427, 0x18ba, 0x585f, 0xfb40, 0xffed, 0x07ff, 0x681f, 0xfb40, 0xffed, 0x07ff, 0x681f, 
  0xfb40, 0xffed, 0x07ff, 0x681f, 0xfb40, 0xffed, 0x07ff, 0x681f, 0xfb40, 0xffed, 0x07ff, 0x681f, 0xfb40, 0xffed, 0x07ff, 0x681f, 
  0xfb40, 0xffed, 0x07ff, 0x681f, 0xfb40, 0xffed, 0x07ff, 0x681f, 0xfb40, 0xffed, 0x07ff, 0x681f, 0xfb60, 0xfdea, 0x17e6, 0x1943, 
  0x0000, 0x07e0, 0x0000, 0x0000, 0x0000, 0x0000, 0x0000, 0x0000, 0x0000, 0x0000, 0x0000, 0x0000, 0x0000, 0x0000, 0x0000, 0x0000, 
  0x0000, 0x0000, 0x0000, 0x0000, 0x0000, 0x0000, 0x0000, 0x0000, 0x0000, 0x03ef, 0x7800, 0x0000, 0x0000, 0x0000, 0x0000, 0x0000, 
  0x0000, 0x0000, 0x0000, 0x0000, 0x0000, 0x0000, 0x0000, 0x0000, 0x0000, 0x0000, 0x0000, 0x0000, 0x0000, 0x0000, 0x0000, 0x0000, 
  0x0000, 0x054a, 0x0000, 0x0000, 0x0000, 0x0000, 0x0000, 0x0000, 0x0000, 0x0000, 0x0000, 0x0000, 0x0000, 0x0000, 0x0000, 0x0000, 
  0x0000, 0x0000, 0x0000, 0x0000, 0x0000, 0x0000, 0x0000, 0x0000, 0x0000, 0x0000, 0x0000, 0x0000, 0x0000, 0x054a, 0x0000, 0x0000, 
  0x001f, 0x0000, 0x7820, 0x01e0, 0x0007, 0x0000, 0x7820, 0x0000, 0x0000, 0x07ef, 0x0000, 0x0000, 0x7983, 0x2f2b, 0x075f, 0x681f, 
  0xfb40, 0xffed, 0x07ff, 0x681f, 0xfb40, 0xffed, 0x07ff, 0x681f, 0xeb00, 0xd2a4, 0x08a0, 0x0000, 0xf800, 0x0000, 0x0000, 0x0000, 
  0x0000, 0x0000, 0x0000, 0x0000, 0x0000, 0x0000, 0x0000, 0x0000, 0x0000, 0x0000, 0x0000, 0x0000, 0x0000, 0x0000, 0x0000, 0x0000, 
  0x0000, 0x0000, 0x0000, 0x0000, 0xfaa0, 0x0000, 0x0017, 0x506f, 0xfb60, 0xffed, 0x07ff, 0x681f, 0xfb40, 0xffed, 0x07ff, 0x681f, 
  0xfb60, 0xfeab, 0x0fec, 0x2904, 0x0000, 0x07e0, 0x0000, 0x0000, 0x0000, 0x0000, 0x0000, 0x0000, 0x0000, 0x0000, 0x0000, 0x0000, 
  0x0000, 0x0000, 0x0000, 0x0000, 0x0000, 0x0000, 0x0000, 0x0000, 0x0000, 0x0000, 0x0000, 0x0000, 0x0000, 0x0000, 0x0000, 0x0000, 
  0x0000, 0x0000, 0x0000, 0x0000, 0x0000, 0x0000, 0x0000, 0x0000, 0x0000, 0x0000, 0x0000, 0x0000, 0x0000, 0x0000, 0x0000, 0x0000, 
  0x0000, 0x0000, 0x000c, 0x3000, 0x0000, 0x0386, 0x12fd, 0x603f, 0xfb60, 0xffed, 0x07ff, 0x681f, 0xfb40, 0xffed, 0x07df, 0x681f, 
  0xdac0, 0x4800, 0x0017, 0x3800, 0x0000, 0x0000, 0x0000, 0x0000, 0xfb40, 0xe7ed, 0x07ff, 0x681f, 0xfb40, 0xffed, 0x07ff, 0x681f, 
  0xf340, 0xfe6b, 0x0940, 0x0000, 0xfbe0, 0x0000, 0x0000, 0x0000, 0x0000, 0x0000, 0x0000, 0x0000, 0x0000, 0x0000, 0x0000, 0x0000, 
  0x0000, 0x0000, 0x0000, 0x0000, 0x0000, 0x0000, 0x0000, 0x0000, 0x0000, 0x0000, 0x0000, 0x0000, 0x0000, 0x0000, 0x0000, 0x0000, 
  0x0000, 0x0000, 0x0000, 0x0000, 0x0000, 0x0000, 0x0000, 0x0000, 0x0000, 0x0000, 0x0000, 0x0000, 0x0000, 0x0000, 0x0000, 0x0000, 
  0x0000, 0x0000, 0x001f, 0x0000, 0x0000, 0x01e3, 0x30b7, 0x507f, 0xfb60, 0xffed, 0x07ff, 0x681f, 0xfb40, 0xffed, 0x07ff, 0x681f, 
  0xfb40, 0xffed, 0x07ff, 0x681f, 0xfb40, 0xffed, 0x07ff, 0x681f, 0xfb40, 0xffed, 0x07ff, 0x681f, 0xfb40, 0xffed, 0x07ff, 0x681f, 
  0xfb40, 0xffed, 0x07ff, 0x681f, 0xfb40, 0xffed, 0x07ff, 0x681f, 0xfb40, 0xffed, 0x07ff, 0x681f, 0xfb60, 0xfe4a, 0x0fea, 0x2103, 
  0x0000, 0x07e0, 0x0000, 0x0000, 0x0000, 0x0000, 0x0000, 0x0000, 0x0000, 0x0000, 0x0000, 0x0000, 0x0000, 0x0000, 0x0000, 0x0000, 
  0x0000, 0x0000, 0x0000, 0x0000, 0x0000, 0x0000, 0x0000, 0x0000, 0x0000, 0x0000, 0x0000, 0x0000, 0x0000, 0x0000, 0x0000, 0x0000, 
  0x0000, 0x0000, 0x0000, 0x0000, 0x0000, 0x03e7, 0x382f, 0x3800, 0x79e0, 0x03e7, 0x0037, 0x3800, 0xb9e0, 0x05e7, 0x0037, 0x3800, 
  0x0000, 0x07e0, 0x0000, 0x0000, 0x0000, 0x0000, 0x0000, 0x0000, 0x0000, 0x0000, 0x0000, 0x0000, 0x0000, 0x0000, 0x0000, 0x0000, 
  0x0000, 0x0000, 0x0000, 0x0000, 0x0000, 0x0000, 0x0000, 0x0000, 0x0000, 0x0000, 0x0000, 0x0000, 0x0000, 0x0000, 0x0017, 0x3800, 
  0xfd40, 0x0000, 0x0000, 0x0000, 0x0000, 0x0000, 0x001f, 0xa800, 0xb9e0, 0x01e0, 0x382f, 0x2940, 0x0000, 0x060a, 0x09be, 0x603f, 
  0xfb40, 0xffed, 0x07ff, 0x681f, 0xfb40, 0xffed, 0x07ff, 0x681f, 0xfb80, 0xff0b, 0x0320, 0x0000, 0xfbe0, 0x0000, 0x0000, 0x0000, 
  0x0000, 0x0000, 0x0000, 0x0000, 0x0000, 0x0000, 0x0000, 0x0000, 0x0000, 0x0000, 0x0000, 0x0000, 0x0000, 0x0000, 0x0000, 0x0000, 
  0x0000, 0x0000, 0x0000, 0x0000, 0x0000, 0x0304, 0x107d, 0x603c, 0xfb60, 0xffed, 0x07ff, 0x681f, 0xfb40, 0xffed, 0x07ff, 0x681f, 
  0xfb60, 0xfda9, 0x0c40, 0x0000, 0xffe0, 0x0000, 0x0000, 0x0000, 0x0000, 0x0000, 0x0000, 0x0000, 0x0000, 0x0000, 0x0000, 0x0000, 
  0x0000, 0x0000, 0x0000, 0x0000, 0x0000, 0x0000, 0x0000, 0x0000, 0x0000, 0x0000, 0x0000, 0x0000, 0x0000, 0x0000, 0x0000, 0x0000, 
  0x0000, 0x0000, 0x0000, 0x0000, 0x0000, 0x0000, 0x0000, 0x0000, 0x0000, 0x0000, 0x0000, 0x0000, 0x0000, 0x0000, 0x0000, 0x0000, 
  0x0000, 0x0000, 0x000c, 0x3000, 0x0000, 0x03a6, 0x12fd, 0x603f, 0xfb60, 0xffed, 0x07ff, 0x681f, 0xfb40, 0xffed, 0x07df, 0x681f, 
  0xdac0, 0x4800, 0x0017, 0x3800, 0x0000, 0x0000, 0x0000, 0x0000, 0xfb40, 0xe7ed, 0x07ff, 0x681f, 0xfb40, 0xffed, 0x07ff, 0x681f, 
  0xf340, 0xfe6b, 0x0940, 0x0000, 0xfbe0, 0x0000, 0x0000, 0x0000, 0x0000, 0x0000, 0x0000, 0x0000, 0x0000, 0x0000, 0x0000, 0x0000, 
  0x0000, 0x0000, 0x0000, 0x0000, 0x0000, 0x0000, 0x0000, 0x0000, 0x0000, 0x0000, 0x0000, 0x0000, 0x0000, 0x0000, 0x0000, 0x0000, 
  0x0000, 0x0000, 0x0000, 0x0000, 0x0000, 0x0000, 0x0000, 0x0000, 0x0000, 0x0000, 0x0000, 0x0000, 0x0000, 0x0000, 0x0000, 0x0000, 
  0x0000, 0x0000, 0x0000, 0x0000, 0x0000, 0x0000, 0x4074, 0x489d, 0xfb60, 0xffed, 0x07ff, 0x681f, 0xfb40, 0xffed, 0x07ff, 0x681f, 
  0xfb40, 0xffed, 0x07ff, 0x681f, 0xfb40, 0xffed, 0x07ff, 0x681f, 0xfb40, 0xffed, 0x07ff, 0x681f, 0xfb40, 0xffed, 0x07ff, 0x681f, 
  0xfb40, 0xffed, 0x07ff, 0x681f, 0xfb40, 0xffed, 0x07ff, 0x681f, 0xfb40, 0xffed, 0x07ff, 0x681f, 0xfb60, 0xfecb, 0x0ff0, 0x30c3, 
  0x0000, 0x07e0, 0x0000, 0x0000, 0x0000, 0x0000, 0x0000, 0x0000, 0x0000, 0x0000, 0x0000, 0x0000, 0x0000, 0x0000, 0x0000, 0x0000, 
  0x0000, 0x0000, 0x0000, 0x0000, 0x0000, 0x0000, 0x0000, 0x0000, 0x0000, 0x0000, 0x0000, 0x0000, 0x0000, 0x0000, 0x0000, 0x0000, 
  0x0000, 0x0000, 0x0000, 0x0000, 0x0000, 0x0000, 0x0000, 0x0000, 0x0000, 0x0000, 0x0000, 0x0000, 0x0000, 0x0000, 0x0000, 0x0000, 
  0x0000, 0x0000, 0x0000, 0x0000, 0x0000, 0x0000, 0x0000, 0x0000, 0x0000, 0x0000, 0x0000, 0x0000, 0x0000, 0x0000, 0x0000, 0x0000, 
  0x0000, 0x0000, 0x0000, 0x0000, 0x0000, 0x0000, 0x0000, 0x0000, 0x0000, 0x0000, 0x0000, 0x0000, 0x0000, 0x0000, 0x0000, 0x0000, 
  0x0000, 0x0000, 0x0000, 0x0000, 0x0000, 0x0000, 0x0000, 0x0000, 0x0000, 0x0000, 0x0000, 0x0000, 0xfbe0, 0x0000, 0x0017, 0x4895, 
  0xfb60, 0xffed, 0x07ff, 0x681f, 0xfb40, 0xffed, 0x07ff, 0x681f, 0xfb40, 0xff0b, 0x07ed, 0x28ea, 0x0000, 0x02aa, 0x0000, 0x0000, 
  0x0000, 0x0000, 0x0000, 0x0000, 0x0000, 0x0000, 0x0000, 0x0000, 0x0000, 0x0000, 0x0000, 0x0000, 0x0000, 0x0000, 0x0000, 0x0000, 
  0x0000, 0x0000, 0x0000, 0x0000, 0x0009, 0x0dea, 0x0e3f, 0x681f, 0xfb40, 0xffed, 0x07ff, 0x681f, 0xfb40, 0xffed, 0x07ff, 0x681f, 
  0xdae0, 0xd000, 0x001f, 0x7800, 0x0000, 0x0000, 0x0000, 0x0000, 0x0000, 0x0000, 0x0000, 0x0000, 0x0000, 0x0000, 0x0000, 0x0000, 
  0x0000, 0x0000, 0x0000, 0x0000, 0x0000, 0x0000, 0x0000, 0x0000, 0x0000, 0x0000, 0x0000, 0x0000, 0x0000, 0x0000, 0x0000, 0x0000, 
  0x0000, 0x0000, 0x0000, 0x0000, 0x0000, 0x0000, 0x0000, 0x0000, 0x0000, 0x0000, 0x0000, 0x0000, 0x0000, 0x0000, 0x0000, 0x0000, 
  0x0000, 0x0000, 0x000c, 0x3000, 0x0000, 0x03a6, 0x12fd, 0x603f, 0xfb60, 0xffed, 0x07ff, 0x681f, 0xfb40, 0xffed, 0x07df, 0x681f, 
  0xdac0, 0x4800, 0x0017, 0x3800, 0x0000, 0x0000, 0x0000, 0x0000, 0xfb40, 0xe7ed, 0x07ff, 0x681f, 0xfb40, 0xffed, 0x07ff, 0x681f, 
  0xf340, 0xfe6b, 0x0940, 0x0000, 0xfbe0, 0x0000, 0x0000, 0x0000, 0x0000, 0x0000, 0x0000, 0x0000, 0x0000, 0x0000, 0x0000, 0x0000, 
  0x0000, 0x0000, 0x0000, 0x0000, 0x0000, 0x0000, 0x0000, 0x0000, 0x0000, 0x0000, 0x0000, 0x0000, 0x0000, 0x0000, 0x0000, 0x0000, 
  0x0000, 0x0000, 0x0000, 0x0000, 0x0000, 0x0000, 0x0000, 0x0000, 0x0000, 0x0000, 0x0000, 0x0000, 0x0000, 0x0000, 0x0000, 0x0000, 
  0x0000, 0x0000, 0x0000, 0x0000, 0xcb20, 0x0000, 0x001c, 0x602d, 0xfb80, 0xffed, 0x07df, 0x681f, 0xfb40, 0xffed, 0x07ff, 0x681f, 
  0xfb40, 0xffed, 0x07ff, 0x681f, 0xfb40, 0xffed, 0x07ff, 0x681f, 0xfb40, 0xffed, 0x07ff, 0x681f, 0xfb40, 0xffed, 0x07ff, 0x681f, 
  0xfb40, 0xffed, 0x07ff, 0x681f, 0xfb40, 0xffed, 0x07ff, 0x681f, 0xfb40, 0xffed, 0x07ff, 0x681f, 0xfb40, 0xff2b, 0x07f3, 0x3883, 
  0x0000, 0x07e0, 0x0000, 0x0000, 0x0000, 0x0000, 0x0000, 0x0000, 0x0000, 0x0000, 0x0000, 0x0000, 0x0000, 0x0000, 0x0000, 0x0000, 
  0x0000, 0x0000, 0x0000, 0x0000, 0x0000, 0x0000, 0x0000, 0x0000, 0x0000, 0x0000, 0x0000, 0x0000, 0x0000, 0x0000, 0x0000, 0x0000, 
  0x0000, 0x0000, 0x0000, 0x0000, 0x0000, 0x0000, 0x0000, 0x0000, 0x0000, 0x0000, 0x0000, 0x0000, 0x0000, 0x0000, 0x0000, 0x0000, 
  0xfaa0, 0x0000, 0x0000, 0x0000, 0x0000, 0x0000, 0x0000, 0x0000, 0x0000, 0x0000, 0x0000, 0x0000, 0x0000, 0x0000, 0x0000, 0x0000, 
  0x0000, 0x0000, 0x0000, 0x0000, 0x0000, 0x0000, 0x0000, 0x0000, 0x0000, 0x0000, 0x0000, 0x0000, 0x0000, 0x0000, 0x0000, 0x0000, 
  0x0000, 0x0000, 0x0000, 0x0000, 0x0000, 0x0000, 0x0000, 0x0000, 0x0000, 0x0000, 0x0000, 0x0000, 0xaaa0, 0x0000, 0x000b, 0x2909, 
  0xdae1, 0xffed, 0x07ff, 0x681f, 0xfb40, 0xffed, 0x07ff, 0x681f, 0xfb40, 0xffed, 0x07f8, 0x5076, 0x0000, 0x07f5, 0x0000, 0x0000, 
  0x0000, 0x0000, 0x0000, 0x0000, 0x0000, 0x0000, 0x0000, 0x0000, 0x0000, 0x0000, 0x0000, 0x0000, 0x0000, 0x0000, 0x0000, 0x0000, 
  0x0000, 0x07ea, 0x0000, 0x0000, 0xba61, 0x4fed, 0x07ff, 0x681f, 0xfb40, 0xffed, 0x07ff, 0x681f, 0xfb40, 0xffed, 0x07ff, 0x683f, 
  0xba82, 0x4800, 0x0015, 0x5000, 0x0000, 0x0000, 0x0000, 0x0000, 0x0000, 0x0000, 0x0000, 0x0000, 0x0000, 0x0000, 0x0000, 0x0000, 
  0x0000, 0x0000, 0x0000, 0x0000, 0x0000, 0x0000, 0x0000, 0x0000, 0x0000, 0x0000, 0x0000, 0x0000, 0x0000, 0x0000, 0x0000, 0x0000, 
  0x0000, 0x0000, 0x0000, 0x0000, 0x0000, 0x0000, 0x0000, 0x0000, 0x0000, 0x0000, 0x0000, 0x0000, 0x0000, 0x0000, 0x0000, 0x0000, 
  0x0000, 0x0000, 0x000c, 0x3000, 0x0000, 0x03a6, 0x12fd, 0x603f, 0xfb60, 0xffed, 0x07ff, 0x681f, 0xfb40, 0xffed, 0x07df, 0x681f, 
  0xdac0, 0x4800, 0x0017, 0x3800, 0x0000, 0x0000, 0x0000, 0x0000, 0xfb40, 0xe7ed, 0x07ff, 0x681f, 0xfb40, 0xffed, 0x07ff, 0x681f, 
  0xf340, 0xfe6b, 0x0940, 0x0000, 0xfbe0, 0x0000, 0x0000, 0x0000, 0x0000, 0x0000, 0x0000, 0x0000, 0x0000, 0x0000, 0x0000, 0x0000, 
  0x0000, 0x0000, 0x0000, 0x0000, 0x0000, 0x0000, 0x0000, 0x0000, 0x0000, 0x0000, 0x0000, 0x0000, 0x0000, 0x0000, 0x0000, 0x0000, 
  0x0000, 0x0000, 0x0000, 0x0000, 0x0000, 0x0000, 0x0000, 0x0000, 0x0000, 0x0000, 0x0000, 0x0000, 0x0000, 0x0000, 0x0000, 0x0000, 
  0x0000, 0x0000, 0x0000, 0x0000, 0xcb20, 0x0000, 0x001c, 0x582d, 0xfb60, 0xffed, 0x07df, 0x681f, 0xfb40, 0xffed, 0x07ff, 0x681f, 
  0xfb40, 0xffed, 0x07ff, 0x681f, 0xfb40, 0xffed, 0x07ff, 0x681f, 0xfb40, 0xffed, 0x07ff, 0x681f, 0xfb40, 0xffed, 0x07ff, 0x681f, 
  0xfb40, 0xffed, 0x07ff, 0x681f, 0xfb40, 0xffed, 0x07ff, 0x681f, 0xfb40, 0xffed, 0x07ff, 0x681f, 0xfb40, 0xff2c, 0x07f5, 0x4883, 
  0x0000, 0x07ff, 0x0000, 0x0000, 0x0000, 0x0000, 0x0000, 0x0000, 0x0000, 0x0000, 0x0000, 0x0000, 0x0000, 0x0000, 0x0000, 0x0000, 
  0x0000, 0x0000, 0x0000, 0x0000, 0x0000, 0x0000, 0x0000, 0x0000, 0x0000, 0x0000, 0x0000, 0x0000, 0x0000, 0x0000, 0x0000, 0x0000, 
  0x0000, 0x0000, 0x0000, 0x0000, 0x0000, 0x0000, 0x0000, 0x0000, 0x0000, 0x0000, 0x0000, 0x0000, 0x0000, 0x0000, 0x0000, 0x0000, 
  0x9b20, 0x0000, 0x0000, 0x0000, 0x0000, 0x0000, 0x0000, 0x0000, 0x0000, 0x0000, 0x0000, 0x0000, 0x0000, 0x0000, 0x0000, 0x0000, 
  0x0000, 0x0000, 0x0000, 0x0000, 0x0000, 0x0000, 0x0000, 0x0000, 0x0000, 0x0000, 0x0000, 0x0000, 0x0000, 0x0000, 0x0000, 0x0000, 
  0x0000, 0x0000, 0x0000, 0x0000, 0x0000, 0x0000, 0x0000, 0x0000, 0x0000, 0x0000, 0x0000, 0x0000, 0x0000, 0x054a, 0x0000, 0x0000, 
  0xcaa0, 0x67ed, 0x07ff, 0x681f, 0xfb40, 0xffed, 0x07ff, 0x681f, 0xfb40, 0xffed, 0x07de, 0x603f, 0xb262, 0x3800, 0x0015, 0x5000, 
  0x0000, 0x0000, 0x0000, 0x0000, 0x0000, 0x0000, 0x0000, 0x0000, 0x0000, 0x0000, 0x0000, 0x0000, 0x0000, 0x0000, 0x0000, 0x0000, 
  0x5000, 0x0000, 0x0007, 0x1947, 0xcaa1, 0xf7ed, 0x07ff, 0x681f, 0xfb40, 0xffed, 0x07ff, 0x681f, 0xfb40, 0xffed, 0x07fa, 0x5858, 
  0x0009, 0x0000, 0x001f, 0x0000, 0x0000, 0x0000, 0x0000, 0x0000, 0x0000, 0x0000, 0x0000, 0x0000, 0x0000, 0x0000, 0x0000, 0x0000, 
  0x0000, 0x0000, 0x0000, 0x0000, 0x0000, 0x0000, 0x0000, 0x0000, 0x0000, 0x0000, 0x0000, 0x0000, 0x0000, 0x0000, 0x0000, 0x0000, 
  0x0000, 0x0000, 0x0000, 0x0000, 0x0000, 0x0000, 0x0000, 0x0000, 0x0000, 0x0000, 0x0000, 0x0000, 0x0000, 0x0000, 0x0000, 0x0000, 
  0x0000, 0x0000, 0x000c, 0x3000, 0x0000, 0x03a6, 0x12fd, 0x603f, 0xfb60, 0xffed, 0x07ff, 0x681f, 0xfb40, 0xffed, 0x07df, 0x681f, 
  0xdac0, 0x4800, 0x0017, 0x3800, 0x0000, 0x0000, 0x0000, 0x0000, 0xfb40, 0xe7ed, 0x07ff, 0x681f, 0xfb40, 0xffed, 0x07ff, 0x681f, 
  0xf340, 0xfe6b, 0x0940, 0x0000, 0xfbe0, 0x0000, 0x0000, 0x0000, 0x0000, 0x0000, 0x0000, 0x0000, 0x0000, 0x0000, 0x0000, 0x0000, 
  0x0000, 0x0000, 0x0000, 0x0000, 0x0000, 0x0000, 0x0000, 0x0000, 0x0000, 0x0000, 0x0000, 0x0000, 0x0000, 0x0000, 0x0000, 0x0000, 
  0x0000, 0x0000, 0x0000, 0x0000, 0x0000, 0x0000, 0x0000, 0x0000, 0x0000, 0x0000, 0x0000, 0x0000, 0x0000, 0x0000, 0x0000, 0x0000, 
  0x0000, 0x0000, 0x0000, 0x0000, 0xcb20, 0x0000, 0x0019, 0x502d, 0xfb60, 0xffed, 0x07df, 0x681f, 0xfb40, 0xffed, 0x07ff, 0x681f, 
  0xfb40, 0xffed, 0x07ff, 0x681f, 0xfb40, 0xffed, 0x07ff, 0x681f, 0xfb40, 0xffed, 0x07ff, 0x681f, 0xfb40, 0xffed, 0x07ff, 0x681f, 
  0xfb40, 0xffed, 0x07ff, 0x681f, 0xfb40, 0xffed, 0x07ff, 0x681f, 0xfb40, 0xffed, 0x07ff, 0x681f, 0xfb40, 0xff4c, 0x07f8, 0x4883, 
  0x0000, 0x07ff, 0x0000, 0x0000, 0x0000, 0x0000, 0x0000, 0x0000, 0x0000, 0x0000, 0x0000, 0x0000, 0x0000, 0x0000, 0x0000, 0x0000, 
  0x0000, 0x0000, 0x0000, 0x0000, 0x0000, 0x0000, 0x0000, 0x0000, 0x0000, 0x0000, 0x0000, 0x0000, 0x0000, 0x0000, 0x0000, 0x0000, 
  0x0000, 0x0000, 0x0000, 0x0000, 0x0000, 0x0000, 0x0000, 0x0000, 0x0000, 0x0000, 0x0000, 0x0000, 0x0000, 0x0000, 0x0000, 0x0000, 
  0xb9e0, 0x0000, 0x0000, 0x0000, 0x0000, 0x0000, 0x0000, 0x0000, 0x0000, 0x0000, 0x0000, 0x0000, 0x0000, 0x0000, 0x0000, 0x0000, 
  0x0000, 0x0000, 0x0000, 0x0000, 0x0000, 0x0000, 0x0000, 0x0000, 0x0000, 0x0000, 0x0000, 0x0000, 0x0000, 0x0000, 0x0000, 0x0000, 
  0x0000, 0x0000, 0x0000, 0x0000, 0x0000, 0x0000, 0x0000, 0x0000, 0x0000, 0x0000, 0x0000, 0x0000, 0x0000, 0x0000, 0x0000, 0x0000, 
  0x0805, 0x164a, 0x0eff, 0x681f, 0xfb40, 0xffed, 0x07ff, 0x681f, 0xfb40, 0xffcd, 0x07ff, 0x681f, 0xd2c1, 0xd942, 0x28e0, 0x0000, 
  0xf800, 0x0000, 0x0000, 0x0000, 0x0000, 0x0000, 0x0000, 0x0000, 0x0000, 0x0000, 0x0000, 0x0000, 0x0000, 0x0000, 0x0000, 0x0000, 
  0xfbe0, 0x0000, 0x0018, 0x5072, 0xfb60, 0xffed, 0x07df, 0x681f, 0xfb40, 0xffed, 0x07ff, 0x681f, 0xfb40, 0xffcd, 0x07f2, 0x40ac, 
  0x0000, 0x03e7, 0x0020, 0x0000, 0x0000, 0x0000, 0x0000, 0x0000, 0x0000, 0x0000, 0x0000, 0x0000, 0x0000, 0x0000, 0x0000, 0x0000, 
  0x0000, 0x0000, 0x0000, 0x0000, 0x0000, 0x0000, 0x0000, 0x0000, 0x0000, 0x0000, 0x0000, 0x0000, 0x0000, 0x0000, 0x0000, 0x0000, 
  0x0000, 0x0000, 0x0000, 0x0000, 0x0000, 0x0000, 0x0000, 0x0000, 0x0000, 0x0000, 0x0000, 0x0000, 0x0000, 0x0000, 0x0000, 0x0000, 
  0x0000, 0x0000, 0x000c, 0x3000, 0x0000, 0x03a6, 0x12fd, 0x603f, 0xfb60, 0xffed, 0x07ff, 0x681f, 0xfb40, 0xffed, 0x07df, 0x681f, 
  0xdac0, 0x4800, 0x0017, 0x3800, 0x0000, 0x0000, 0x0000, 0x0000, 0xfb40, 0xe7ed, 0x07ff, 0x681f, 0xfb40, 0xffed, 0x07ff, 0x681f, 
  0xf340, 0xfe6b, 0x0940, 0x0000, 0xfbe0, 0x0000, 0x0000, 0x0000, 0x0000, 0x0000, 0x0000, 0x0000, 0x0000, 0x0000, 0x0000, 0x0000, 
  0x0000, 0x0000, 0x0000, 0x0000, 0x0000, 0x0000, 0x0000, 0x0000, 0x0000, 0x0000, 0x0000, 0x0000, 0x0000, 0x0000, 0x0000, 0x0000, 
  0x0000, 0x0000, 0x0000, 0x0000, 0x0000, 0x0000, 0x0000, 0x0000, 0x0000, 0x0000, 0x0000, 0x0000, 0x0000, 0x0000, 0x0000, 0x0000, 
  0x0000, 0x0000, 0x0000, 0x0000, 0xcb20, 0x0000, 0x0016, 0x486d, 0xfb60, 0xffed, 0x07df, 0x681f, 0xfb40, 0xffed, 0x07ff, 0x681f, 
  0xfb40, 0xffed, 0x07ff, 0x681f, 0xfb40, 0xffed, 0x07ff, 0x681f, 0xfb40, 0xffed, 0x07ff, 0x681f, 0xfb40, 0xffed, 0x07ff, 0x681f, 
  0xfb40, 0xffed, 0x07ff, 0x681f, 0xfb40, 0xffed, 0x07ff, 0x681f, 0xfb40, 0xffed, 0x07ff, 0x681f, 0xfb40, 0xff4c, 0x07f8, 0x5083, 
  0x0000, 0x07ff, 0x0000, 0x0000, 0x0000, 0x0000, 0x0000, 0x0000, 0x0000, 0x0000, 0x0000, 0x0000, 0x0000, 0x0000, 0x0000, 0x0000, 
  0x0000, 0x0000, 0x0000, 0x0000, 0x0000, 0x0000, 0x0000, 0x0000, 0x0000, 0x0000, 0x0000, 0x0000, 0x0000, 0x0000, 0x0000, 0x0000, 
  0x0000, 0x0000, 0x0000, 0x0000, 0x0000, 0x0000, 0x0000, 0x0000, 0x0000, 0x0000, 0x0000, 0x0000, 0x0000, 0x0000, 0x0000, 0x0000, 
  0x7800, 0x0000, 0x0000, 0x0000, 0x0000, 0x0000, 0x0000, 0x0000, 0x0000, 0x0000, 0x0000, 0x0000, 0x0000, 0x0000, 0x0000, 0x0000, 
  0x0000, 0x0000, 0x0000, 0x0000, 0x0000, 0x0000, 0x0000, 0x0000, 0x0000, 0x0000, 0x0000, 0x0000, 0x0000, 0x0000, 0x0000, 0x0000, 
  0x0000, 0x0000, 0x0000, 0x0000, 0x0000, 0x0000, 0x0000, 0x0000, 0x0000, 0x0000, 0x0000, 0x0000, 0x0000, 0x0000, 0x0013, 0x3000, 
  0x0000, 0x0407, 0x1b7e, 0x603f, 0xfb60, 0xffed, 0x07ff, 0x681f, 0xfb40, 0xffed, 0x07ff, 0x681f, 0xfb80, 0xfe2a, 0x0c40, 0x0000, 
  0xd2a0, 0x0000, 0x0000, 0x0000, 0x0000, 0x0000, 0x0000, 0x0000, 0x0000, 0x0000, 0x0000, 0x0000, 0x0000, 0x0000, 0x0013, 0x6180, 
  0x0000, 0x04a7, 0x1c3e, 0x603f, 0xfb40, 0xffed, 0x07ff, 0x681f, 0xfb40, 0xffed, 0x07ff, 0x601f, 0xfb80, 0xfd89, 0x0ee0, 0x0000, 
  0xffe0, 0x0000, 0x0000, 0x0000, 0x0000, 0x0000, 0x0000, 0x0000, 0x0000, 0x0000, 0x0000, 0x0000, 0x0000, 0x0000, 0x0000, 0x0000, 
  0x0000, 0x0000, 0x0000, 0x0000, 0x0000, 0x0000, 0x0000, 0x0000, 0x0000, 0x0000, 0x0000, 0x0000, 0x0000, 0x0000, 0x0000, 0x0000, 
  0x0000, 0x0000, 0x0000, 0x0000, 0x0000, 0x0000, 0x0000, 0x0000, 0x0000, 0x0000, 0x0000, 0x0000, 0x0000, 0x0000, 0x0000, 0x0000, 
  0x0000, 0x0000, 0x000c, 0x3000, 0x0000, 0x03a6, 0x12fd, 0x603f, 0xfb60, 0xffed, 0x07ff, 0x681f, 0xfb40, 0xffed, 0x07df, 0x681f, 
  0xdac0, 0x4800, 0x0017, 0x3800, 0x0000, 0x0000, 0x0000, 0x0000, 0xfb40, 0xe7ed, 0x07ff, 0x681f, 0xfb40, 0xffed, 0x07ff, 0x681f, 
  0xf340, 0xfe6b, 0x0940, 0x0000, 0xfbe0, 0x0000, 0x0000, 0x0000, 0x0000, 0x0000, 0x0000, 0x0000, 0x0000, 0x0000, 0x0000, 0x0000, 
  0x0000, 0x0000, 0x0000, 0x0000, 0x0000, 0x0000, 0x0000, 0x0000, 0x0000, 0x0000, 0x0000, 0x0000, 0x0000, 0x0000, 0x0000, 0x0000, 
  0x0000, 0x0000, 0x0000, 0x0000, 0x0000, 0x0000, 0x0000, 0x0000, 0x0000, 0x0000, 0x0000, 0x0000, 0x0000, 0x0000, 0x0000, 0x0000, 
  0x0000, 0x0000, 0x0000, 0x0000, 0x9980, 0x0000, 0x0015, 0x488d, 0xfb60, 0xffed, 0x07df, 0x681f, 0xfb40, 0xffed, 0x07ff, 0x681f, 
  0xfb40, 0xffed, 0x07ff, 0x681f, 0xfb40, 0xffed, 0x07ff, 0x681f, 0xfb40, 0xffed, 0x07ff, 0x681f, 0xfb40, 0xffed, 0x07ff, 0x681f, 
  0xfb40, 0xffed, 0x07ff, 0x681f, 0xfb40, 0xffed, 0x07ff, 0x681f, 0xfb40, 0xffed, 0x07ff, 0x681f, 0xfb40, 0xff4c, 0x07f8, 0x5083, 
  0x0000, 0x07ff, 0x0000, 0x0000, 0x0000, 0x0000, 0x0000, 0x0000, 0x0000, 0x0000, 0x0000, 0x0000, 0x0000, 0x0000, 0x0000, 0x0000, 
  0x0000, 0x0000, 0x0000, 0x0000, 0x0000, 0x0000, 0x0000, 0x0000, 0x0000, 0x0000, 0x0000, 0x0000, 0x0000, 0x0000, 0x0000, 0x0000, 
  0x0000, 0x0000, 0x0000, 0x0000, 0x0000, 0x0000, 0x0000, 0x0000, 0x0000, 0x0000, 0x0000, 0x0000, 0x0000, 0x0000, 0x000a, 0x5000, 
  0x0000, 0x0000, 0x0000, 0x0000, 0x0000, 0x0000, 0x0000, 0x0000, 0x0000, 0x0000, 0x0000, 0x0000, 0x0000, 0x0000, 0x0000, 0x0000, 
  0x0000, 0x0000, 0x0000, 0x0000, 0x0000, 0x0000, 0x0000, 0x0000, 0x0000, 0x0000, 0x0000, 0x0000, 0x0000, 0x0000, 0x0000, 0x0000, 
  0x0000, 0x0000, 0x0000, 0x0000, 0x0000, 0x0000, 0x0000, 0x0000, 0x0000, 0x0000, 0x0000, 0x0000, 0x0000, 0x0000, 0x0000, 0x0000, 
  0xfbe0, 0x0000, 0x0016, 0x489a, 0xfb60, 0xffed, 0x07ff, 0x681f, 0xfb40, 0xffed, 0x07ff, 0x681f, 0xfb40, 0xff8c, 0x07f4, 0x408c, 
  0x0000, 0x0666, 0x0020, 0x0000, 0x0000, 0x0000, 0x0000, 0x0000, 0x0000, 0x0000, 0x0000, 0x0000, 0x0000, 0x0489, 0x0020, 0x0000, 
  0x81c2, 0x576c, 0x0fff, 0x681f, 0xfb40, 0xffed, 0x07ff, 0x681f, 0xfb40, 0xffed, 0x07ff, 0x681f, 0xeb00, 0xeba6, 0x1960, 0x0000, 
  0x7be0, 0x0000, 0x0000, 0x0000, 0x0000, 0x0000, 0x0000, 0x0000, 0x0000, 0x0000, 0x0000, 0x0000, 0x0000, 0x0000, 0x0000, 0x0000, 
  0x0000, 0x0000, 0x0000, 0x0000, 0x0000, 0x0000, 0x0000, 0x0000, 0x0000, 0x0000, 0x0000, 0x0000, 0x0000, 0x0000, 0x0000, 0x0000, 
  0x0000, 0x0000, 0x0000, 0x0000, 0x0000, 0x0000, 0x0000, 0x0000, 0x0000, 0x0000, 0x0000, 0x0000, 0x0000, 0x0000, 0x0000, 0x0000, 
  0x0000, 0x0000, 0x000c, 0x3000, 0x0000, 0x03a6, 0x12fd, 0x603f, 0xfb60, 0xffed, 0x07ff, 0x681f, 0xfb40, 0xffed, 0x07df, 0x681f, 
  0xdac0, 0x4800, 0x0017, 0x3800, 0x0000, 0x0000, 0x0000, 0x0000, 0xfb40, 0xe7ed, 0x07ff, 0x681f, 0xfb40, 0xffed, 0x07ff, 0x681f, 
  0xf340, 0xfe6b, 0x0940, 0x0000, 0xfbe0, 0x0000, 0x0000, 0x0000, 0x0000, 0x0000, 0x0000, 0x0000, 0x0000, 0x0000, 0x0000, 0x0000, 
  0x0000, 0x0000, 0x0000, 0x0000, 0x0000, 0x0000, 0x0000, 0x0000, 0x0000, 0x0000, 0x0000, 0x0000, 0x0000, 0x0000, 0x0000, 0x0000, 
  0x0000, 0x0000, 0x0000, 0x0000, 0x0000, 0x0000, 0x0000, 0x0000, 0x0000, 0x0000, 0x0000, 0x0000, 0x0000, 0x0000, 0x0000, 0x0000, 
  0x0000, 0x0000, 0x0000, 0x0000, 0x9980, 0x0000, 0x0014, 0x408d, 0xfb40, 0xffed, 0x07df, 0x681f, 0xfb40, 0xffed, 0x07ff, 0x681f, 
  0xfb40, 0xffed, 0x07ff, 0x681f, 0xfb40, 0xffed, 0x07ff, 0x681f, 0xfb40, 0xffed, 0x07ff, 0x681f, 0xfb40, 0xffed, 0x07ff, 0x681f, 
  0xfb40, 0xffed, 0x07ff, 0x681f, 0xfb40, 0xffed, 0x07ff, 0x681f, 0xfb40, 0xffed, 0x07ff, 0x681f, 0xfb40, 0xff4c, 0x07f8, 0x5083, 
  0x0000, 0x07ff, 0x0000, 0x0000, 0x0000, 0x0000, 0x0000, 0x0000, 0x0000, 0x0000, 0x0000, 0x0000, 0x0000, 0x0000, 0x0000, 0x0000, 
  0x0000, 0x0000, 0x0000, 0x0000, 0x0000, 0x0000, 0x0000, 0x0000, 0x0000, 0x0000, 0x0000, 0x0000, 0x0000, 0x0000, 0x0000, 0x0000, 
  0x0000, 0x0000, 0x0000, 0x0000, 0x0000, 0x0000, 0x0000, 0x0000, 0x0000, 0x0000, 0x0000, 0x0000, 0x0000, 0x0000, 0x000c, 0x3180, 
  0x0000, 0x0000, 0x0000, 0x0000, 0x0000, 0x0000, 0x0000, 0x0000, 0x0000, 0x0000, 0x0000, 0x0000, 0x0000, 0x0000, 0x0000, 0x0000, 
  0x0000, 0x0000, 0x0000, 0x0000, 0x0000, 0x0000, 0x0000, 0x0000, 0x0000, 0x0000, 0x0000, 0x0000, 0x0000, 0x0000, 0x0000, 0x0000, 
  0x0000, 0x0000, 0x0000, 0x0000, 0x0000, 0x0000, 0x0000, 0x0000, 0x0000, 0x0000, 0x0000, 0x0000, 0x0000, 0x0000, 0x0000, 0x0000, 
  0x7be0, 0x0000, 0x000c, 0x290a, 0xe2e0, 0xffed, 0x07ff, 0x681f, 0xfb40, 0xffed, 0x07ff, 0x681f, 0xfb40, 0xffed, 0x07fb, 0x585f, 
  0x79a3, 0x6000, 0x001b, 0x6800, 0xfbe0, 0x03e7, 0x0027, 0x39e0, 0x39e7, 0x01e7, 0x3837, 0x3800, 0xfcc0, 0x0000, 0x000c, 0x28f0, 
  0xe300, 0xdfed, 0x07ff, 0x601f, 0xfb40, 0xffed, 0x07ff, 0x681f, 0xfb40, 0xffed, 0x07df, 0x683f, 0xa222, 0x9000, 0x0017, 0x3800, 
  0x0000, 0x0000, 0x0000, 0x0000, 0x0000, 0x0000, 0x0000, 0x0000, 0x0000, 0x0000, 0x0000, 0x0000, 0x0000, 0x0000, 0x0000, 0x0000, 
  0x0000, 0x0000, 0x0000, 0x0000, 0x0000, 0x0000, 0x0000, 0x0000, 0x0000, 0x0000, 0x0000, 0x0000, 0x0000, 0x0000, 0x0000, 0x0000, 
  0x0000, 0x0000, 0x0000, 0x0000, 0x0000, 0x0000, 0x0000, 0x0000, 0x0000, 0x0000, 0x0000, 0x0000, 0x0000, 0x0000, 0x0000, 0x0000, 
  0x0000, 0x0000, 0x000c, 0x3000, 0x0000, 0x03a6, 0x12fd, 0x603f, 0xfb60, 0xffed, 0x07ff, 0x681f, 0xfb40, 0xffed, 0x07df, 0x681f, 
  0xdac0, 0x4800, 0x0017, 0x3800, 0x0000, 0x0000, 0x0000, 0x0000, 0xfb40, 0xe7ed, 0x07ff, 0x681f, 0xfb40, 0xffed, 0x07ff, 0x681f, 
  0xf340, 0xfe6b, 0x0940, 0x0000, 0xfbe0, 0x0000, 0x0000, 0x0000, 0x0000, 0x0000, 0x0000, 0x0000, 0x0000, 0x0000, 0x0000, 0x0000, 
  0x0000, 0x0000, 0x0000, 0x0000, 0x0000, 0x0000, 0x0000, 0x0000, 0x0000, 0x0000, 0x0000, 0x0000, 0x0000, 0x0000, 0x0000, 0x0000, 
  0x0000, 0x0000, 0x0000, 0x0000, 0x0000, 0x0000, 0x0000, 0x0000, 0x0000, 0x0000, 0x0000, 0x0000, 0x0000, 0x0000, 0x0000, 0x0000, 
  0x0000, 0x0000, 0x0000, 0x0000, 0xc980, 0x0000, 0x0016, 0x488d, 0xfb60, 0xffed, 0x07df, 0x681f, 0xfb40, 0xffed, 0x07ff, 0x681f, 
  0xfb40, 0xffed, 0x07ff, 0x681f, 0xfb40, 0xffed, 0x07ff, 0x681f, 0xfb40, 0xffed, 0x07ff, 0x681f, 0xfb40, 0xffed, 0x07ff, 0x681f, 
  0xfb40, 0xffed, 0x07ff, 0x681f, 0xfb40, 0xffed, 0x07ff, 0x681f, 0xfb40, 0xffed, 0x07ff, 0x681f, 0xfb40, 0xff4c, 0x07f8, 0x5083, 
  0x0000, 0x07ff, 0x0000, 0x0000, 0x0000, 0x0000, 0x0000, 0x0000, 0x0000, 0x0000, 0x0000, 0x0000, 0x0000, 0x0000, 0x0000, 0x0000, 
  0x0000, 0x0000, 0x0000, 0x0000, 0x0000, 0x0000, 0x0000, 0x0000, 0x0000, 0x0000, 0x0000, 0x0000, 0x0000, 0x0000, 0x0000, 0x0000, 
  0x0000, 0x0000, 0x0000, 0x0000, 0x0000, 0x0000, 0x0000, 0x0000, 0x0000, 0x0000, 0x0000, 0x0000, 0x0000, 0x0000, 0x000c, 0x3180, 
  0x0000, 0x0000, 0x0000, 0x0000, 0x0000, 0x0000, 0x0000, 0x0000, 0x0000, 0x0000, 0x0000, 0x0000, 0x0000, 0x0000, 0x0000, 0x0000, 
  0x0000, 0x0000, 0x0000, 0x0000, 0x0000, 0x0000, 0x0000, 0x0000, 0x0000, 0x0000, 0x0000, 0x0000, 0x0000, 0x0000, 0x0000, 0x0000, 
  0x0000, 0x0000, 0x0000, 0x0000, 0x0000, 0x0000, 0x0000, 0x0000, 0x0000, 0x0000, 0x0000, 0x0000, 0x0000, 0x0000, 0x0000, 0x0000, 
  0x0000, 0x066c, 0x0020, 0x0000, 0xba62, 0x8fee, 0x07ff, 0x681f, 0xfb40, 0xffed, 0x07ff, 0x681f, 0xfb40, 0xffed, 0x07ff, 0x681f, 
  0xe300, 0xfda9, 0x0ae0, 0x0000, 0xfbe0, 0x0000, 0x0000, 0x0000, 0x0000, 0x0000, 0x000f, 0x7800, 0x0000, 0x0427, 0x1c5c, 0x585f, 
  0xfb60, 0xffed, 0x07ff, 0x681f, 0xfb40, 0xffed, 0x07ff, 0x681f, 0xfb40, 0xffed, 0x07fa, 0x5855, 0x0000, 0x07ef, 0x0000, 0x0000, 
  0x0000, 0x0000, 0x0000, 0x0000, 0x0000, 0x0000, 0x0000, 0x0000, 0x0000, 0x0000, 0x0000, 0x0000, 0x0000, 0x0000, 0x0000, 0x0000, 
  0x0000, 0x0000, 0x0000, 0x0000, 0x0000, 0x0000, 0x0000, 0x0000, 0x0000, 0x0000, 0x0000, 0x0000, 0x0000, 0x0000, 0x0000, 0x0000, 
  0x0000, 0x0000, 0x0000, 0x0000, 0x0000, 0x0000, 0x0000, 0x0000, 0x0000, 0x0000, 0x0000, 0x0000, 0x0000, 0x0000, 0x0000, 0x0000, 
  0x0000, 0x0000, 0x000c, 0x3000, 0x0000, 0x03a6, 0x12fd, 0x603f, 0xfb60, 0xffed, 0x07ff, 0x681f, 0xfb40, 0xffed, 0x07df, 0x681f, 
  0xdac0, 0x4800, 0x0017, 0x3800, 0x0000, 0x0000, 0x0000, 0x0000, 0xfb40, 0xe7ed, 0x07ff, 0x681f, 0xfb40, 0xffed, 0x07ff, 0x681f, 
  0xf340, 0xfe6b, 0x0940, 0x0000, 0xfbe0, 0x0000, 0x0000, 0x0000, 0x0000, 0x0000, 0x0000, 0x0000, 0x0000, 0x0000, 0x0000, 0x0000, 
  0x0000, 0x0000, 0x0000, 0x0000, 0x0000, 0x0000, 0x0000, 0x0000, 0x0000, 0x0000, 0x0000, 0x0000, 0x0000, 0x0000, 0x0000, 0x0000, 
  0x0000, 0x0000, 0x0000, 0x0000, 0x0000, 0x0000, 0x0000, 0x0000, 0x0000, 0x0000, 0x0000, 0x0000, 0x0000, 0x0000, 0x0000, 0x0000, 
  0x0000, 0x0000, 0x0000, 0x0000, 0xcb20, 0x0000, 0x0017, 0x486d, 0xfb60, 0xffed, 0x07df, 0x681f, 0xfb40, 0xffed, 0x07ff, 0x681f, 
  0xfb40, 0xffed, 0x07ff, 0x681f, 0xfb40, 0xffed, 0x07ff, 0x681f, 0xfb40, 0xffed, 0x07ff, 0x681f, 0xfb40, 0xffed, 0x07ff, 0x681f, 
  0xfb40, 0xffed, 0x07ff, 0x681f, 0xfb40, 0xffed, 0x07ff, 0x681f, 0xfb40, 0xffed, 0x07ff, 0x681f, 0xfb40, 0xff4c, 0x07f8, 0x5083, 
  0x0000, 0x07ff, 0x0000, 0x0000, 0x0000, 0x0000, 0x0000, 0x0000, 0x0000, 0x0000, 0x0000, 0x0000, 0x0000, 0x0000, 0x0000, 0x0000, 
  0x0000, 0x0000, 0x0000, 0x0000, 0x0000, 0x0000, 0x0000, 0x0000, 0x0000, 0x0000, 0x0000, 0x0000, 0x0000, 0x0000, 0x0000, 0x0000, 
  0x0000, 0x0000, 0x0000, 0x0000, 0x0000, 0x0000, 0x0000, 0x0000, 0x0000, 0x0000, 0x0000, 0x0000, 0x0000, 0x0000, 0x000c, 0x3000, 
  0x0000, 0x0000, 0x0000, 0x0000, 0x0000, 0x0000, 0x0000, 0x0000, 0x0000, 0x0000, 0x0000, 0x0000, 0x0000, 0x0000, 0x0000, 0x0000, 
  0x0000, 0x0000, 0x0000, 0x0000, 0x0000, 0x0000, 0x0000, 0x0000, 0x0000, 0x0000, 0x0000, 0x0000, 0x0000, 0x0000, 0x0000, 0x0000, 
  0x0000, 0x0000, 0x0000, 0x0000, 0x0000, 0x0000, 0x0000, 0x0000, 0x0000, 0x0000, 0x0000, 0x0000, 0x0000, 0x0000, 0x0000, 0x0000, 
  0x0000, 0x0000, 0x0000, 0x0000, 0x0006, 0x164a, 0x0e9f, 0x681f, 0xfb20, 0xffed, 0x07ff, 0x681f, 0xfb40, 0xffed, 0x07ff, 0x681f, 
  0xfb40, 0xffed, 0x0799, 0x5058, 0xc261, 0x3325, 0x1920, 0x01c5, 0x0007, 0x2963, 0x2110, 0x30c9, 0xba61, 0xd7ed, 0x07df, 0x681f, 
  0xfb40, 0xffed, 0x07ff, 0x681f, 0xfb40, 0xffed, 0x07ff, 0x601f, 0xfb60, 0xfeeb, 0x0fed, 0x28e8, 0x0000, 0x03e7, 0x0020, 0x0000, 
  0x0000, 0x0000, 0x0000, 0x0000, 0x0000, 0x0000, 0x0000, 0x0000, 0x0000, 0x0000, 0x0000, 0x0000, 0x0000, 0x0000, 0x0000, 0x0000, 
  0x0000, 0x0000, 0x0000, 0x0000, 0x0000, 0x0000, 0x0000, 0x0000, 0x0000, 0x0000, 0x0000, 0x0000, 0x0000, 0x0000, 0x0000, 0x0000, 
  0x0000, 0x0000, 0x0000, 0x0000, 0x0000, 0x0000, 0x0000, 0x0000, 0x0000, 0x0000, 0x0000, 0x0000, 0x0000, 0x0000, 0x0000, 0x0000, 
  0x0000, 0x0000, 0x000c, 0x3000, 0x0000, 0x03a6, 0x12fd, 0x603f, 0xfb60, 0xffed, 0x07ff, 0x681f, 0xfb40, 0xffed, 0x07df, 0x681f, 
  0xdac0, 0x4800, 0x0017, 0x3800, 0x0000, 0x0000, 0x0000, 0x0000, 0xfb40, 0xe7ed, 0x07ff, 0x681f, 0xfb40, 0xffed, 0x07ff, 0x681f, 
  0xf340, 0xfe6b, 0x0940, 0x0000, 0xfbe0, 0x0000, 0x0000, 0x0000, 0x0000, 0x0000, 0x0000, 0x0000, 0x0000, 0x0000, 0x0000, 0x0000, 
  0x0000, 0x0000, 0x0000, 0x0000, 0x0000, 0x0000, 0x0000, 0x0000, 0x0000, 0x0000, 0x0000, 0x0000, 0x0000, 0x0000, 0x0000, 0x0000, 
  0x0000, 0x0000, 0x0000, 0x0000, 0x0000, 0x0000, 0x0000, 0x0000, 0x0000, 0x0000, 0x0000, 0x0000, 0x0000, 0x0000, 0x0000, 0x0000, 
  0x0000, 0x0000, 0x0000, 0x0000, 0xcb20, 0x0000, 0x001a, 0x502d, 0xfb60, 0xffed, 0x07df, 0x681f, 0xfb40, 0xffed, 0x07ff, 0x681f, 
  0xfb40, 0xffed, 0x07ff, 0x681f, 0xfb40, 0xffed, 0x07ff, 0x681f, 0xfb40, 0xffed, 0x07ff, 0x681f, 0xfb40, 0xffed, 0x07ff, 0x681f, 
  0xfb40, 0xffed, 0x07ff, 0x681f, 0xfb40, 0xffed, 0x07ff, 0x681f, 0xfb40, 0xffed, 0x07ff, 0x681f, 0xfb40, 0xff4c, 0x07f7, 0x4883, 
  0x0000, 0x07ff, 0x0000, 0x0000, 0x0000, 0x0000, 0x0000, 0x0000, 0x0000, 0x0000, 0x0000, 0x0000, 0x0000, 0x0000, 0x0000, 0x0000, 
  0x0000, 0x0000, 0x0000, 0x0000, 0x0000, 0x0000, 0x0000, 0x0000, 0x0000, 0x0000, 0x0000, 0x0000, 0x0000, 0x0000, 0x0000, 0x0000, 
  0x0000, 0x0000, 0x0000, 0x0000, 0x0000, 0x0000, 0x0000, 0x0000, 0x0000, 0x0000, 0x0000, 0x0000, 0x0000, 0x0000, 0x0013, 0x3000, 
  0x0000, 0x0000, 0x0000, 0x0000, 0x0000, 0x0000, 0x0000, 0x0000, 0x0000, 0x0000, 0x0000, 0x0000, 0x0000, 0x0000, 0x0000, 0x0000, 
  0x0000, 0x0000, 0x0000, 0x0000, 0x0000, 0x0000, 0x0000, 0x0000, 0x0000, 0x0000, 0x0000, 0x0000, 0x0000, 0x0000, 0x0000, 0x0000, 
  0x0000, 0x0000, 0x0000, 0x0000, 0x0000, 0x0000, 0x0000, 0x0000, 0x0000, 0x0000, 0x0000, 0x0000, 0x0000, 0x0000, 0x0000, 0x0000, 
  0x0000, 0x0000, 0x0015, 0x5000, 0x0000, 0x03c6, 0x19fc, 0x607f, 0xfb60, 0xffed, 0x07ff, 0x681f, 0xfb40, 0xffed, 0x07ff, 0x681f, 
  0xfb40, 0xffed, 0x07ff, 0x681f, 0xfb40, 0xfe8a, 0x0ff4, 0x48bf, 0xa222, 0xfdea, 0x0ffe, 0x601f, 0xfb60, 0xffed, 0x07ff, 0x681f, 
  0xfb40, 0xffed, 0x07ff, 0x681f, 0xfb40, 0xffed, 0x07ff, 0x681f, 0xf320, 0xfd28, 0x1320, 0x0000, 0xaaa0, 0x0000, 0x0000, 0x0000, 
  0x0000, 0x0000, 0x0000, 0x0000, 0x0000, 0x0000, 0x0000, 0x0000, 0x0000, 0x0000, 0x0000, 0x0000, 0x0000, 0x0000, 0x0000, 0x0000, 
  0x0000, 0x0000, 0x0000, 0x0000, 0x0000, 0x0000, 0x0000, 0x0000, 0x0000, 0x0000, 0x0000, 0x0000, 0x0000, 0x0000, 0x0000, 0x0000, 
  0x0000, 0x0000, 0x0000, 0x0000, 0x0000, 0x0000, 0x0000, 0x0000, 0x0000, 0x0000, 0x0000, 0x0000, 0x0000, 0x0000, 0x0000, 0x0000, 
  0x0000, 0x0000, 0x000c, 0x3000, 0x0000, 0x03a6, 0x12fd, 0x603f, 0xfb60, 0xffed, 0x07ff, 0x681f, 0xfb40, 0xffed, 0x07df, 0x681f, 
  0xdac0, 0x4800, 0x0017, 0x3800, 0x0000, 0x0000, 0x0000, 0x0000, 0xfb40, 0xe7ed, 0x07ff, 0x681f, 0xfb40, 0xffed, 0x07ff, 0x681f, 
  0xf340, 0xfe6b, 0x0940, 0x0000, 0xfbe0, 0x0000, 0x0000, 0x0000, 0x0000, 0x0000, 0x0000, 0x0000, 0x0000, 0x0000, 0x0000, 0x0000, 
  0x0000, 0x0000, 0x0000, 0x0000, 0x0000, 0x0000, 0x0000, 0x0000, 0x0000, 0x0000, 0x0000, 0x0000, 0x0000, 0x0000, 0x0000, 0x0000, 
  0x0000, 0x0000, 0x0000, 0x0000, 0x0000, 0x0000, 0x0000, 0x0000, 0x0000, 0x0000, 0x0000, 0x0000, 0x0000, 0x0000, 0x0000, 0x0000, 
  0x0000, 0x0000, 0x0000, 0x0000, 0xcb20, 0x0000, 0x001c, 0x602d, 0xfb60, 0xffed, 0x07df, 0x681f, 0xfb40, 0xffed, 0x07ff, 0x681f, 
  0xfb40, 0xffed, 0x07ff, 0x681f, 0xfb40, 0xffed, 0x07ff, 0x681f, 0xfb40, 0xffed, 0x07ff, 0x681f, 0xfb40, 0xffed, 0x07ff, 0x681f, 
  0xfb40, 0xffed, 0x07ff, 0x681f, 0xfb40, 0xffed, 0x07ff, 0x681f, 0xfb40, 0xffed, 0x07ff, 0x681f, 0xfb40, 0xff2c, 0x07f4, 0x4083, 
  0x0000, 0x07ff, 0x0000, 0x0000, 0x0000, 0x0000, 0x0000, 0x0000, 0x0000, 0x0000, 0x0000, 0x0000, 0x0000, 0x0000, 0x0000, 0x0000, 
  0x0000, 0x0000, 0x0000, 0x0000, 0x0000, 0x0000, 0x0000, 0x0000, 0x0000, 0x0000, 0x0000, 0x0000, 0x0000, 0x0000, 0x0000, 0x0000, 
  0x0000, 0x0000, 0x0000, 0x0000, 0x0000, 0x0000, 0x0000, 0x0000, 0x0000, 0x0000, 0x0000, 0x0000, 0x0000, 0x0000, 0x0013, 0x3000, 
  0x0000, 0x0000, 0x0000, 0x0000, 0x0000, 0x0000, 0x0000, 0x0000, 0x0000, 0x0000, 0x0000, 0x0000, 0x0000, 0x0000, 0x0000, 0x0000, 
  0x0000, 0x0000, 0x0000, 0x0000, 0x0000, 0x0000, 0x0000, 0x0000, 0x0000, 0x0000, 0x0000, 0x0000, 0x0000, 0x0000, 0x0000, 0x0000, 
  0x0000, 0x0000, 0x0000, 0x0000, 0x0000, 0x0000, 0x0000, 0x0000, 0x0000, 0x0000, 0x0000, 0x0000, 0x0000, 0x0000, 0x0000, 0x0000, 
  0x0000, 0x0000, 0x0000, 0x0000, 0xb9e0, 0x0000, 0x0010, 0x38d1, 0xf320, 0xffed, 0x07df, 0x681f, 0xfb40, 0xffed, 0x07ff, 0x681f, 
  0xfb40, 0xffed, 0x07ff, 0x681f, 0xfb40, 0xffed, 0x07df, 0x681f, 0xfb60, 0xffed, 0x07df, 0x681f, 0xfb40, 0xffed, 0x07ff, 0x681f, 
  0xfb40, 0xffed, 0x07ff, 0x681f, 0xfb20, 0xffed, 0x07fe, 0x683f, 0xba61, 0x6000, 0x0017, 0x3800, 0x0000, 0x0000, 0x0000, 0x0000, 
  0x0000, 0x0000, 0x0000, 0x0000, 0x0000, 0x0000, 0x0000, 0x0000, 0x0000, 0x0000, 0x0000, 0x0000, 0x0000, 0x0000, 0x0000, 0x0000, 
  0x0000, 0x0000, 0x0000, 0x0000, 0x0000, 0x0000, 0x0000, 0x0000, 0x0000, 0x0000, 0x0000, 0x0000, 0x0000, 0x0000, 0x0000, 0x0000, 
  0x0000, 0x0000, 0x0000, 0x0000, 0x0000, 0x0000, 0x0000, 0x0000, 0x0000, 0x0000, 0x0000, 0x0000, 0x0000, 0x0000, 0x0000, 0x0000, 
  0x0000, 0x0000, 0x000c, 0x3000, 0x0000, 0x03a6, 0x12fd, 0x603f, 0xfb60, 0xffed, 0x07ff, 0x681f, 0xfb40, 0xffed, 0x07df, 0x681f, 
  0xdac0, 0x4800, 0x0017, 0x3800, 0x0000, 0x0000, 0x0000, 0x0000, 0xfb40, 0xe7ed, 0x07ff, 0x681f, 0xfb40, 0xffed, 0x07ff, 0x681f, 
  0xf340, 0xfe6b, 0x0940, 0x0000, 0xfbe0, 0x0000, 0x0000, 0x0000, 0x0000, 0x0000, 0x0000, 0x0000, 0x0000, 0x0000, 0x0000, 0x0000, 
  0x0000, 0x0000, 0x0000, 0x0000, 0x0000, 0x0000, 0x0000, 0x0000, 0x0000, 0x0000, 0x0000, 0x0000, 0x0000, 0x0000, 0x0000, 0x0000, 
  0x0000, 0x0000, 0x0000, 0x0000, 0x0000, 0x0000, 0x0000, 0x0000, 0x0000, 0x0000, 0x0000, 0x0000, 0x0000, 0x0000, 0x0000, 0x0000, 
  0x0000, 0x0000, 0x0000, 0x0000, 0xffe0, 0x0000, 0x0018, 0x5871, 0xfb80, 0xffed, 0x07df, 0x681f, 0xfb40, 0xffed, 0x07ff, 0x681f, 
  0xfb40, 0xffed, 0x07ff, 0x681f, 0xfb40, 0xffed, 0x07ff, 0x681f, 0xfb40, 0xffed, 0x07ff, 0x681f, 0xfb40, 0xffed, 0x07ff, 0x681f, 
  0xfb40, 0xffed, 0x07ff, 0x681f, 0xfb40, 0xffed, 0x07ff, 0x681f, 0xfb40, 0xffed, 0x07ff, 0x681f, 0xfb40, 0xff0b, 0x07f2, 0x3883, 
  0x0000, 0x07e0, 0x0000, 0x0000, 0x0000, 0x0000, 0x0000, 0x0000, 0x0000, 0x0000, 0x0000, 0x0000, 0x0000, 0x0000, 0x0000, 0x0000, 
  0x0000, 0x0000, 0x0000, 0x0000, 0x0000, 0x0000, 0x0000, 0x0000, 0x0000, 0x0000, 0x0000, 0x0000, 0x0000, 0x0000, 0x0000, 0x0000, 
  0x0000, 0x0000, 0x0000, 0x0000, 0x0000, 0x0000, 0x0000, 0x0000, 0x0000, 0x0000, 0x0000, 0x0000, 0x0000, 0x0000, 0x0013, 0x3000, 
  0x0000, 0x0000, 0x0000, 0x0000, 0x0000, 0x0000, 0x0000, 0x0000, 0x0000, 0x0000, 0x0000, 0x0000, 0x0000, 0x0000, 0x0000, 0x0000, 
  0x0000, 0x0000, 0x0000, 0x0000, 0x0000, 0x0000, 0x0000, 0x0000, 0x0000, 0x0000, 0x0000, 0x0000, 0x0000, 0x0000, 0x0000, 0x0000, 
  0x0000, 0x0000, 0x0000, 0x0000, 0x0000, 0x0000, 0x0000, 0x0000, 0x0000, 0x0000, 0x0000, 0x0000, 0x0000, 0x0000, 0x0000, 0x0000, 
  0x0000, 0x0000, 0x0000, 0x0000, 0x0000, 0x07ef, 0x0000, 0x0000, 0xaa41, 0x97ed, 0x07ff, 0x681f, 0xfb40, 0xffed, 0x07ff, 0x681f, 
  0xfb40, 0xffed, 0x07ff, 0x681f, 0xfb40, 0xffed, 0x07ff, 0x681f, 0xfb40, 0xffed, 0x07ff, 0x681f, 0xfb40, 0xffed, 0x07ff, 0x681f, 
  0xfb40, 0xffed, 0x07ff, 0x681f, 0xfb40, 0xffcd, 0x07fa, 0x582c, 0x0000, 0x066c, 0x0020, 0x0000, 0x0000, 0x0000, 0x0000, 0x0000, 
  0x0000, 0x0000, 0x0000, 0x0000, 0x0000, 0x0000, 0x0000, 0x0000, 0x0000, 0x0000, 0x0000, 0x0000, 0x0000, 0x0000, 0x0000, 0x0000, 
  0x0000, 0x0000, 0x0000, 0x0000, 0x0000, 0x0000, 0x0000, 0x0000, 0x0000, 0x0000, 0x0000, 0x0000, 0x0000, 0x0000, 0x0000, 0x0000, 
  0x0000, 0x0000, 0x0000, 0x0000, 0x0000, 0x0000, 0x0000, 0x0000, 0x0000, 0x0000, 0x0000, 0x0000, 0x0000, 0x0000, 0x0000, 0x0000, 
  0x0000, 0x0000, 0x000c, 0x3000, 0x0000, 0x03a6, 0x12fd, 0x603f, 0xfb60, 0xffed, 0x07ff, 0x681f, 0xfb40, 0xffed, 0x07df, 0x681f, 
  0xdac0, 0x4800, 0x0017, 0x3800, 0x0000, 0x0000, 0x0000, 0x0000, 0xfb40, 0xe7ed, 0x07ff, 0x681f, 0xfb40, 0xffed, 0x07ff, 0x681f, 
  0xf340, 0xfe6b, 0x0940, 0x0000, 0xfbe0, 0x0000, 0x0000, 0x0000, 0x0000, 0x0000, 0x0000, 0x0000, 0x0000, 0x0000, 0x0000, 0x0000, 
  0x0000, 0x0000, 0x0000, 0x0000, 0x0000, 0x0000, 0x0000, 0x0000, 0x0000, 0x0000, 0x0000, 0x0000, 0x0000, 0x0000, 0x0000, 0x0000, 
  0x0000, 0x0000, 0x0000, 0x0000, 0x0000, 0x0000, 0x0000, 0x0000, 0x0000, 0x0000, 0x0000, 0x0000, 0x0000, 0x0000, 0x0000, 0x0000, 
  0x0000, 0x0000, 0x001f, 0x0000, 0x0000, 0x0000, 0x38b5, 0x489f, 0xfb60, 0xffed, 0x07ff, 0x681f, 0xfb40, 0xffed, 0x07ff, 0x681f, 
  0xfb40, 0xffed, 0x07ff, 0x681f, 0xfb40, 0xffed, 0x07ff, 0x681f, 0xfb40, 0xffed, 0x07ff, 0x681f, 0xfb40, 0xffed, 0x07ff, 0x681f, 
  0xfb40, 0xffed, 0x07ff, 0x681f, 0xfb40, 0xffed, 0x07ff, 0x681f, 0xfb40, 0xffed, 0x07ff, 0x681f, 0xfb60, 0xfe8b, 0x0fed, 0x28c3, 
  0x0000, 0x07e0, 0x0000, 0x0000, 0x0000, 0x0000, 0x0000, 0x0000, 0x0000, 0x0000, 0x0000, 0x0000, 0x0000, 0x0000, 0x0000, 0x0000, 
  0x0000, 0x0000, 0x0000, 0x0000, 0x0000, 0x0000, 0x0000, 0x0000, 0x0000, 0x0000, 0x0000, 0x0000, 0x0000, 0x0000, 0x0000, 0x0000, 
  0x0000, 0x0000, 0x0000, 0x0000, 0x0000, 0x0000, 0x0000, 0x0000, 0x0000, 0x0000, 0x0000, 0x0000, 0x0000, 0x0000, 0x0013, 0x3000, 
  0x0000, 0x0000, 0x0000, 0x0000, 0x0000, 0x0000, 0x0000, 0x0000, 0x0000, 0x0000, 0x0000, 0x0000, 0x0000, 0x0000, 0x0000, 0x0000, 
  0x0000, 0x0000, 0x0000, 0x0000, 0x0000, 0x0000, 0x0000, 0x0000, 0x0000, 0x0000, 0x0000, 0x0000, 0x0000, 0x0000, 0x0000, 0x0000, 
  0x0000, 0x0000, 0x0000, 0x0000, 0x0000, 0x0000, 0x0000, 0x0000, 0x0000, 0x0000, 0x0000, 0x0000, 0x0000, 0x0000, 0x0000, 0x0000, 
  0x0000, 0x0000, 0x0000, 0x0000, 0x0000, 0x0000, 0x001f, 0x7800, 0x0000, 0x0528, 0x145d, 0x603f, 0xfb60, 0xffed, 0x07df, 0x681f, 
  0xfb40, 0xffed, 0x07ff, 0x681f, 0xfb40, 0xffed, 0x07ff, 0x681f, 0xfb40, 0xffed, 0x07ff, 0x681f, 0xfb40, 0xffed, 0x07ff, 0x681f, 
  0xfb40, 0xffed, 0x07ff, 0x681f, 0xf320, 0xfe6a, 0x0300, 0x0000, 0xfbe0, 0x0000, 0x0000, 0x0000, 0x0000, 0x0000, 0x0000, 0x0000, 
  0x0000, 0x0000, 0x0000, 0x0000, 0x0000, 0x0000, 0x0000, 0x0000, 0x0000, 0x0000, 0x0000, 0x0000, 0x0000, 0x0000, 0x0000, 0x0000, 
  0x0000, 0x0000, 0x0000, 0x0000, 0x0000, 0x0000, 0x0000, 0x0000, 0x0000, 0x0000, 0x0000, 0x0000, 0x0000, 0x0000, 0x0000, 0x0000, 
  0x0000, 0x0000, 0x0000, 0x0000, 0x0000, 0x0000, 0x0000, 0x0000, 0x0000, 0x0000, 0x0000, 0x0000, 0x0000, 0x0000, 0x0000, 0x0000, 
  0x0000, 0x0000, 0x000c, 0x3000, 0x0000, 0x03a6, 0x12fd, 0x603f, 0xfb60, 0xffed, 0x07ff, 0x681f, 0xfb40, 0xffed, 0x07df, 0x681f, 
  0xdac0, 0x4800, 0x0017, 0x3800, 0x0000, 0x0000, 0x0000, 0x0000, 0xfb40, 0xe7ed, 0x07ff, 0x681f, 0xfb40, 0xffed, 0x07ff, 0x681f, 
  0xf340, 0xfe6b, 0x0940, 0x0000, 0xfbe0, 0x0000, 0x0000, 0x0000, 0x0000, 0x0000, 0x0000, 0x0000, 0x0000, 0x0000, 0x0000, 0x0000, 
  0x0000, 0x0000, 0x0000, 0x0000, 0x0000, 0x0000, 0x0000, 0x0000, 0x0000, 0x0000, 0x0000, 0x0000, 0x0000, 0x0000, 0x0000, 0x0000, 
  0x0000, 0x0000, 0x0000, 0x0000, 0x0000, 0x0000, 0x0000, 0x0000, 0x0000, 0x0000, 0x0000, 0x0000, 0x0000, 0x0000, 0x0000, 0x0000, 
  0x0000, 0x0000, 0x001f, 0x0000, 0x0000, 0x0305, 0x20b9, 0x505f, 0xfb60, 0xffed, 0x07ff, 0x681f, 0xfb40, 0xffed, 0x07ff, 0x681f, 
  0xfb40, 0xffed, 0x07ff, 0x681f, 0xfb40, 0xffed, 0x07ff, 0x681f, 0xfb40, 0xffed, 0x07ff, 0x681f, 0xfb40, 0xffed, 0x07ff, 0x681f, 
  0xfb40, 0xffed, 0x07ff, 0x681f, 0xfb40, 0xffed, 0x07ff, 0x681f, 0xfb40, 0xffed, 0x07ff, 0x681f, 0xfb60, 0xfe0a, 0x0fe7, 0x2163, 
  0x0000, 0x07e0, 0x0000, 0x0000, 0x0000, 0x0000, 0x0000, 0x0000, 0x0000, 0x0000, 0x0000, 0x0000, 0x0000, 0x0000, 0x0000, 0x0000, 
  0x0000, 0x0000, 0x0000, 0x0000, 0x0000, 0x0000, 0x0000, 0x0000, 0x0000, 0x0000, 0x0000, 0x0000, 0x0000, 0x0000, 0x0000, 0x0000, 
  0x0000, 0x0000, 0x0000, 0x0000, 0x0000, 0x0000, 0x0000, 0x0000, 0x0000, 0x0000, 0x0000, 0x0000, 0x0000, 0x0000, 0x0013, 0x3000, 
  0x0000, 0x0000, 0x0000, 0x0000, 0x0000, 0x0000, 0x0000, 0x0000, 0x0000, 0x0000, 0x0000, 0x0000, 0x0000, 0x0000, 0x0000, 0x0000, 
  0x0000, 0x0000, 0x0000, 0x0000, 0x0000, 0x0000, 0x0000, 0x0000, 0x0000, 0x0000, 0x0000, 0x0000, 0x0000, 0x0000, 0x0000, 0x0000, 
  0x0000, 0x0000, 0x0000, 0x0000, 0x0000, 0x0000, 0x0000, 0x0000, 0x0000, 0x0000, 0x0000, 0x0000, 0x0000, 0x0000, 0x0000, 0x0000, 
  0x0000, 0x0000, 0x0000, 0x0000, 0x0000, 0x0000, 0x0000, 0x0000, 0xb9e0, 0x0000, 0x000f, 0x30f2, 0xd2c1, 0xffee, 0x07ff, 0x681f, 
  0xfb20, 0xffed, 0x07ff, 0x681f, 0xfb40, 0xffed, 0x07ff, 0x681f, 0xfb40, 0xffed, 0x07ff, 0x681f, 0xfb40, 0xffed, 0x07ff, 0x681f, 
  0xfb40, 0xffee, 0x07da, 0x585f, 0x9a02, 0x6800, 0x0013, 0x3000, 0x0000, 0x0000, 0x0000, 0x0000, 0x0000, 0x0000, 0x0000, 0x0000, 
  0x0000, 0x0000, 0x0000, 0x0000, 0x0000, 0x0000, 0x0000, 0x0000, 0x0000, 0x0000, 0x0000, 0x0000, 0x0000, 0x0000, 0x0000, 0x0000, 
  0x0000, 0x0000, 0x0000, 0x0000, 0x0000, 0x0000, 0x0000, 0x0000, 0x0000, 0x0000, 0x0000, 0x0000, 0x0000, 0x0000, 0x0000, 0x0000, 
  0x0000, 0x0000, 0x0000, 0x0000, 0x0000, 0x0000, 0x0000, 0x0000, 0x0000, 0x0000, 0x0000, 0x0000, 0x0000, 0x0000, 0x0000, 0x0000, 
  0x0000, 0x0000, 0x000c, 0x3000, 0x0000, 0x03a6, 0x12fd, 0x603f, 0xfb60, 0xffed, 0x07ff, 0x681f, 0xfb40, 0xffed, 0x07df, 0x681f, 
  0xdac0, 0x4800, 0x0017, 0x3800, 0x0000, 0x0000, 0x0000, 0x0000, 0xfb40, 0xe7ed, 0x07ff, 0x681f, 0xfb40, 0xffed, 0x07ff, 0x681f, 
  0xf340, 0xfe6b, 0x0940, 0x0000, 0xfbe0, 0x0000, 0x0000, 0x0000, 0x0000, 0x0000, 0x0000, 0x0000, 0x0000, 0x0000, 0x0000, 0x0000, 
  0x0000, 0x0000, 0x0000, 0x0000, 0x0000, 0x0000, 0x0000, 0x0000, 0x0000, 0x0000, 0x0000, 0x0000, 0x0000, 0x0000, 0x0000, 0x0000, 
  0x0000, 0x0000, 0x0000, 0x0000, 0x0000, 0x0000, 0x0000, 0x0000, 0x0000, 0x0000, 0x0000, 0x0000, 0x0000, 0x0000, 0x0000, 0x0000, 
  0x0000, 0x0000, 0x001f, 0x0000, 0x0000, 0x0489, 0x18bb, 0x583f, 0xfb40, 0xffed, 0x07ff, 0x681f, 0xfb40, 0xffed, 0x07ff, 0x681f, 
  0xfb40, 0xffed, 0x07ff, 0x681f, 0xfb40, 0xffed, 0x07ff, 0x681f, 0xfb40, 0xffed, 0x07ff, 0x681f, 0xfb40, 0xffed, 0x07ff, 0x681f, 
  0xfb40, 0xffed, 0x07ff, 0x681f, 0xfb40, 0xffed, 0x07ff, 0x681f, 0xfb40, 0xffed, 0x07ff, 0x681f, 0xfb60, 0xfdea, 0x17e6, 0x11a3, 
  0x0000, 0x07e0, 0x0000, 0x0000, 0x0000, 0x0000, 0x0000, 0x0000, 0x0000, 0x0000, 0x0000, 0x0000, 0x0000, 0x0000, 0x0000, 0x0000, 
  0x0000, 0x0000, 0x0000, 0x0000, 0x0000, 0x0000, 0x0000, 0x0000, 0x0000, 0x0000, 0x0000, 0x0000, 0x0000, 0x0000, 0x0000, 0x0000, 
  0x0000, 0x0000, 0x0000, 0x0000, 0x0000, 0x0000, 0x0000, 0x0000, 0x0000, 0x0000, 0x0000, 0x0000, 0x0000, 0x0000, 0x0013, 0x3000, 
  0x0000, 0x0000, 0x0000, 0x0000, 0x0000, 0x0000, 0x0000, 0x0000, 0x0000, 0x0000, 0x0000, 0x0000, 0x0000, 0x0000, 0x0000, 0x0000, 
  0x0000, 0x0000, 0x0000, 0x0000, 0x0000, 0x0000, 0x0000, 0x0000, 0x0000, 0x0000, 0x0000, 0x0000, 0x0000, 0x0000, 0x0000, 0x0000, 
  0x0000, 0x0000, 0x0000, 0x0000, 0x0000, 0x0000, 0x0000, 0x0000, 0x0000, 0x0000, 0x0000, 0x0000, 0x0000, 0x0000, 0x0000, 0x0000, 
  0x0000, 0x0000, 0x0000, 0x0000, 0x0000, 0x0000, 0x0000, 0x0000, 0x0000, 0x054a, 0x0000, 0x0000, 0x6944, 0x1e6a, 0x051f, 0x681d, 
  0xfb80, 0xffed, 0x07ff, 0x681f, 0xfb40, 0xffed, 0x07df, 0x681f, 0xfb40, 0xffed, 0x07df, 0x681f, 0xfb40, 0xffed, 0x07ff, 0x681f, 
  0xfb60, 0xfecb, 0x0d60, 0x02a0, 0x3807, 0x07ef, 0x0000, 0x0000, 0x0000, 0x0000, 0x0000, 0x0000, 0x0000, 0x0000, 0x0000, 0x0000, 
  0x0000, 0x0000, 0x0000, 0x0000, 0x0000, 0x0000, 0x0000, 0x0000, 0x0000, 0x0000, 0x0000, 0x0000, 0x0000, 0x0000, 0x0000, 0x0000, 
  0x0000, 0x0000, 0x0000, 0x0000, 0x0000, 0x0000, 0x0000, 0x0000, 0x0000, 0x0000, 0x0000, 0x0000, 0x0000, 0x0000, 0x0000, 0x0000, 
  0x0000, 0x0000, 0x0000, 0x0000, 0x0000, 0x0000, 0x0000, 0x0000, 0x0000, 0x0000, 0x0000, 0x0000, 0x0000, 0x0000, 0x0000, 0x0000, 
  0x0000, 0x0000, 0x000c, 0x3000, 0x0000, 0x03a6, 0x12fd, 0x603f, 0xfb60, 0xffed, 0x07ff, 0x681f, 0xfb40, 0xffed, 0x07df, 0x681f, 
  0xdac0, 0x4800, 0x0017, 0x3800, 0x0000, 0x0000, 0x0000, 0x0000, 0xfb40, 0xe7ed, 0x07ff, 0x681f, 0xfb40, 0xffed, 0x07ff, 0x681f, 
  0xf340, 0xfe6b, 0x0940, 0x0000, 0xfbe0, 0x0000, 0x0000, 0x0000, 0x0000, 0x0000, 0x0000, 0x0000, 0x0000, 0x0000, 0x0000, 0x0000, 
  0x0000, 0x0000, 0x0000, 0x0000, 0x0000, 0x0000, 0x0000, 0x0000, 0x0000, 0x0000, 0x0000, 0x0000, 0x0000, 0x0000, 0x0000, 0x0000, 
  0x0000, 0x0000, 0x0000, 0x0000, 0x0000, 0x0000, 0x0000, 0x0000, 0x0000, 0x0000, 0x0000, 0x0000, 0x0000, 0x0000, 0x0000, 0x0000, 
  0x0000, 0x0000, 0x001f, 0x7800, 0x0000, 0x0447, 0x127e, 0x601f, 0xfb40, 0xffed, 0x07ff, 0x681f, 0xfb40, 0xffed, 0x07ff, 0x681f, 
  0xfb40, 0xffed, 0x07ff, 0x681f, 0xfb40, 0xffed, 0x07ff, 0x681f, 0xfb40, 0xffed, 0x07ff, 0x681f, 0xfb40, 0xffed, 0x07ff, 0x681f, 
  0xfb40, 0xffed, 0x07ff, 0x681f, 0xfb40, 0xffed, 0x07ff, 0x681f, 0xfb40, 0xffed, 0x07ff, 0x681f, 0xfb60, 0xfda9, 0x0e60, 0x0321, 
  0x0000, 0x0000, 0x0000, 0x0000, 0x0000, 0x0000, 0x0000, 0x0000, 0x0000, 0x0000, 0x0000, 0x0000, 0x0000, 0x0000, 0x0000, 0x0000, 
  0x0000, 0x0000, 0x0000, 0x0000, 0x0000, 0x0000, 0x0000, 0x0000, 0x0000, 0x0000, 0x0000, 0x0000, 0x0000, 0x0000, 0x0000, 0x0000, 
  0x0000, 0x0000, 0x0000, 0x0000, 0x0000, 0x0000, 0x0000, 0x0000, 0x0000, 0x0000, 0x0000, 0x0000, 0x0000, 0x0000, 0x0013, 0x3000, 
  0x52a0, 0x0000, 0x0000, 0x0000, 0x0000, 0x0000, 0x0000, 0x0000, 0x0000, 0x0000, 0x0000, 0x0000, 0x0000, 0x0000, 0x0000, 0x0000, 
  0x0000, 0x0000, 0x0000, 0x0000, 0x0000, 0x0000, 0x0000, 0x0000, 0x0000, 0x0000, 0x0000, 0x0000, 0x0000, 0x0000, 0x0000, 0x0000, 
  0x0000, 0x0000, 0x0000, 0x0000, 0x0000, 0x0000, 0x0000, 0x0000, 0x0000, 0x0000, 0x0000, 0x0000, 0x0000, 0x0000, 0x0000, 0x0000, 
  0x0000, 0x0000, 0x0000, 0x0000, 0x0000, 0x0000, 0x0000, 0x0000, 0x0000, 0x0000, 0x001f, 0x7800, 0x0000, 0x0000, 0x0017, 0x4864, 
  0xba81, 0x9eab, 0x077e, 0x603e, 0xfb60, 0xffed, 0x07ff, 0x701f, 0xfb80, 0xffed, 0x07ff, 0x681f, 0xfb40, 0xff2b, 0x0756, 0x487b, 
  0x99e2, 0x4982, 0x3060, 0x0000, 0xaaa0, 0x0000, 0x0000, 0x0000, 0x0000, 0x0000, 0x0000, 0x0000, 0x0000, 0x0000, 0x0000, 0x0000, 
  0x0000, 0x0000, 0x0000, 0x0000, 0x0000, 0x0000, 0x0000, 0x0000, 0x0000, 0x0000, 0x0000, 0x0000, 0x0000, 0x0000, 0x0000, 0x0000, 
  0x0000, 0x0000, 0x0000, 0x0000, 0x0000, 0x0000, 0x0000, 0x0000, 0x0000, 0x0000, 0x0000, 0x0000, 0x0000, 0x0000, 0x0000, 0x0000, 
  0x0000, 0x0000, 0x0000, 0x0000, 0x0000, 0x0000, 0x0000, 0x0000, 0x0000, 0x0000, 0x0000, 0x0000, 0x0000, 0x0000, 0x0000, 0x0000, 
  0x0000, 0x0000, 0x000c, 0x3000, 0x0000, 0x03a6, 0x12fd, 0x603f, 0xfb60, 0xffed, 0x07ff, 0x681f, 0xfb40, 0xffed, 0x07df, 0x681f, 
  0xdac0, 0x4800, 0x0017, 0x3800, 0x0000, 0x0000, 0x0000, 0x0000, 0xfb40, 0xe7ed, 0x07ff, 0x681f, 0xfb40, 0xffed, 0x07ff, 0x681f, 
  0xf340, 0xfe6b, 0x0940, 0x0000, 0xfbe0, 0x0000, 0x0000, 0x0000, 0x0000, 0x0000, 0x0000, 0x0000, 0x0000, 0x0000, 0x0000, 0x0000, 
  0x0000, 0x0000, 0x0000, 0x0000, 0x0000, 0x0000, 0x0000, 0x0000, 0x0000, 0x0000, 0x0000, 0x0000, 0x0000, 0x0000, 0x0000, 0x0000, 
  0x0000, 0x0000, 0x0000, 0x0000, 0x0000, 0x0000, 0x0000, 0x0000, 0x0000, 0x0000, 0x0000, 0x0000, 0x0000, 0x0000, 0x0000, 0x0000, 
  0x0000, 0x0000, 0x0017, 0x3800, 0x0000, 0x0549, 0x15bf, 0x681f, 0xfb40, 0xffed, 0x07ff, 0x681f, 0xfb40, 0xffed, 0x07ff, 0x681f, 
  0xfb40, 0xffed, 0x07ff, 0x681f, 0xfb40, 0xffed, 0x07ff, 0x681f, 0xfb40, 0xffed, 0x07ff, 0x681f, 0xfb40, 0xffed, 0x07ff, 0x681f, 
  0xfb40, 0xffed, 0x07ff, 0x681f, 0xfb40, 0xffed, 0x07ff, 0x681f, 0xfb40, 0xffed, 0x07ff, 0x681f, 0xfb80, 0xff2b, 0x03a0, 0x0000, 
  0xfb20, 0x0000, 0x0000, 0x0000, 0x0000, 0x0000, 0x0000, 0x0000, 0x0000, 0x0000, 0x0000, 0x0000, 0x0000, 0x0000, 0x0000, 0x0000, 
  0x0000, 0x0000, 0x0000, 0x0000, 0x0000, 0x0000, 0x0000, 0x0000, 0x0000, 0x0000, 0x0000, 0x0000, 0x0000, 0x0000, 0x0000, 0x0000, 
  0x0000, 0x0000, 0x0000, 0x0000, 0x0000, 0x0000, 0x0000, 0x0000, 0x0000, 0x0000, 0x0000, 0x0000, 0x0000, 0x0000, 0x0019, 0x6000, 
  0xb9e0, 0x0000, 0x0000, 0x0000, 0x0000, 0x0000, 0x0000, 0x0000, 0x0000, 0x0000, 0x0000, 0x0000, 0x0000, 0x0000, 0x0000, 0x0000, 
  0x0000, 0x0000, 0x0000, 0x0000, 0x0000, 0x0000, 0x0000, 0x0000, 0x0000, 0x0000, 0x0000, 0x0000, 0x0000, 0x0000, 0x0000, 0x0000, 
  0x0000, 0x0000, 0x0000, 0x0000, 0x0000, 0x0000, 0x0000, 0x0000, 0x0000, 0x0000, 0x0000, 0x0000, 0x0000, 0x0000, 0x0000, 0x0000, 
  0x0000, 0x0000, 0x0000, 0x0000, 0x0000, 0x0000, 0x0000, 0x0000, 0x0000, 0x0000, 0x0000, 0x0000, 0x0000, 0x07ef, 0x003f, 0x0000, 
  0x500a, 0x0000, 0x000f, 0x30cb, 0xaa41, 0x968b, 0x0c5b, 0x5831, 0xe2e0, 0x8eab, 0x0c58, 0x5071, 0x81c3, 0x8a44, 0x3060, 0x0000, 
  0x0000, 0x054a, 0x0000, 0x0000, 0x0000, 0x0000, 0x0000, 0x0000, 0x0000, 0x0000, 0x0000, 0x0000, 0x0000, 0x0000, 0x0000, 0x0000, 
  0x0000, 0x0000, 0x0000, 0x0000, 0x0000, 0x0000, 0x0000, 0x0000, 0x0000, 0x0000, 0x0000, 0x0000, 0x0000, 0x0000, 0x0000, 0x0000, 
  0x0000, 0x0000, 0x0000, 0x0000, 0x0000, 0x0000, 0x0000, 0x0000, 0x0000, 0x0000, 0x0000, 0x0000, 0x0000, 0x0000, 0x0000, 0x0000, 
  0x0000, 0x0000, 0x0000, 0x0000, 0x0000, 0x0000, 0x0000, 0x0000, 0x0000, 0x0000, 0x0000, 0x0000, 0x0000, 0x0000, 0x0000, 0x0000, 
  0x0000, 0x0000, 0x000c, 0x3000, 0x0000, 0x03a6, 0x12fd, 0x603f, 0xfb60, 0xffed, 0x07ff, 0x681f, 0xfb40, 0xffed, 0x07df, 0x681f, 
  0xd2a0, 0x4800, 0x0017, 0x3800, 0x0000, 0x0000, 0x0000, 0x0000, 0xfb40, 0xe7ed, 0x07ff, 0x681f, 0xfb40, 0xffed, 0x07ff, 0x681f, 
  0xf340, 0xfe6b, 0x0940, 0x0000, 0xfbe0, 0x0000, 0x0000, 0x0000, 0x0000, 0x0000, 0x0000, 0x0000, 0x0000, 0x0000, 0x0000, 0x0000, 
  0x0000, 0x0000, 0x0000, 0x0000, 0x0000, 0x0000, 0x0000, 0x0000, 0x0000, 0x0000, 0x0000, 0x0000, 0x0000, 0x0000, 0x0000, 0x0000, 
  0x0000, 0x0000, 0x0000, 0x0000, 0x0000, 0x0000, 0x0000, 0x0000, 0x0000, 0x0000, 0x0000, 0x0000, 0x0000, 0x0000, 0x0000, 0x0000, 
  0x0000, 0x0000, 0x001f, 0x7800, 0x0000, 0x06cb, 0x059f, 0x681f, 0xfb40, 0xffed, 0x07ff, 0x681f, 0xfb40, 0xffed, 0x07ff, 0x681f, 
  0xfb40, 0xffed, 0x07ff, 0x681f, 0xfb40, 0xffed, 0x07ff, 0x681f, 0xfb40, 0xffed, 0x07ff, 0x681f, 0xfb40, 0xffed, 0x07ff, 0x681f, 
  0xfb40, 0xffed, 0x07ff, 0x681f, 0xfb40, 0xffed, 0x07ff, 0x681f, 0xfb40, 0xffed, 0x07ff, 0x681f, 0xfb60, 0xfeab, 0x03a0, 0x0000, 
  0xcb20, 0x0000, 0x0000, 0x0000, 0x0000, 0x0000, 0x0000, 0x0000, 0x0000, 0x0000, 0x0000, 0x0000, 0x0000, 0x0000, 0x0000, 0x0000, 
  0x0000, 0x0000, 0x0000, 0x0000, 0x0000, 0x0000, 0x0000, 0x0000, 0x0000, 0x0000, 0x0000, 0x0000, 0x0000, 0x0000, 0x0000, 0x0000, 
  0x0000, 0x0000, 0x0000, 0x0000, 0x0000, 0x0000, 0x0000, 0x0000, 0x0000, 0x0000, 0x0000, 0x0000, 0x0000, 0x0000, 0x0019, 0x6000, 
  0xcb20, 0x0000, 0x0000, 0x0000, 0x0000, 0x0000, 0x0000, 0x0000, 0x0000, 0x0000, 0x0000, 0x0000, 0x0000, 0x0000, 0x0000, 0x0000, 
  0x0000, 0x0000, 0x0000, 0x0000, 0x0000, 0x0000, 0x0000, 0x0000, 0x0000, 0x0000, 0x0000, 0x0000, 0x0000, 0x0000, 0x0000, 0x0000, 
  0x0000, 0x0000, 0x0000, 0x0000, 0x0000, 0x0000, 0x0000, 0x0000, 0x0000, 0x0000, 0x0000, 0x0000, 0x0000, 0x0000, 0x0000, 0x0000, 
  0x0000, 0x0000, 0x0000, 0x0000, 0x0000, 0x0000, 0x0000, 0x0000, 0x0000, 0x0000, 0x0000, 0x0000, 0x0000, 0x0000, 0x0017, 0x3800, 
  0xffe0, 0x0000, 0x0000, 0x0000, 0x0000, 0x0000, 0x0000, 0x0000, 0x0000, 0x0000, 0x0000, 0x0000, 0x0000, 0x0000, 0x0000, 0x0000, 
  0xbbe0, 0x0000, 0x0000, 0x0000, 0x0000, 0x0000, 0x0000, 0x0000, 0x0000, 0x0000, 0x0000, 0x0000, 0x0000, 0x0000, 0x0000, 0x0000, 
  0x0000, 0x0000, 0x0000, 0x0000, 0x0000, 0x0000, 0x0000, 0x0000, 0x0000, 0x0000, 0x0000, 0x0000, 0x0000, 0x0000, 0x0000, 0x0000, 
  0x0000, 0x0000, 0x0000, 0x0000, 0x0000, 0x0000, 0x0000, 0x0000, 0x0000, 0x0000, 0x0000, 0x0000, 0x0000, 0x0000, 0x0000, 0x0000, 
  0x0000, 0x0000, 0x0000, 0x0000, 0x0000, 0x0000, 0x0000, 0x0000, 0x0000, 0x0000, 0x0000, 0x0000, 0x0000, 0x0000, 0x0000, 0x0000, 
  0x0000, 0x0000, 0x000c, 0x3000, 0x0000, 0x03a6, 0x12fd, 0x603f, 0xfb60, 0xffed, 0x07ff, 0x681f, 0xfb40, 0xffed, 0x07df, 0x681f, 
  0xd2c0, 0x4800, 0x0017, 0x3800, 0x0000, 0x0000, 0x0000, 0x0000, 0xfb40, 0xe7ed, 0x07ff, 0x681f, 0xfb40, 0xffed, 0x07ff, 0x681f, 
  0xf340, 0xfe6b, 0x0940, 0x0000, 0xfbe0, 0x0000, 0x0000, 0x0000, 0x0000, 0x0000, 0x0000, 0x0000, 0x0000, 0x0000, 0x0000, 0x0000, 
  0x0000, 0x0000, 0x0000, 0x0000, 0x0000, 0x0000, 0x0000, 0x0000, 0x0000, 0x0000, 0x0000, 0x0000, 0x0000, 0x0000, 0x0000, 0x0000, 
  0x0000, 0x0000, 0x0000, 0x0000, 0x0000, 0x0000, 0x0000, 0x0000, 0x0000, 0x0000, 0x0000, 0x0000, 0x0000, 0x0000, 0x0000, 0x0000, 
  0x0000, 0x02aa, 0x0000, 0x0000, 0x40e4, 0x468a, 0x0fff, 0x681f, 0xfb40, 0xffed, 0x07ff, 0x681f, 0xfb40, 0xffed, 0x07ff, 0x681f, 
  0xfb40, 0xffed, 0x07ff, 0x681f, 0xfb40, 0xffed, 0x07ff, 0x681f, 0xfb40, 0xffed, 0x07ff, 0x681f, 0xfb40, 0xffed, 0x07ff, 0x681f, 
  0xfb40, 0xffed, 0x07ff, 0x681f, 0xfb40, 0xffed, 0x07ff, 0x681f, 0xfb40, 0xffed, 0x07ff, 0x681f, 0xfb40, 0xfd28, 0x13a0, 0x0000, 
  0x9980, 0x0000, 0x0000, 0x0000, 0x0000, 0x0000, 0x0000, 0x0000, 0x0000, 0x0000, 0x0000, 0x0000, 0x0000, 0x0000, 0x0000, 0x0000, 
  0x0000, 0x0000, 0x0000, 0x0000, 0x0000, 0x0000, 0x0000, 0x0000, 0x0000, 0x0000, 0x0000, 0x0000, 0x0000, 0x0000, 0x0000, 0x0000, 
  0x0000, 0x0000, 0x0000, 0x0000, 0x0000, 0x0000, 0x0000, 0x0000, 0x0000, 0x0000, 0x0000, 0x0000, 0x0000, 0x0000, 0x0019, 0x6000, 
  0x0000, 0x0000, 0x0000, 0x0000, 0x0000, 0x0000, 0x0000, 0x0000, 0x0000, 0x0000, 0x0000, 0x0000, 0x0000, 0x0000, 0x0000, 0x0000, 
  0x0000, 0x0000, 0x0000, 0x0000, 0x0000, 0x0000, 0x0000, 0x0000, 0x0000, 0x0000, 0x0000, 0x0000, 0x0000, 0x0000, 0x0000, 0x0000, 
  0x0000, 0x0000, 0x0000, 0x0000, 0x0000, 0x0000, 0x0000, 0x0000, 0x0000, 0x0000, 0x0000, 0x0000, 0x0000, 0x0000, 0x0000, 0x0000, 
  0x0000, 0x0000, 0x0000, 0x0000, 0x0000, 0x0000, 0x0000, 0x0000, 0x0000, 0x0000, 0x0000, 0x0000, 0x0000, 0x0000, 0x0000, 0x0000, 
  0x0000, 0x0000, 0x000a, 0x5000, 0xb9e0, 0x05e7, 0x0037, 0x3800, 0xfbe0, 0x05e7, 0x0037, 0x3800, 0x79e0, 0x0000, 0x0000, 0x0000, 
  0x0000, 0x0000, 0x0000, 0x0000, 0x0000, 0x0000, 0x0000, 0x0000, 0x0000, 0x0000, 0x0000, 0x0000, 0x0000, 0x0000, 0x0000, 0x0000, 
  0x0000, 0x0000, 0x0000, 0x0000, 0x0000, 0x0000, 0x0000, 0x0000, 0x0000, 0x0000, 0x0000, 0x0000, 0x0000, 0x0000, 0x0000, 0x0000, 
  0x0000, 0x0000, 0x0000, 0x0000, 0x0000, 0x0000, 0x0000, 0x0000, 0x0000, 0x0000, 0x0000, 0x0000, 0x0000, 0x0000, 0x0000, 0x0000, 
  0x0000, 0x0000, 0x0000, 0x0000, 0x0000, 0x0000, 0x0000, 0x0000, 0x0000, 0x0000, 0x0000, 0x0000, 0x0000, 0x0000, 0x0000, 0x0000, 
  0x0000, 0x0000, 0x000c, 0x3000, 0x0000, 0x03a6, 0x12fd, 0x603f, 0xfb60, 0xffed, 0x07ff, 0x681f, 0xfb40, 0xffed, 0x07df, 0x681f, 
  0xd2c0, 0x4800, 0x0017, 0x3800, 0x0000, 0x0000, 0x0000, 0x0000, 0xfb40, 0xe7ed, 0x07ff, 0x681f, 0xfb40, 0xffed, 0x07ff, 0x681f, 
  0xf340, 0xfe6b, 0x0940, 0x0000, 0xfbe0, 0x0000, 0x0000, 0x0000, 0x0000, 0x0000, 0x0000, 0x0000, 0x0000, 0x0000, 0x0000, 0x0000, 
  0x0000, 0x0000, 0x0000, 0x0000, 0x0000, 0x0000, 0x0000, 0x0000, 0x0000, 0x0000, 0x0000, 0x0000, 0x0000, 0x0000, 0x0000, 0x0000, 
  0x0000, 0x0000, 0x0000, 0x0000, 0x0000, 0x0000, 0x0000, 0x0000, 0x0000, 0x0000, 0x0000, 0x0000, 0x0000, 0x0000, 0x0000, 0x0000, 
  0x0000, 0x05e7, 0x0020, 0x0000, 0xb241, 0x57cd, 0x07ff, 0x681f, 0xfb40, 0xffed, 0x07ff, 0x681f, 0xfb40, 0xffed, 0x07ff, 0x681f, 
  0xfb40, 0xffed, 0x07ff, 0x681f, 0xfb40, 0xffed, 0x07ff, 0x681f, 0xfb40, 0xffed, 0x07ff, 0x681f, 0xfb40, 0xffed, 0x07ff, 0x681f, 
  0xfb40, 0xffed, 0x07ff, 0x681f, 0xfb40, 0xffed, 0x07ff, 0x681f, 0xfb40, 0xffed, 0x07ff, 0x681f, 0xeb20, 0xf244, 0x2980, 0x0000, 
  0x7800, 0x0000, 0x0000, 0x0000, 0x0000, 0x0000, 0x0000, 0x0000, 0x0000, 0x0000, 0x0000, 0x0000, 0x0000, 0x0000, 0x0000, 0x0000, 
  0x0000, 0x0000, 0x0000, 0x0000, 0x0000, 0x0000, 0x0000, 0x0000, 0x0000, 0x0000, 0x0015, 0x52a0, 0x52aa, 0x0000, 0x0000, 0x0000, 
  0x0000, 0x0000, 0x0000, 0x0000, 0x0000, 0x0000, 0x0000, 0x0000, 0x0000, 0x0000, 0x0000, 0x0000, 0x0000, 0x0000, 0x0019, 0x6000, 
  0x0000, 0x0000, 0x0000, 0x0000, 0x0000, 0x0000, 0x0000, 0x0000, 0x0000, 0x0000, 0x0000, 0x0000, 0x0000, 0x0000, 0x0000, 0x0000, 
  0x0000, 0x0000, 0x0000, 0x0000, 0x0000, 0x0000, 0x0000, 0x0000, 0x0000, 0x0000, 0x0000, 0x0000, 0x0000, 0x0000, 0x0000, 0x0000, 
  0x0000, 0x0000, 0x0000, 0x0000, 0x0000, 0x0000, 0x0000, 0x0000, 0x0000, 0x0000, 0x0000, 0x0000, 0x0000, 0x0000, 0x0000, 0x0000, 
  0x0000, 0x0000, 0x0000, 0x0000, 0x0000, 0x0000, 0x0000, 0x0000, 0x0000, 0x0000, 0x0000, 0x0000, 0x0000, 0x0000, 0x0000, 0x0000, 
  0x0000, 0x0000, 0x0000, 0x0000, 0x0000, 0x0000, 0x0000, 0x0000, 0x0000, 0x0000, 0x0000, 0x0000, 0x0000, 0x0000, 0x0000, 0x0000, 
  0x0000, 0x0000, 0x0000, 0x0000, 0x0000, 0x0000, 0x0000, 0x0000, 0x0000, 0x0000, 0x0000, 0x0000, 0x0000, 0x0000, 0x0000, 0x0000, 
  0x0000, 0x0000, 0x0000, 0x0000, 0x0000, 0x0000, 0x0000, 0x0000, 0x0000, 0x0000, 0x0000, 0x0000, 0x0000, 0x0000, 0x0000, 0x0000, 
  0x0000, 0x0000, 0x0000, 0x0000, 0x0000, 0x0000, 0x0000, 0x0000, 0x0000, 0x0000, 0x0000, 0x0000, 0x0000, 0x0000, 0x0000, 0x0000, 
  0x0000, 0x0000, 0x0000, 0x0000, 0x0000, 0x0000, 0x0000, 0x0000, 0x0000, 0x0000, 0x0000, 0x0000, 0x0000, 0x0000, 0x0000, 0x0000, 
  0x0000, 0x0000, 0x000c, 0x3000, 0x0000, 0x03a6, 0x12fd, 0x603f, 0xfb60, 0xffed, 0x07ff, 0x681f, 0xfb40, 0xffed, 0x07df, 0x681f, 
  0xd2c0, 0x4800, 0x0017, 0x3800, 0x0000, 0x0000, 0x0000, 0x0000, 0xfb40, 0xe7ed, 0x07ff, 0x681f, 0xfb40, 0xffed, 0x07ff, 0x681f, 
  0xf340, 0xfe6b, 0x0940, 0x0000, 0xfbe0, 0x0000, 0x0000, 0x0000, 0x0000, 0x0000, 0x0000, 0x0000, 0x0000, 0x0000, 0x0000, 0x0000, 
  0x0000, 0x0000, 0x0000, 0x0000, 0x0000, 0x0000, 0x0000, 0x0000, 0x0000, 0x0000, 0x0000, 0x0000, 0x0000, 0x0000, 0x0000, 0x0000, 
  0x0000, 0x0000, 0x0000, 0x0000, 0x0000, 0x0000, 0x0000, 0x0000, 0x0000, 0x0000, 0x0000, 0x0000, 0x0000, 0x0000, 0x0000, 0x0000, 
  0x0000, 0x0000, 0x0000, 0x03e0, 0x9a22, 0xdfed, 0x07ff, 0x681f, 0xfb40, 0xffed, 0x07ff, 0x681f, 0xfb40, 0xffed, 0x07ff, 0x681f, 
  0xfb40, 0xffed, 0x07ff, 0x681f, 0xfb40, 0xffed, 0x07ff, 0x681f, 0xfb40, 0xffed, 0x07ff, 0x681f, 0xfb40, 0xffed, 0x07ff, 0x681f, 
  0xfb40, 0xffed, 0x07ff, 0x681f, 0xfb40, 0xffed, 0x07ff, 0x681f, 0xfb40, 0xffed, 0x07ff, 0x681f, 0xf320, 0xc800, 0x001f, 0x7800, 
  0x0000, 0x0000, 0x0000, 0x0000, 0x0000, 0x0000, 0x0000, 0x0000, 0x0000, 0x0000, 0x0000, 0x0000, 0x0000, 0x0000, 0x0000, 0x0000, 
  0x0000, 0x0000, 0x0000, 0x0000, 0x0000, 0x0000, 0x0000, 0x0000, 0x0000, 0x0000, 0x0000, 0x0000, 0x0000, 0x0000, 0x0000, 0x0000, 
  0x0000, 0x0000, 0x0000, 0x0000, 0x0000, 0x0000, 0x0000, 0x0000, 0x0000, 0x0000, 0x0000, 0x0000, 0x0000, 0x0000, 0x001f, 0x9800, 
  0x0000, 0x07e0, 0x0000, 0x0000, 0x0000, 0x0000, 0x0000, 0x0000, 0x0000, 0x0000, 0x0000, 0x0000, 0x0000, 0x0000, 0x0000, 0x0000, 
  0x0000, 0x0000, 0x0000, 0x0000, 0x0000, 0x0000, 0x0000, 0x0000, 0x0000, 0x0000, 0x0000, 0x0000, 0x0000, 0x0000, 0x0000, 0x0000, 
  0x0000, 0x0000, 0x0000, 0x0000, 0x0000, 0x0000, 0x0000, 0x0000, 0x0000, 0x0000, 0x0000, 0x0000, 0x0000, 0x0000, 0x0000, 0x0000, 
  0x0000, 0x0000, 0x0000, 0x0000, 0x0000, 0x0000, 0x0000, 0x0000, 0x0000, 0x0000, 0x0000, 0x0000, 0x0000, 0x0000, 0x0000, 0x0000, 
  0x0000, 0x0000, 0x0000, 0x0000, 0x0000, 0x0000, 0x0000, 0x0000, 0x0000, 0x0000, 0x0000, 0x0000, 0x0000, 0x0000, 0x0000, 0x0000, 
  0x0000, 0x0000, 0x0000, 0x0000, 0x0000, 0x0000, 0x0000, 0x0000, 0x79e0, 0x0000, 0x0000, 0x0000, 0x0000, 0x0000, 0x0000, 0x0000, 
  0x0000, 0x0000, 0x0000, 0x0000, 0x0000, 0x0000, 0x0000, 0x0000, 0x0000, 0x0000, 0x0000, 0x0000, 0x0000, 0x0000, 0x0000, 0x0000, 
  0x0000, 0x0000, 0x0000, 0x0000, 0x0000, 0x0000, 0x0000, 0x0000, 0x0000, 0x0000, 0x0000, 0x0000, 0x0000, 0x0000, 0x0000, 0x0000, 
  0x0000, 0x0000, 0x0000, 0x0000, 0x0000, 0x0000, 0x0000, 0x0000, 0x0000, 0x0000, 0x0000, 0x0000, 0x0000, 0x0000, 0x0000, 0x0000, 
  0x0000, 0x0000, 0x000c, 0x3000, 0x0000, 0x03a6, 0x12fd, 0x603f, 0xfb60, 0xffed, 0x07ff, 0x681f, 0xfb40, 0xffed, 0x07df, 0x681f, 
  0xd2c0, 0x4800, 0x0017, 0x3800, 0x0000, 0x0000, 0x0000, 0x0000, 0xfb40, 0xe7ed, 0x07ff, 0x681f, 0xfb40, 0xffed, 0x07ff, 0x681f, 
  0xf340, 0xfe6b, 0x0940, 0x0000, 0xfbe0, 0x0000, 0x0000, 0x0000, 0x0000, 0x0000, 0x0000, 0x0000, 0x0000, 0x0000, 0x0000, 0x0000, 
  0x0000, 0x0000, 0x0000, 0x0000, 0x0000, 0x0000, 0x0000, 0x0000, 0x0000, 0x0000, 0x0000, 0x0000, 0x0000, 0x0000, 0x0000, 0x0000, 
  0x0000, 0x0000, 0x0000, 0x0000, 0x0000, 0x0000, 0x0000, 0x0000, 0x0000, 0x0000, 0x0000, 0x0000, 0x0000, 0x0000, 0x0000, 0x0000, 
  0x0000, 0x0000, 0x0011, 0x2961, 0xeb00, 0xf7ed, 0x07ff, 0x681f, 0xfb40, 0xffed, 0x07ff, 0x681f, 0xfb40, 0xffed, 0x07ff, 0x681f, 
  0xfb40, 0xffed, 0x07ff, 0x681f, 0xfb40, 0xffed, 0x07ff, 0x681f, 0xfb40, 0xffed, 0x07ff, 0x681f, 0xfb40, 0xffed, 0x07ff, 0x681f, 
  0xfb40, 0xffed, 0x07ff, 0x681f, 0xfb40, 0xffed, 0x07ff, 0x681f, 0xfb40, 0xffed, 0x07ff, 0x701f, 0xba82, 0xd000, 0x001f, 0x7800, 
  0x0000, 0x0000, 0x0000, 0x0000, 0x0000, 0x0000, 0x0000, 0x0000, 0x0000, 0x0000, 0x0000, 0x0000, 0x0000, 0x0000, 0x0000, 0x0000, 
  0x0000, 0x0000, 0x0000, 0x0000, 0x0000, 0x0000, 0x0000, 0x0000, 0x7800, 0x0000, 0x000c, 0x310f, 0x6964, 0x6000, 0x0016, 0x4800, 
  0xf9e0, 0x05e7, 0x002f, 0x3800, 0x3800, 0x01e0, 0x3820, 0x01e0, 0x0007, 0x0000, 0x3820, 0x03e0, 0x000f, 0x0000, 0x782e, 0x39c1, 
  0x0000, 0x03e7, 0x0020, 0x0000, 0x0000, 0x0000, 0x0000, 0x0000, 0x0000, 0x0000, 0x0000, 0x0000, 0x0000, 0x0000, 0x0000, 0x0000, 
  0x0000, 0x0000, 0x0000, 0x0000, 0x0000, 0x0000, 0x0000, 0x0000, 0x0000, 0x0000, 0x0000, 0x0000, 0x0000, 0x0000, 0x0000, 0x0000, 
  0x0000, 0x0000, 0x0000, 0x0000, 0x0000, 0x0000, 0x0000, 0x0000, 0x0000, 0x0000, 0x0000, 0x0000, 0x0000, 0x0000, 0x0000, 0x0000, 
  0x0000, 0x0000, 0x0000, 0x0000, 0x0000, 0x0000, 0x0000, 0x0000, 0x0000, 0x0000, 0x0000, 0x0000, 0x0000, 0x0000, 0x0000, 0x0000, 
  0x0000, 0x0000, 0x0000, 0x0000, 0x0000, 0x0000, 0x0000, 0x0000, 0x0000, 0x0000, 0x0000, 0x0000, 0x0000, 0x0000, 0x0000, 0x0000, 
  0x0000, 0x0000, 0x0000, 0x0000, 0x79e0, 0x07ef, 0x0000, 0x0000, 0x0000, 0x054a, 0x0000, 0x0000, 0x0000, 0x0000, 0x0000, 0x0000, 
  0x0000, 0x0000, 0x0000, 0x0000, 0x0000, 0x0000, 0x0000, 0x0000, 0x0000, 0x0000, 0x0000, 0x0000, 0x0000, 0x0000, 0x0000, 0x0000, 
  0x0000, 0x0000, 0x0000, 0x0000, 0x0000, 0x0000, 0x0000, 0x0000, 0x0000, 0x0000, 0x0000, 0x0000, 0x0000, 0x0000, 0x0000, 0x0000, 
  0x0000, 0x0000, 0x0000, 0x0000, 0x0000, 0x0000, 0x0000, 0x0000, 0x0000, 0x0000, 0x0000, 0x0000, 0x0000, 0x0000, 0x0000, 0x0000, 
  0x0000, 0x0000, 0x000c, 0x3000, 0x0000, 0x03a6, 0x12fd, 0x603f, 0xfb60, 0xffed, 0x07ff, 0x681f, 0xfb40, 0xffed, 0x07df, 0x681f, 
  0xd2c0, 0x4800, 0x0017, 0x3800, 0x0000, 0x0000, 0x0000, 0x0000, 0xfb40, 0xe7ed, 0x07ff, 0x681f, 0xfb40, 0xffed, 0x07ff, 0x681f, 
  0xf340, 0xfe6b, 0x0940, 0x0000, 0xfbe0, 0x0000, 0x0000, 0x0000, 0x0000, 0x0000, 0x0000, 0x0000, 0x0000, 0x0000, 0x0000, 0x0000, 
  0x0000, 0x0000, 0x0000, 0x0000, 0x0000, 0x0000, 0x0000, 0x0000, 0x0000, 0x0000, 0x0000, 0x0000, 0x0000, 0x0000, 0x0000, 0x0000, 
  0x0000, 0x0000, 0x0000, 0x0000, 0x0000, 0x0000, 0x0000, 0x0000, 0x0000, 0x0000, 0x0000, 0x0000, 0x0000, 0x0000, 0x0000, 0x0000, 
  0x9980, 0x0000, 0x0014, 0x4093, 0xfb60, 0xffed, 0x07df, 0x681f, 0xfb40, 0xffed, 0x07ff, 0x681f, 0xfb40, 0xffed, 0x07ff, 0x681f, 
  0xfb40, 0xffed, 0x07ff, 0x681f, 0xfb40, 0xffed, 0x07ff, 0x681f, 0xfb40, 0xffed, 0x07ff, 0x681f, 0xfb40, 0xffed, 0x07ff, 0x681f, 
  0xfb40, 0xffed, 0x07ff, 0x681f, 0xfb40, 0xffed, 0x07ff, 0x681f, 0xfb40, 0xffed, 0x07ff, 0x681f, 0x89e3, 0x9800, 0x001f, 0x7800, 
  0x0000, 0x0000, 0x0000, 0x0000, 0x0000, 0x0000, 0x0000, 0x0000, 0x0000, 0x0000, 0x0000, 0x0000, 0x0000, 0x0000, 0x0000, 0x0000, 
  0x0000, 0x0000, 0x0000, 0x0000, 0x0000, 0x0000, 0x0017, 0x3800, 0x0000, 0x0488, 0x129e, 0x685f, 0xfb60, 0xf7cd, 0x077f, 0x681d, 
  0xfb20, 0xefac, 0x077e, 0x601d, 0xeb00, 0xef2c, 0x077b, 0x583d, 0xdae0, 0xee8b, 0x0f79, 0x585d, 0xcac1, 0xee4a, 0x0f78, 0x505d, 
  0x0000, 0x07f5, 0x0000, 0x0000, 0x0000, 0x0000, 0x0000, 0x0000, 0x0000, 0x0000, 0x0000, 0x0000, 0x0000, 0x0000, 0x0000, 0x0000, 
  0x0000, 0x0000, 0x0000, 0x0000, 0x0000, 0x0000, 0x0000, 0x0000, 0x0000, 0x0000, 0x0000, 0x0000, 0x0000, 0x0000, 0x0000, 0x0000, 
  0x0000, 0x0000, 0x0000, 0x0000, 0x0000, 0x0000, 0x0000, 0x0000, 0x0000, 0x0000, 0x0000, 0x0000, 0x0000, 0x0000, 0x0000, 0x0000, 
  0x0000, 0x0000, 0x0000, 0x0000, 0x0000, 0x0000, 0x0000, 0x0000, 0x0000, 0x0000, 0x0000, 0x0000, 0x0000, 0x0000, 0x0000, 0x0000, 
  0x0000, 0x0000, 0x0000, 0x0000, 0x0000, 0x0000, 0x0000, 0x0000, 0x0000, 0x0000, 0x0000, 0x0000, 0x0000, 0x0000, 0x0000, 0x0000, 
  0x0000, 0x0000, 0x000c, 0x3180, 0xffe0, 0x0000, 0x0013, 0x40c6, 0x89e3, 0xb345, 0x1060, 0x0000, 0x0000, 0x0000, 0x0000, 0x0000, 
  0x0000, 0x0000, 0x0000, 0x0000, 0x0000, 0x0000, 0x0000, 0x0000, 0x0000, 0x0000, 0x0000, 0x0000, 0x0000, 0x0000, 0x0000, 0x0000, 
  0x0000, 0x0000, 0x0000, 0x0000, 0x0000, 0x0000, 0x0000, 0x0000, 0x0000, 0x0000, 0x0000, 0x0000, 0x0000, 0x0000, 0x0000, 0x0000, 
  0x0000, 0x0000, 0x0000, 0x0000, 0x0000, 0x0000, 0x0000, 0x0000, 0x0000, 0x0000, 0x0000, 0x0000, 0x0000, 0x0000, 0x0000, 0x0000, 
  0x0000, 0x0000, 0x000c, 0x3000, 0x0000, 0x03a6, 0x12fd, 0x603f, 0xfb60, 0xffed, 0x07ff, 0x681f, 0xfb40, 0xffed, 0x07df, 0x681f, 
  0xd2c0, 0x4800, 0x0017, 0x3800, 0x0000, 0x0000, 0x0000, 0x0000, 0xfb40, 0xe7ed, 0x07ff, 0x681f, 0xfb40, 0xffed, 0x07ff, 0x681f, 
  0xf340, 0xfe6b, 0x0940, 0x0000, 0xfbe0, 0x0000, 0x0000, 0x0000, 0x0000, 0x0000, 0x0000, 0x0000, 0x0000, 0x0000, 0x0000, 0x0000, 
  0x0000, 0x0000, 0x0000, 0x0000, 0x0000, 0x0000, 0x0000, 0x0000, 0x0000, 0x0000, 0x0000, 0x0000, 0x0000, 0x0000, 0x0000, 0x0000, 
  0x0000, 0x0000, 0x0000, 0x0000, 0x0000, 0x0000, 0x0000, 0x0000, 0x0000, 0x0000, 0x0000, 0x0000, 0x0000, 0x0000, 0x0000, 0x0000, 
  0xfbe0, 0x0000, 0x001d, 0x6015, 0xfb80, 0xffed, 0x07df, 0x681f, 0xfb40, 0xffed, 0x07ff, 0x681f, 0xfb40, 0xffed, 0x07ff, 0x681f, 
  0xfb40, 0xffed, 0x07ff, 0x681f, 0xfb40, 0xffed, 0x07ff, 0x681f, 0xfb40, 0xffed, 0x07ff, 0x681f, 0xfb40, 0xffed, 0x07ff, 0x681f, 
  0xfb40, 0xffed, 0x07ff, 0x681f, 0xfb40, 0xffed, 0x07ff, 0x681f, 0xfb40, 0xffed, 0x07fe, 0x603f, 0xc281, 0x2800, 0x001f, 0x7800, 
  0x0000, 0x0000, 0x0000, 0x0000, 0x0000, 0x0000, 0x0000, 0x0000, 0x0000, 0x0000, 0x0000, 0x0000, 0x0000, 0x0000, 0x0000, 0x0000, 
  0x0000, 0x0000, 0x0000, 0x0000, 0x0000, 0x0000, 0x001f, 0x3800, 0x0000, 0x06aa, 0x02ff, 0x681f, 0xfb40, 0xffed, 0x07ff, 0x681f, 
  0xfb40, 0xffed, 0x07ff, 0x681f, 0xfb60, 0xffed, 0x07ff, 0x681f, 0xfb60, 0xffed, 0x07ff, 0x681f, 0xfb60, 0xffed, 0x07ff, 0x681f, 
  0x7183, 0x4800, 0x000f, 0x3800, 0x0000, 0x0000, 0x0000, 0x0000, 0x0000, 0x0000, 0x0000, 0x0000, 0x0000, 0x0000, 0x0000, 0x0000, 
  0x0000, 0x0000, 0x0000, 0x0000, 0x0000, 0x0000, 0x0000, 0x0000, 0x0000, 0x0000, 0x0000, 0x0000, 0x0000, 0x0000, 0x0000, 0x0000, 
  0x0000, 0x0000, 0x0000, 0x0000, 0x0000, 0x0000, 0x0000, 0x0000, 0x0000, 0x0000, 0x0000, 0x0000, 0x0000, 0x0000, 0x0000, 0x0000, 
  0x0000, 0x0000, 0x0000, 0x0000, 0x0000, 0x0000, 0x0000, 0x0000, 0x0000, 0x0000, 0x0000, 0x0000, 0x0000, 0x0000, 0x0000, 0x0000, 
  0x0000, 0x0000, 0x0000, 0x0000, 0x0000, 0x0000, 0x0000, 0x0000, 0x0000, 0x0000, 0x0000, 0x0000, 0x0000, 0x0000, 0x0000, 0x0000, 
  0xb9e0, 0x07ef, 0x0000, 0x0000, 0x6143, 0x45e9, 0x0dbd, 0x603f, 0xfb60, 0xfd89, 0x0aa0, 0x0000, 0xfbe0, 0x0000, 0x0000, 0x0000, 
  0x0000, 0x0000, 0x0000, 0x0000, 0x0000, 0x0000, 0x0000, 0x0000, 0x0000, 0x0000, 0x0000, 0x0000, 0x0000, 0x0000, 0x0000, 0x0000, 
  0x0000, 0x0000, 0x0000, 0x0000, 0x0000, 0x0000, 0x0000, 0x0000, 0x0000, 0x0000, 0x0000, 0x0000, 0x0000, 0x0000, 0x0000, 0x0000, 
  0x0000, 0x0000, 0x0000, 0x0000, 0x0000, 0x0000, 0x0000, 0x0000, 0x0000, 0x0000, 0x0000, 0x0000, 0x0000, 0x0000, 0x0000, 0x0000, 
  0x0000, 0x0000, 0x000c, 0x3000, 0x0000, 0x03a6, 0x12fd, 0x603f, 0xfb60, 0xffed, 0x07ff, 0x681f, 0xfb40, 0xffed, 0x07df, 0x681f, 
  0xd2c0, 0x4800, 0x0017, 0x3800, 0x0000, 0x0000, 0x0000, 0x0000, 0xfb40, 0xe7ed, 0x07ff, 0x681f, 0xfb40, 0xffed, 0x07ff, 0x681f, 
  0xf340, 0xfe6b, 0x0940, 0x0000, 0xfbe0, 0x0000, 0x0000, 0x0000, 0x0000, 0x0000, 0x0000, 0x0000, 0x0000, 0x0000, 0x0000, 0x0000, 
  0x0000, 0x0000, 0x0000, 0x0000, 0x0000, 0x0000, 0x0000, 0x0000, 0x0000, 0x0000, 0x0000, 0x0000, 0x0000, 0x0000, 0x0000, 0x0000, 
  0x0000, 0x0000, 0x0000, 0x0000, 0x0000, 0x0000, 0x0000, 0x0000, 0x0000, 0x0000, 0x0000, 0x0000, 0x0000, 0x0000, 0x0015, 0x5000, 
  0x0000, 0x0508, 0x121d, 0x603f, 0xfb40, 0xffed, 0x07ff, 0x681f, 0xfb40, 0xffed, 0x07ff, 0x681f, 0xfb40, 0xffed, 0x07ff, 0x681f, 
  0xfb40, 0xffed, 0x07ff, 0x681f, 0xfb40, 0xffed, 0x07ff, 0x681f, 0xfb40, 0xffed, 0x07ff, 0x681f, 0xfb40, 0xffed, 0x07ff, 0x681f, 
  0xfb40, 0xffed, 0x07ff, 0x681f, 0xfb40, 0xffed, 0x07ff, 0x681f, 0xfb40, 0xffed, 0x07fa, 0x587f, 0x6144, 0x3000, 0x000f, 0x7800, 
  0x0000, 0x0000, 0x0000, 0x0000, 0x0000, 0x0000, 0x0000, 0x0000, 0x0000, 0x0000, 0x0000, 0x0000, 0x0000, 0x0000, 0x0000, 0x0000, 
  0x0000, 0x0000, 0x0000, 0x0000, 0x0000, 0x0000, 0x001f, 0x7800, 0x0000, 0x07cc, 0x02df, 0x701f, 0xfb40, 0xffed, 0x07ff, 0x681f, 
  0xfb40, 0xffed, 0x07ff, 0x681f, 0xfb40, 0xffed, 0x07ff, 0x681f, 0xfb40, 0xffed, 0x07ff, 0x681f, 0xfb40, 0xffed, 0x07ff, 0x681f, 
  0xe2e0, 0x6000, 0x001f, 0x5000, 0x0000, 0x0000, 0x0000, 0x0000, 0x0000, 0x0000, 0x0000, 0x0000, 0x0000, 0x0000, 0x0000, 0x0000, 
  0x0000, 0x0000, 0x0000, 0x0000, 0x0000, 0x0000, 0x0000, 0x0000, 0x0000, 0x0000, 0x0000, 0x0000, 0x0000, 0x0000, 0x0000, 0x0000, 
  0x0000, 0x0000, 0x0000, 0x0000, 0x0000, 0x0000, 0x0000, 0x0000, 0x0000, 0x0000, 0x0000, 0x0000, 0x0000, 0x0000, 0x0000, 0x0000, 
  0x0000, 0x0000, 0x0000, 0x0000, 0x0000, 0x0000, 0x0000, 0x0000, 0x0000, 0x0000, 0x0000, 0x0000, 0x0000, 0x0000, 0x0000, 0x0000, 
  0x0000, 0x0000, 0x0000, 0x0000, 0x0000, 0x0000, 0x0000, 0x0000, 0x0000, 0x0000, 0x0000, 0x0000, 0x0000, 0x0000, 0x001f, 0x0000, 
  0x0000, 0x02c5, 0x2132, 0x40b7, 0xe300, 0xf7ee, 0x07ff, 0x681f, 0xfb60, 0xff6c, 0x0600, 0x0000, 0xfbe0, 0x0000, 0x0000, 0x0000, 
  0x0000, 0x0000, 0x0000, 0x0000, 0x0000, 0x0000, 0x0000, 0x0000, 0x0000, 0x0000, 0x0000, 0x0000, 0x0000, 0x0000, 0x0000, 0x0000, 
  0x0000, 0x0000, 0x0000, 0x0000, 0x0000, 0x0000, 0x0000, 0x0000, 0x0000, 0x0000, 0x0000, 0x0000, 0x0000, 0x0000, 0x0000, 0x0000, 
  0x0000, 0x0000, 0x0000, 0x0000, 0x0000, 0x0000, 0x0000, 0x0000, 0x0000, 0x0000, 0x0000, 0x0000, 0x0000, 0x0000, 0x0000, 0x0000, 
  0x0000, 0x0000, 0x000c, 0x3000, 0x0000, 0x03a6, 0x12fd, 0x603f, 0xfb60, 0xffed, 0x07ff, 0x681f, 0xfb40, 0xffed, 0x07df, 0x681f, 
  0xd2c0, 0x4800, 0x0017, 0x3800, 0x0000, 0x0000, 0x0000, 0x0000, 0xfb40, 0xe7ed, 0x07ff, 0x681f, 0xfb40, 0xffed, 0x07ff, 0x681f, 
  0xf340, 0xfe6b, 0x0940, 0x0000, 0xfbe0, 0x0000, 0x0000, 0x0000, 0x0000, 0x0000, 0x0000, 0x0000, 0x0000, 0x0000, 0x0000, 0x0000, 
  0x0000, 0x0000, 0x0000, 0x0000, 0x0000, 0x0000, 0x0000, 0x0000, 0x0000, 0x0000, 0x0000, 0x0000, 0x0000, 0x0000, 0x0000, 0x0000, 
  0x0000, 0x0000, 0x0000, 0x0000, 0x0000, 0x0000, 0x0000, 0x0000, 0x0000, 0x0000, 0x0000, 0x0000, 0x0000, 0x0000, 0x001f, 0x7800, 
  0x0000, 0x05ca, 0x0ddf, 0x681f, 0xfb40, 0xffed, 0x07ff, 0x681f, 0xfb40, 0xffed, 0x07ff, 0x681f, 0xfb40, 0xffed, 0x07ff, 0x681f, 
  0xfb40, 0xffed, 0x07ff, 0x681f, 0xfb40, 0xffed, 0x07ff, 0x681f, 0xfb40, 0xffed, 0x07ff, 0x681f, 0xfb40, 0xffed, 0x07ff, 0x681f, 
  0xfb40, 0xffed, 0x07ff, 0x681f, 0xfb40, 0xffed, 0x07ff, 0x681f, 0xfb40, 0xffee, 0x07f9, 0x5054, 0x0000, 0x07ff, 0x0000, 0x0000, 
  0x0000, 0x0000, 0x0000, 0x0000, 0x0000, 0x0000, 0x0000, 0x0000, 0x0000, 0x0000, 0x0000, 0x0000, 0x0000, 0x0000, 0x0000, 0x0000, 
  0x0000, 0x0000, 0x0000, 0x0000, 0x0000, 0x0000, 0x0000, 0x0000, 0x000f, 0x05a9, 0x0e7f, 0x681f, 0xfb40, 0xffed, 0x07ff, 0x681f, 
  0xfb40, 0xffed, 0x07ff, 0x681f, 0xfb40, 0xffed, 0x07ff, 0x681f, 0xfb40, 0xffed, 0x07ff, 0x681f, 0xfb40, 0xffed, 0x07ff, 0x681f, 
  0xdae0, 0xeaa0, 0x2820, 0x0000, 0x0000, 0x0000, 0x0000, 0x0000, 0x0000, 0x0000, 0x0000, 0x0000, 0x0000, 0x0000, 0x0000, 0x0000, 
  0x0000, 0x0000, 0x0000, 0x0000, 0x0000, 0x0000, 0x0000, 0x0000, 0x0000, 0x0000, 0x0000, 0x0000, 0x0000, 0x0000, 0x0000, 0x0000, 
  0x0000, 0x0000, 0x0000, 0x0000, 0x0000, 0x0000, 0x0000, 0x0000, 0x0000, 0x0000, 0x0000, 0x0000, 0x0000, 0x0000, 0x0000, 0x0000, 
  0x0000, 0x0000, 0x0000, 0x0000, 0x0000, 0x0000, 0x0000, 0x0000, 0x0000, 0x0000, 0x0000, 0x0000, 0x0000, 0x0000, 0x0000, 0x0000, 
  0x0000, 0x0000, 0x0000, 0x0000, 0x0000, 0x0000, 0x0000, 0x0000, 0x0000, 0x0000, 0x0000, 0x0000, 0x0000, 0x0000, 0x0007, 0x19c1, 
  0x9a02, 0x6f0b, 0x06df, 0x681f, 0xfb60, 0xffec, 0x07ff, 0x681f, 0xfb40, 0xffed, 0x07f6, 0x486a, 0x0000, 0x05e7, 0x0020, 0x0000, 
  0x0000, 0x0000, 0x0000, 0x0000, 0x0000, 0x0000, 0x0000, 0x0000, 0x0000, 0x0000, 0x0000, 0x0000, 0x0000, 0x0000, 0x0000, 0x0000, 
  0x0000, 0x0000, 0x0000, 0x0000, 0x0000, 0x0000, 0x0000, 0x0000, 0x0000, 0x0000, 0x0000, 0x0000, 0x0000, 0x0000, 0x0000, 0x0000, 
  0x0000, 0x0000, 0x0000, 0x0000, 0x0000, 0x0000, 0x0000, 0x0000, 0x0000, 0x0000, 0x0000, 0x0000, 0x0000, 0x0000, 0x0000, 0x0000, 
  0x0000, 0x0000, 0x0013, 0x3000, 0x0000, 0x03c6, 0x12fd, 0x603f, 0xfb60, 0xffed, 0x07ff, 0x681f, 0xfb40, 0xffed, 0x07df, 0x681f, 
  0xd2c0, 0x4800, 0x0017, 0x3800, 0x0000, 0x0000, 0x0000, 0x0000, 0xfb40, 0xe7ed, 0x07ff, 0x681f, 0xfb40, 0xffed, 0x07ff, 0x681f, 
  0xf340, 0xfe6b, 0x0940, 0x0000, 0xfbe0, 0x0000, 0x0000, 0x0000, 0x0000, 0x0000, 0x0000, 0x0000, 0x0000, 0x0000, 0x0000, 0x0000, 
  0x0000, 0x0000, 0x0000, 0x0000, 0x0000, 0x0000, 0x0000, 0x0000, 0x0000, 0x0000, 0x0000, 0x0000, 0x0000, 0x0000, 0x0000, 0x0000, 
  0x0000, 0x0000, 0x0000, 0x0000, 0x0000, 0x0000, 0x0000, 0x0000, 0x0000, 0x0000, 0x0000, 0x0000, 0x0000, 0x02aa, 0x0000, 0x0000, 
  0x79a3, 0x474c, 0x07df, 0x681f, 0xfb40, 0xffed, 0x07ff, 0x681f, 0xfb40, 0xffed, 0x07ff, 0x681f, 0xfb40, 0xffed, 0x07ff, 0x681f, 
  0xfb40, 0xffed, 0x07ff, 0x681f, 0xfb40, 0xffed, 0x07ff, 0x681f, 0xfb40, 0xffed, 0x07ff, 0x681f, 0xfb40, 0xffed, 0x07ff, 0x681f, 
  0xfb40, 0xffed, 0x07ff, 0x681f, 0xfb40, 0xffed, 0x07ff, 0x681f, 0xfb40, 0xffed, 0x07f6, 0x4891, 0x0000, 0x066c, 0x0020, 0x0000, 
  0x0000, 0x0000, 0x0000, 0x0000, 0x0000, 0x0000, 0x0000, 0x0000, 0x0000, 0x0000, 0x0000, 0x0000, 0x0000, 0x0000, 0x0000, 0x0000, 
  0x0000, 0x0000, 0x0000, 0x0000, 0x0000, 0x07e0, 0x0000, 0x0000, 0x6102, 0x0eab, 0x07bf, 0x681f, 0xfb40, 0xffed, 0x07ff, 0x681f, 
  0xfb40, 0xffed, 0x07ff, 0x681f, 0xfb40, 0xffed, 0x07ff, 0x681f, 0xfb40, 0xffed, 0x07ff, 0x681f, 0xfb40, 0xffed, 0x07ff, 0x681f, 
  0xfb40, 0xfd89, 0x0c00, 0x0000, 0xb9e0, 0x0000, 0x0000, 0x0000, 0x0000, 0x0000, 0x0000, 0x0000, 0x0000, 0x0000, 0x0000, 0x0000, 
  0x0000, 0x0000, 0x0000, 0x0000, 0x0000, 0x0000, 0x0000, 0x0000, 0x0000, 0x0000, 0x0015, 0x52a0, 0x79e0, 0x03e7, 0x002f, 0x3800, 
  0x79e0, 0x03e7, 0x002a, 0x52a0, 0x0000, 0x0000, 0x0000, 0x0000, 0x0000, 0x0000, 0x0000, 0x0000, 0x0000, 0x0000, 0x0000, 0x0000, 
  0x0000, 0x0000, 0x0000, 0x0000, 0x0000, 0x0000, 0x0000, 0x0000, 0x0000, 0x0000, 0x0000, 0x0000, 0x0000, 0x0000, 0x0000, 0x0000, 
  0x0000, 0x0000, 0x0000, 0x0000, 0x0000, 0x0000, 0x0000, 0x0000, 0x0000, 0x0000, 0x0000, 0x0000, 0x0000, 0x0000, 0x0000, 0x02e1, 
  0x9a42, 0xefee, 0x07ff, 0x681f, 0xfb40, 0xffed, 0x07ff, 0x681f, 0xfb40, 0xffed, 0x07f8, 0x505a, 0x000a, 0x0000, 0x0000, 0x0000, 
  0x0000, 0x0000, 0x0000, 0x0000, 0x0000, 0x0000, 0x0000, 0x0000, 0x0000, 0x0000, 0x0000, 0x0000, 0x0000, 0x0000, 0x0000, 0x0000, 
  0x0000, 0x0000, 0x0000, 0x0000, 0x0000, 0x0000, 0x0000, 0x0000, 0x0000, 0x0000, 0x0000, 0x0000, 0x0000, 0x0000, 0x0000, 0x0000, 
  0x0000, 0x0000, 0x0000, 0x0000, 0x0000, 0x0000, 0x0000, 0x0000, 0x0000, 0x0000, 0x0000, 0x0000, 0x0000, 0x0000, 0x000f, 0x7be0, 
  0x52aa, 0x0000, 0x0013, 0x3000, 0x0000, 0x0406, 0x12fe, 0x603f, 0xfb60, 0xffed, 0x07ff, 0x681f, 0xfb40, 0xffed, 0x07df, 0x681f, 
  0xd2c0, 0x4800, 0x0017, 0x3800, 0x0000, 0x0000, 0x0000, 0x0000, 0xfb40, 0xe7ed, 0x07ff, 0x681f, 0xfb40, 0xffed, 0x07ff, 0x681f, 
  0xf340, 0xfe6b, 0x0940, 0x0000, 0xfbe0, 0x0000, 0x0000, 0x0000, 0x0000, 0x0000, 0x0000, 0x0000, 0x0000, 0x0000, 0x0000, 0x0000, 
  0x0000, 0x0000, 0x0000, 0x0000, 0x0000, 0x0000, 0x0000, 0x0000, 0x0000, 0x0000, 0x0000, 0x0000, 0x0000, 0x0000, 0x0000, 0x0000, 
  0x0000, 0x0000, 0x0000, 0x0000, 0x0000, 0x0000, 0x0000, 0x0000, 0x0000, 0x0000, 0x0000, 0x0000, 0x0000, 0x07ef, 0x0020, 0x0000, 
  0xeb00, 0xa7ee, 0x07ff, 0x681f, 0xfb40, 0xffed, 0x07ff, 0x681f, 0xfb40, 0xffed, 0x07ff, 0x681f, 0xfb40, 0xffed, 0x07ff, 0x681f, 
  0xfb40, 0xffed, 0x07ff, 0x681f, 0xfb40, 0xffed, 0x07ff, 0x681f, 0xfb40, 0xffed, 0x07ff, 0x681f, 0xfb40, 0xffed, 0x07ff, 0x681f, 
  0xfb40, 0xffed, 0x07ff, 0x681f, 0xfb40, 0xffed, 0x07ff, 0x681f, 0xfb40, 0xff2c, 0x07ec, 0x28ee, 0x0000, 0x03e7, 0x0020, 0x0000, 
  0x0000, 0x0000, 0x0000, 0x0000, 0x0000, 0x0000, 0x0000, 0x0000, 0x0000, 0x0000, 0x0000, 0x0000, 0x0000, 0x0000, 0x0000, 0x0000, 
  0x0000, 0x0000, 0x0000, 0x0000, 0x0000, 0x07e0, 0x0000, 0x0000, 0xb9e2, 0x0f6c, 0x079f, 0x681f, 0xfb40, 0xffed, 0x07ff, 0x681f, 
  0xfb40, 0xffed, 0x07ff, 0x681f, 0xfb40, 0xffed, 0x07df, 0x681f, 0xfb40, 0xffed, 0x07df, 0x681f, 0xfb40, 0xffed, 0x07df, 0x681f, 
  0xfb60, 0xfeeb, 0x0ec8, 0x1943, 0x0000, 0x07e0, 0x0000, 0x0000, 0x0000, 0x0000, 0x0000, 0x0000, 0x0000, 0x0000, 0x0000, 0x0000, 
  0x0000, 0x0000, 0x0000, 0x0000, 0x79e0, 0x05e7, 0x0037, 0x3800, 0xfbe0, 0x07ef, 0x003f, 0x0000, 0x0000, 0x0000, 0x0000, 0x0000, 
  0x0000, 0x0000, 0x001f, 0xf800, 0xfbe0, 0x07ef, 0x0037, 0x3800, 0x79e0, 0x0000, 0x0000, 0x0000, 0x0000, 0x0000, 0x0000, 0x0000, 
  0x0000, 0x0000, 0x0000, 0x0000, 0x0000, 0x0000, 0x0000, 0x0000, 0x0000, 0x0000, 0x0000, 0x0000, 0x0000, 0x0000, 0x0000, 0x0000, 
  0x0000, 0x0000, 0x0000, 0x0000, 0x0000, 0x0000, 0x0000, 0x0000, 0x0000, 0x0000, 0x0000, 0x0000, 0x0000, 0x03ef, 0x0000, 0x0000, 
  0xa1e2, 0x1fac, 0x071f, 0x681f, 0xfb40, 0xffed, 0x07ff, 0x681f, 0xfb40, 0xffed, 0x07fe, 0x603f, 0x81c3, 0x5800, 0x0015, 0x5000, 
  0x0000, 0x0000, 0x0000, 0x0000, 0x0000, 0x0000, 0x0000, 0x0000, 0x0000, 0x0000, 0x0000, 0x0000, 0x0000, 0x0000, 0x0000, 0x0000, 
  0x0000, 0x0000, 0x0000, 0x0000, 0x0000, 0x0000, 0x0000, 0x0000, 0x0000, 0x0000, 0x0000, 0x0000, 0x0000, 0x0000, 0x0000, 0x0000, 
  0x0000, 0x0000, 0x0000, 0x0000, 0x0000, 0x0000, 0x0000, 0x0000, 0x0000, 0x07e0, 0x0017, 0x3800, 0xb9e0, 0x07ef, 0x003f, 0x7800, 
  0xf800, 0x07ef, 0x003b, 0x5801, 0x0000, 0x0426, 0x0b1e, 0x603f, 0xfb60, 0xffed, 0x07ff, 0x681f, 0xfb40, 0xffed, 0x07df, 0x681f, 
  0xd2c0, 0x4800, 0x0017, 0x3800, 0x0000, 0x0000, 0x0000, 0x0000, 0xfb40, 0xe7ed, 0x07ff, 0x681f, 0xfb40, 0xffed, 0x07ff, 0x681f, 
  0xf340, 0xfe6b, 0x0940, 0x0000, 0xfbe0, 0x0000, 0x0000, 0x0000, 0x0000, 0x0000, 0x0000, 0x0000, 0x0000, 0x0000, 0x0000, 0x0000, 
  0x0000, 0x0000, 0x0000, 0x0000, 0x0000, 0x0000, 0x0000, 0x0000, 0x0000, 0x0000, 0x0000, 0x0000, 0x0000, 0x0000, 0x0000, 0x0000, 
  0x0000, 0x0000, 0x0000, 0x0000, 0x0000, 0x0000, 0x0000, 0x0000, 0x0000, 0x0000, 0x0000, 0x0000, 0xfbe0, 0x0000, 0x0010, 0x38d1, 
  0xfb60, 0xffed, 0x07ff, 0x681f, 0xfb40, 0xffed, 0x07ff, 0x681f, 0xfb40, 0xffed, 0x07ff, 0x681f, 0xfb40, 0xffed, 0x07ff, 0x681f, 
  0xfb40, 0xffed, 0x07ff, 0x681f, 0xfb40, 0xffed, 0x07ff, 0x681f, 0xfb40, 0xffed, 0x07ff, 0x681f, 0xfb40, 0xffed, 0x07ff, 0x681f, 
  0xfb40, 0xffed, 0x07ff, 0x681f, 0xfb40, 0xffed, 0x07ff, 0x681f, 0xfb60, 0xfe8b, 0x0f00, 0x0000, 0x0000, 0x0000, 0x0000, 0x0000, 
  0x0000, 0x0000, 0x0000, 0x0000, 0x0000, 0x0000, 0x0000, 0x0000, 0x0000, 0x0000, 0x0000, 0x0000, 0x0000, 0x0000, 0x0000, 0x0000, 
  0x0000, 0x0000, 0x0000, 0x0000, 0x0000, 0x054a, 0x0000, 0x0000, 0x81a3, 0x67cc, 0x07ff, 0x681f, 0xfb40, 0xffed, 0x07ff, 0x681f, 
  0xfb40, 0xffed, 0x07ff, 0x681f, 0xfb40, 0xffed, 0x07ff, 0x681f, 0xfb60, 0xffed, 0x07ff, 0x681f, 0xfb60, 0xffed, 0x07ff, 0x681f, 
  0xfb40, 0xffed, 0x07f4, 0x40b9, 0x0000, 0x07ff, 0x0000, 0x0000, 0x0000, 0x0000, 0x0000, 0x0000, 0x0000, 0x0000, 0x000f, 0x3800, 
  0xfbe0, 0x07e0, 0x0000, 0x0000, 0x0000, 0x0000, 0x0000, 0x0000, 0x0000, 0x0000, 0x0006, 0x1966, 0x40e5, 0x4284, 0x21ea, 0x2108, 
  0x5144, 0x39e3, 0x2a26, 0x1985, 0x0000, 0x0000, 0x0000, 0x0000, 0x0000, 0x0000, 0x0000, 0x0000, 0xfbe0, 0x03e7, 0x3820, 0x0000, 
  0x0000, 0x0000, 0x0000, 0x0000, 0x0000, 0x0000, 0x0000, 0x0000, 0x0000, 0x0000, 0x0000, 0x0000, 0x0000, 0x0000, 0x0000, 0x0000, 
  0x0000, 0x0000, 0x0000, 0x0000, 0x0000, 0x0000, 0x0000, 0x0000, 0x0000, 0x0000, 0x0000, 0x0000, 0x0000, 0x0000, 0x0017, 0x3800, 
  0x0000, 0x062a, 0x0c9f, 0x681f, 0xfb40, 0xffed, 0x07ff, 0x681f, 0xfb40, 0xffed, 0x07ff, 0x681f, 0xc281, 0xb800, 0xf800, 0x0000, 
  0x0000, 0x0000, 0x0000, 0x0000, 0x0000, 0x0000, 0x0000, 0x0000, 0x0000, 0x0000, 0x0000, 0x0000, 0x0000, 0x0000, 0x0000, 0x0000, 
  0x0000, 0x0000, 0x0000, 0x0000, 0x0000, 0x0000, 0x0000, 0x0000, 0x0000, 0x0000, 0x0000, 0x0000, 0x0000, 0x0000, 0x0000, 0x0000, 
  0x0000, 0x0000, 0x0000, 0x0000, 0x0000, 0x05e7, 0x003f, 0x5000, 0x0000, 0x0000, 0x0000, 0x0000, 0x0000, 0x0000, 0x0004, 0x1184, 
  0x2085, 0x3000, 0x0013, 0x3000, 0x0000, 0x03e6, 0x12fd, 0x603f, 0xfb60, 0xffed, 0x07ff, 0x681f, 0xfb40, 0xffed, 0x07df, 0x681f, 
  0xd2c0, 0x4800, 0x0017, 0x3800, 0x0000, 0x0000, 0x0000, 0x0000, 0xfb40, 0xe7ed, 0x07ff, 0x681f, 0xfb40, 0xffed, 0x07ff, 0x681f, 
  0xf340, 0xfe6b, 0x0940, 0x0000, 0xfbe0, 0x0000, 0x0000, 0x0000, 0x0000, 0x0000, 0x0000, 0x0000, 0x0000, 0x0000, 0x0000, 0x0000, 
  0x0000, 0x0000, 0x0000, 0x0000, 0x0000, 0x0000, 0x0000, 0x0000, 0x0000, 0x0000, 0x0000, 0x0000, 0x0000, 0x0000, 0x0000, 0x0000, 
  0x0000, 0x0000, 0x0000, 0x0000, 0x0000, 0x0000, 0x0000, 0x0000, 0x0000, 0x0000, 0x0000, 0x0000, 0x0000, 0x00e1, 0x28da, 0x585c, 
  0xfb60, 0xffcd, 0x07ff, 0x681f, 0xfb40, 0xffed, 0x07ff, 0x681f, 0xfb40, 0xffed, 0x07ff, 0x681f, 0xfb40, 0xffed, 0x07ff, 0x681f, 
  0xfb40, 0xffed, 0x07ff, 0x681f, 0xfb40, 0xffed, 0x07ff, 0x681f, 0xfb40, 0xffed, 0x07ff, 0x681f, 0xfb40, 0xffed, 0x07ff, 0x681f, 
  0xfb40, 0xffed, 0x07ff, 0x681f, 0xfb40, 0xffed, 0x07ff, 0x681f, 0xfb60, 0xfd28, 0x15a0, 0x0000, 0xffe0, 0x0000, 0x0000, 0x0000, 
  0x0000, 0x0000, 0x0000, 0x0000, 0x0000, 0x0000, 0x0000, 0x0000, 0x0000, 0x0000, 0x0000, 0x0000, 0x0000, 0x0000, 0x0000, 0x0000, 
  0x0000, 0x0000, 0x0000, 0x0000, 0x0000, 0x05e7, 0x0020, 0x0000, 0xa222, 0xafed, 0x07ff, 0x681f, 0xfb40, 0xffed, 0x07ff, 0x681f, 
  0xfb40, 0xff8c, 0x07f2, 0x38b8, 0x79a3, 0xbc27, 0x1df0, 0x38d7, 0x89e3, 0xbca8, 0x1df3, 0x40b7, 0xaa42, 0xbd89, 0x15f7, 0x4877, 
  0xfb40, 0xffed, 0x07fe, 0x601f, 0xaa41, 0x5000, 0x0015, 0x5000, 0x0000, 0x0000, 0x0000, 0x0000, 0xaaa0, 0x054a, 0x0000, 0x0000, 
  0x0000, 0x0000, 0xa807, 0x0000, 0x81a3, 0x8d69, 0x14fc, 0x5833, 0xf320, 0x9fcd, 0x04b9, 0x587d, 0xcac1, 0xfe8b, 0x0ffa, 0x587f, 
  0xd2c1, 0xfe6b, 0x17fa, 0x587b, 0xfb60, 0x976c, 0x04f8, 0x5053, 0x81a3, 0x9ac4, 0x20a0, 0x0000, 0x0000, 0x0000, 0x0017, 0x3800, 
  0x0000, 0x0000, 0x0000, 0x0000, 0x0000, 0x0000, 0x0000, 0x0000, 0x0000, 0x0000, 0x0000, 0x0000, 0x0000, 0x0000, 0x0000, 0x0000, 
  0x0000, 0x0000, 0x0000, 0x0000, 0x0000, 0x0000, 0x0000, 0x0000, 0x0000, 0x0000, 0x0000, 0x0000, 0x0000, 0x0000, 0x001f, 0x0000, 
  0x0000, 0x0507, 0x10dc, 0x583f, 0xfb60, 0xffed, 0x07ff, 0x681f, 0xfb40, 0xffed, 0x07ff, 0x681f, 0xe301, 0xfba6, 0x1a00, 0x0000, 
  0xaaa0, 0x0000, 0x0000, 0x0000, 0x0000, 0x0000, 0x0000, 0x0000, 0x0000, 0x0000, 0x0000, 0x0000, 0x0000, 0x0000, 0x0000, 0x0000, 
  0x0000, 0x0000, 0x0000, 0x0000, 0x0000, 0x0000, 0x0000, 0x0000, 0x0000, 0x0000, 0x0000, 0x0000, 0x0000, 0x0000, 0x0000, 0x0000, 
  0x0000, 0x0000, 0x000f, 0x7800, 0x79e0, 0x0000, 0x0007, 0x39e0, 0x0000, 0x0447, 0x11d5, 0x4895, 0xeb00, 0x9fee, 0x049a, 0x587a, 
  0xc2a1, 0xf7ee, 0x049e, 0x6013, 0xc281, 0x9487, 0x161e, 0x601f, 0xfb40, 0xffed, 0x07ff, 0x681f, 0xfb40, 0xffed, 0x07df, 0x681f, 
  0xd2c0, 0x4800, 0x0017, 0x3800, 0x0000, 0x0000, 0x0000, 0x0000, 0xfb40, 0xe7ed, 0x07ff, 0x681f, 0xfb40, 0xffed, 0x07ff, 0x681f, 
  0xf340, 0xfe6b, 0x0940, 0x0000, 0xfbe0, 0x0000, 0x0000, 0x0000, 0x0000, 0x0000, 0x0000, 0x0000, 0x0000, 0x0000, 0x0000, 0x0000, 
  0x0000, 0x0000, 0x0000, 0x0000, 0x0000, 0x0000, 0x0000, 0x0000, 0x0000, 0x0000, 0x0000, 0x0000, 0x0000, 0x0000, 0x0000, 0x0000, 
  0x0000, 0x0000, 0x0000, 0x0000, 0x0000, 0x0000, 0x0000, 0x0000, 0x0000, 0x0000, 0x0012, 0x4920, 0x0000, 0x05ea, 0x13ff, 0x683f, 
  0xfb40, 0xffed, 0x07ff, 0x681f, 0xfb40, 0xffed, 0x07ff, 0x681f, 0xfb40, 0xffed, 0x07ff, 0x681f, 0xfb40, 0xffed, 0x07ff, 0x681f, 
  0xfb40, 0xffed, 0x07ff, 0x681f, 0xfb40, 0xffed, 0x07ff, 0x681f, 0xfb40, 0xffed, 0x07ff, 0x681f, 0xfb40, 0xffed, 0x07ff, 0x681f, 
  0xfb40, 0xffed, 0x07ff, 0x681f, 0xfb40, 0xffed, 0x07ff, 0x681f, 0xfb40, 0xfe0a, 0x11e0, 0x0000, 0xfaa0, 0x0000, 0x0000, 0x0000, 
  0x0000, 0x0000, 0x0000, 0x0000, 0x0000, 0x0000, 0x0000, 0x0000, 0x0000, 0x0000, 0x0000, 0x0000, 0x0000, 0x0000, 0x0000, 0x0000, 
  0x0000, 0x0000, 0x0000, 0x0000, 0x0000, 0x066c, 0x0020, 0x0000, 0xdac0, 0xa7ed, 0x07ff, 0x681f, 0xfb40, 0xffed, 0x07ff, 0x681f, 
  0xfb40, 0xff0b, 0x07d2, 0x4062, 0x0000, 0x07e0, 0x0000, 0x0000, 0x0000, 0x0000, 0x0000, 0x0000, 0x0000, 0x0000, 0x0000, 0x0000, 
  0xfb40, 0xffed, 0x07ff, 0x681f, 0xd2c1, 0xfb04, 0x2120, 0x0000, 0x5145, 0x03e7, 0x002f, 0x0000, 0x0000, 0x0162, 0x290e, 0x30eb, 
  0xfb00, 0x4e6a, 0x0ebd, 0x601e, 0xfb40, 0xffed, 0x07ff, 0x701f, 0xfb80, 0xffee, 0x07ff, 0x681f, 0xfb60, 0xffed, 0x07df, 0x681f, 
  0xfb60, 0xffed, 0x07df, 0x681f, 0xfb80, 0xffee, 0x07ff, 0x681f, 0xfb40, 0xff8c, 0x0797, 0x487d, 0xc281, 0x6305, 0x2260, 0x02a0, 
  0x0000, 0x0000, 0x0015, 0x5000, 0x0000, 0x0000, 0x0000, 0x0000, 0x0000, 0x0000, 0x0000, 0x0000, 0x0000, 0x0000, 0x0000, 0x0000, 
  0x0000, 0x0000, 0x0000, 0x0000, 0x0000, 0x0000, 0x0000, 0x0000, 0x0000, 0x0000, 0x0000, 0x0000, 0x0000, 0x0000, 0x0000, 0x0000, 
  0xfbe0, 0x0000, 0x001b, 0x582e, 0xfb60, 0xffed, 0x07df, 0x681f, 0xfb40, 0xffed, 0x07ff, 0x681f, 0xfb80, 0xfe4a, 0x0ba0, 0x0000, 
  0xfbe0, 0x0000, 0x0000, 0x0000, 0x0000, 0x0000, 0x0000, 0x0000, 0x0000, 0x0000, 0x0000, 0x0000, 0x0000, 0x0000, 0x0000, 0x0000, 
  0x0000, 0x0000, 0x0000, 0x0000, 0x0000, 0x0000, 0x0000, 0x0000, 0x0000, 0x0000, 0x0000, 0x0000, 0x0000, 0x0000, 0x0000, 0x0000, 
  0x7800, 0x03e0, 0x0000, 0x0000, 0x30c6, 0x1407, 0x1a7b, 0x582f, 0xdac0, 0xffed, 0x079f, 0x681f, 0xfb80, 0xffee, 0x07ff, 0x681f, 
  0xfb60, 0xffee, 0x07ff, 0x701f, 0xfb60, 0xffed, 0x07ff, 0x681f, 0xfb40, 0xffed, 0x07ff, 0x681f, 0xfb40, 0xffed, 0x07df, 0x681f, 
  0xd2c0, 0x4800, 0x0017, 0x3800, 0x0000, 0x0000, 0x0000, 0x0000, 0xfb40, 0xe7ed, 0x07ff, 0x681f, 0xfb40, 0xffed, 0x07ff, 0x681f, 
  0xf340, 0xfe6b, 0x0940, 0x0000, 0xfbe0, 0x0000, 0x0000, 0x0000, 0x0000, 0x0000, 0x0000, 0x0000, 0x0000, 0x0000, 0x0000, 0x0000, 
  0x0000, 0x0000, 0x0000, 0x0000, 0x0000, 0x0000, 0x0000, 0x0000, 0x0000, 0x0000, 0x0000, 0x0000, 0x0000, 0x0000, 0x0000, 0x0000, 
  0x0000, 0x0000, 0x0000, 0x0000, 0x0000, 0x0000, 0x0000, 0x0000, 0x0000, 0x054a, 0x0000, 0x0000, 0x81a3, 0x572c, 0x07ff, 0x681f, 
  0xfb40, 0xffed, 0x07ff, 0x681f, 0xfb40, 0xffed, 0x07ff, 0x681f, 0xfb40, 0xffed, 0x07ff, 0x681f, 0xfb40, 0xffed, 0x07ff, 0x681f, 
  0xfb40, 0xffed, 0x07ff, 0x681f, 0xfb40, 0xffed, 0x07ff, 0x681f, 0xfb40, 0xffed, 0x07ff, 0x681f, 0xfb40, 0xffed, 0x07ff, 0x681f, 
  0xfb40, 0xffed, 0x07ff, 0x681f, 0xfb40, 0xffed, 0x07ff, 0x681f, 0xcaa1, 0xe8c1, 0x3120, 0x0000, 0x7800, 0x0000, 0x0000, 0x0000, 
  0x0000, 0x0000, 0x0000, 0x0000, 0x0000, 0x0000, 0x0000, 0x0000, 0x0000, 0x0000, 0x0000, 0x0000, 0x0000, 0x0000, 0x0000, 0x0000, 
  0x0000, 0x0000, 0x0000, 0x0000, 0x0000, 0x0000, 0x0000, 0x0381, 0xdae0, 0xcfed, 0x07ff, 0x681f, 0xfb40, 0xffed, 0x07ff, 0x681f, 
  0xfb60, 0xfdc9, 0x0fe4, 0x0962, 0x0000, 0x04c6, 0x302f, 0x39e0, 0x79e0, 0x03e7, 0x002f, 0x3800, 0x79e0, 0x05e7, 0x0037, 0x3800, 
  0xfb40, 0xffed, 0x07ff, 0x681f, 0xfb60, 0xfecb, 0x0500, 0x0000, 0xffe0, 0x01e0, 0x3820, 0x0320, 0x89e2, 0x7e0a, 0x0edd, 0x605f, 
  0xfb60, 0xffed, 0x07ff, 0x681f, 0xfb40, 0xffed, 0x07df, 0x681f, 0xfb40, 0xffed, 0x07df, 0x681f, 0xfb40, 0xffed, 0x07ff, 0x681f, 
  0xfb40, 0xffed, 0x07ff, 0x681f, 0xfb40, 0xffed, 0x07df, 0x681f, 0xfb40, 0xffed, 0x07ff, 0x681f, 0xfb60, 0xfeeb, 0x0fd7, 0x5077, 
  0xa222, 0x3000, 0x5846, 0x0180, 0x0000, 0x0000, 0x0000, 0x0000, 0x0000, 0x0000, 0x0000, 0x0000, 0x0000, 0x0000, 0x0000, 0x0000, 
  0x0000, 0x0000, 0x0000, 0x0000, 0x0000, 0x0000, 0x0000, 0x0000, 0x0000, 0x0000, 0x0000, 0x0000, 0x0000, 0x0000, 0x0000, 0x0000, 
  0x9980, 0x0000, 0x000f, 0x30cc, 0xeb20, 0xffed, 0x07df, 0x681f, 0xfb40, 0xffed, 0x07ff, 0x681f, 0xfb60, 0xff0b, 0x0720, 0x0240, 
  0x0000, 0x0000, 0x0000, 0x0000, 0x0000, 0x0000, 0x0000, 0x0000, 0x0000, 0x0000, 0x0000, 0x0000, 0x0000, 0x0000, 0x0000, 0x0000, 
  0x0000, 0x0000, 0x0000, 0x0000, 0x0000, 0x0000, 0x0000, 0x0000, 0x0000, 0x0000, 0x0000, 0x0000, 0x0000, 0x0000, 0x0000, 0x0000, 
  0x7be0, 0x0000, 0x0011, 0x38cb, 0xc281, 0xcf6c, 0x0fff, 0x681f, 0xfb60, 0xffed, 0x07ff, 0x681f, 0xfb40, 0xffed, 0x07df, 0x681f, 
  0xfb40, 0xffed, 0x07df, 0x681f, 0xfb40, 0xffed, 0x07ff, 0x681f, 0xfb40, 0xffed, 0x07ff, 0x681f, 0xfb40, 0xffed, 0x07df, 0x681f, 
  0xd2c0, 0x4800, 0x0017, 0x3800, 0x0000, 0x0000, 0x0000, 0x0000, 0xfb40, 0xe7ed, 0x07ff, 0x681f, 0xfb40, 0xffed, 0x07ff, 0x681f, 
  0xf340, 0xfe6b, 0x0940, 0x0000, 0xfbe0, 0x0000, 0x0000, 0x0000, 0x0000, 0x0000, 0x0000, 0x0000, 0x0000, 0x0000, 0x0000, 0x0000, 
  0x0000, 0x0000, 0x0000, 0x0000, 0x0000, 0x0000, 0x0000, 0x0000, 0x0000, 0x0000, 0x0000, 0x0000, 0x0000, 0x0000, 0x0000, 0x0000, 
  0x0000, 0x0000, 0x0000, 0x0000, 0x0000, 0x0000, 0x0000, 0x0000, 0x52a0, 0x0000, 0x0007, 0x1928, 0xc281, 0xffed, 0x07ff, 0x681f, 
  0xfb40, 0xffed, 0x07ff, 0x681f, 0xfb40, 0xffed, 0x07ff, 0x681f, 0xfb40, 0xffed, 0x07ff, 0x681f, 0xfb40, 0xffed, 0x07ff, 0x681f, 
  0xfb40, 0xffed, 0x07ff, 0x681f, 0xfb40, 0xffed, 0x07ff, 0x681f, 0xfb40, 0xffed, 0x07ff, 0x681f, 0xfb40, 0xffed, 0x07ff, 0x681f, 
  0xfb40, 0xffed, 0x07ff, 0x681f, 0xfb40, 0xffed, 0x07df, 0x681f, 0xaa41, 0x9000, 0x0013, 0x3000, 0x0000, 0x0000, 0x0000, 0x0000, 
  0x0000, 0x0000, 0x0000, 0x0000, 0x0000, 0x0000, 0x0000, 0x0000, 0x0000, 0x0000, 0x0000, 0x0000, 0x0000, 0x0000, 0x0000, 0x0000, 
  0x0000, 0x0000, 0x0000, 0x0000, 0x79e0, 0x0000, 0x000f, 0x30e9, 0xe301, 0xffed, 0x07df, 0x681f, 0xfb40, 0xffed, 0x07ff, 0x681f, 
  0xfb80, 0xfe2a, 0x0ca0, 0x0000, 0xffe0, 0x0000, 0x0000, 0x0000, 0x0000, 0x0000, 0x0000, 0x0000, 0x0000, 0x0000, 0x0000, 0x0000, 
  0xfb40, 0xffed, 0x07ff, 0x681f, 0xfb40, 0xffed, 0x07fb, 0x5835, 0x0007, 0x5ac5, 0x2377, 0x507e, 0xfb40, 0xffed, 0x07ff, 0x681f, 
  0xfb40, 0xffed, 0x07ff, 0x681f, 0xfb40, 0xffed, 0x07ff, 0x681f, 0xfb40, 0xffed, 0x07ff, 0x681f, 0xfb40, 0xffed, 0x07ff, 0x681f, 
  0xfb40, 0xffed, 0x07ff, 0x681f, 0xfb40, 0xffed, 0x07ff, 0x681f, 0xfb40, 0xffed, 0x07ff, 0x681f, 0xfb40, 0xffed, 0x07df, 0x681f, 
  0xf340, 0xfe2a, 0x0ff6, 0x486e, 0x0000, 0x03ef, 0x0000, 0x0000, 0xb9e0, 0x07e0, 0x0000, 0x0000, 0x0000, 0x0000, 0x0000, 0x0000, 
  0x0000, 0x0000, 0x0000, 0x0000, 0x0000, 0x0000, 0x0000, 0x0000, 0x0000, 0x0000, 0x0000, 0x0000, 0x0000, 0x0000, 0x0000, 0x0000, 
  0x0000, 0x07ef, 0x0000, 0x0000, 0xd2c1, 0xcfed, 0x07ff, 0x681f, 0xfb40, 0xffed, 0x07ff, 0x681f, 0xfb40, 0xffcd, 0x07ee, 0x30f1, 
  0x0000, 0x0326, 0x3020, 0x0000, 0x0000, 0x0000, 0x0000, 0x0000, 0x0000, 0x0000, 0x0000, 0x0000, 0x0000, 0x0000, 0x0000, 0x0000, 
  0x0000, 0x0000, 0x0000, 0x0000, 0x0000, 0x0000, 0x0000, 0x0000, 0x0000, 0x0000, 0x0000, 0x0000, 0x0000, 0x05e7, 0x0020, 0x0000, 
  0x9a01, 0x2589, 0x0f3e, 0x603f, 0xfb60, 0xffed, 0x07df, 0x681f, 0xfb40, 0xffed, 0x07ff, 0x681f, 0xfb40, 0xffed, 0x07ff, 0x681f, 
  0xfb40, 0xffed, 0x07ff, 0x681f, 0xfb40, 0xffed, 0x07ff, 0x681f, 0xfb40, 0xffed, 0x07ff, 0x681f, 0xfb40, 0xffed, 0x07df, 0x681f, 
  0xd2c0, 0x4800, 0x0017, 0x3800, 0x0000, 0x0000, 0x0000, 0x0000, 0xfb40, 0xe7ed, 0x07ff, 0x681f, 0xfb40, 0xffed, 0x07ff, 0x681f, 
  0xf340, 0xfe6b, 0x0940, 0x0000, 0xfbe0, 0x0000, 0x0000, 0x0000, 0x0000, 0x0000, 0x0000, 0x0000, 0x0000, 0x0000, 0x0000, 0x0000, 
  0x0000, 0x0000, 0x0000, 0x0000, 0x0000, 0x0000, 0x0000, 0x0000, 0x0000, 0x0000, 0x0000, 0x0000, 0x0000, 0x0000, 0x0000, 0x0000, 
  0x0000, 0x0000, 0x0000, 0x0000, 0x0000, 0x0000, 0x0000, 0x0000, 0xfaaa, 0x0000, 0x001b, 0x5854, 0xfb80, 0xffed, 0x07ff, 0x681f, 
  0xfb40, 0xffed, 0x07ff, 0x681f, 0xfb40, 0xffed, 0x07ff, 0x681f, 0xfb40, 0xffed, 0x07ff, 0x681f, 0xfb40, 0xffed, 0x07ff, 0x681f, 
  0xfb40, 0xffed, 0x07ff, 0x681f, 0xfb40, 0xffed, 0x07ff, 0x681f, 0xfb40, 0xffed, 0x07ff, 0x681f, 0xfb40, 0xffed, 0x07ff, 0x681f, 
  0xfb40, 0xffed, 0x07ff, 0x681f, 0xfb40, 0xffed, 0x07fd, 0x603d, 0x6183, 0x0800, 0x0000, 0x0000, 0x0000, 0x0000, 0x0000, 0x0000, 
  0x0000, 0x0000, 0x0000, 0x0000, 0x0000, 0x0000, 0x0000, 0x0000, 0x0000, 0x0000, 0x0000, 0x0000, 0x0000, 0x0000, 0x0000, 0x0000, 
  0x0000, 0x0000, 0x0000, 0x0000, 0xfaa0, 0x0000, 0x0017, 0x5068, 0xfb40, 0xffed, 0x07df, 0x681f, 0xfb40, 0xffed, 0x07ff, 0x681f, 
  0xfb60, 0xfe0a, 0x0b20, 0x0000, 0xcb20, 0x0000, 0x0000, 0x0000, 0x0000, 0x0000, 0x0000, 0x0000, 0x0000, 0x0000, 0x0000, 0x0000, 
  0xfb40, 0xffed, 0x07ff, 0x681f, 0xfb40, 0xffed, 0x07ff, 0x681f, 0xb262, 0xfecb, 0x0fff, 0x681f, 0xfb40, 0xffed, 0x07ff, 0x681f, 
  0xfb40, 0xffed, 0x07ff, 0x681f, 0xfb40, 0xffed, 0x07ff, 0x681f, 0xfb40, 0xffed, 0x07ff, 0x681f, 0xfb40, 0xffed, 0x07ff, 0x681f, 
  0xfb40, 0xffed, 0x07ff, 0x681f, 0xfb40, 0xffed, 0x07ff, 0x681f, 0xfb40, 0xffed, 0x07ff, 0x681f, 0xfb40, 0xffed, 0x07ff, 0x681f, 
  0xfb40, 0xffed, 0x07ff, 0x681e, 0xe2e0, 0xcc67, 0x1ce7, 0x1943, 0x0007, 0x03ef, 0x0000, 0x0000, 0x0000, 0x0000, 0x0000, 0x0000, 
  0x0000, 0x0000, 0x0000, 0x0000, 0x0000, 0x0000, 0x0000, 0x0000, 0x0000, 0x0000, 0x0000, 0x0000, 0x0000, 0x0000, 0x0000, 0x0000, 
  0x0000, 0x07ef, 0x0000, 0x0000, 0xca81, 0x4fed, 0x07ff, 0x681f, 0xfb40, 0xffed, 0x07ff, 0x681f, 0xfb40, 0xffed, 0x07f8, 0x5051, 
  0x0000, 0x066c, 0x0020, 0x0000, 0x0000, 0x0000, 0x0000, 0x0000, 0x0000, 0x0000, 0x0000, 0x0000, 0x0000, 0x0000, 0x0000, 0x0000, 
  0x0000, 0x0000, 0x0000, 0x0000, 0x0000, 0x0000, 0x0000, 0x0000, 0x0000, 0x0000, 0x000f, 0x0000, 0xfbe0, 0x0000, 0x780f, 0x30d2, 
  0xe300, 0xe7ed, 0x07ff, 0x681f, 0xfb40, 0xffed, 0x07ff, 0x681f, 0xfb40, 0xffed, 0x07ff, 0x681f, 0xfb40, 0xffed, 0x07ff, 0x681f, 
  0xfb40, 0xffed, 0x07ff, 0x681f, 0xfb40, 0xffed, 0x07ff, 0x681f, 0xfb40, 0xffed, 0x07ff, 0x681f, 0xfb40, 0xffed, 0x07df, 0x681f, 
  0xd2c0, 0x4800, 0x0017, 0x3800, 0x0000, 0x0000, 0x0000, 0x0000, 0xfb40, 0xe7ed, 0x07ff, 0x681f, 0xfb40, 0xffed, 0x07ff, 0x681f, 
  0xf340, 0xfe6b, 0x0940, 0x0000, 0xfbe0, 0x0000, 0x0000, 0x0000, 0x0000, 0x0000, 0x0000, 0x0000, 0x0000, 0x0000, 0x0000, 0x0000, 
  0x0000, 0x0000, 0x0000, 0x0000, 0x0000, 0x0000, 0x0000, 0x0000, 0x0000, 0x0000, 0x0000, 0x0000, 0x0000, 0x0000, 0x0000, 0x0000, 
  0x0000, 0x0000, 0x0000, 0x0000, 0x0000, 0x0000, 0x001f, 0xa800, 0x0000, 0x0548, 0x14df, 0x681f, 0xfb40, 0xffed, 0x07ff, 0x681f, 
  0xfb40, 0xffed, 0x07ff, 0x681f, 0xfb40, 0xffed, 0x07ff, 0x681f, 0xfb40, 0xffed, 0x07ff, 0x681f, 0xfb40, 0xffed, 0x07ff, 0x681f, 
  0xfb40, 0xffed, 0x07ff, 0x681f, 0xfb40, 0xffed, 0x07ff, 0x681f, 0xfb40, 0xffed, 0x07ff, 0x681f, 0xfb40, 0xffed, 0x07ff, 0x681f, 
  0xfb40, 0xffed, 0x07ff, 0x681f, 0xfb40, 0xffed, 0x07f4, 0x409a, 0x0015, 0x0000, 0x0000, 0x0000, 0x0000, 0x0000, 0x0000, 0x0000, 
  0x0000, 0x0000, 0x0000, 0x0000, 0x0000, 0x0000, 0x0000, 0x0000, 0x0000, 0x0000, 0x0000, 0x0000, 0x0000, 0x0000, 0x0000, 0x0000, 
  0x0000, 0x0000, 0x0000, 0x0000, 0x0000, 0x0000, 0x0013, 0x4098, 0xfb60, 0xffed, 0x07ff, 0x681f, 0xfb40, 0xffed, 0x07ff, 0x681f, 
  0xe301, 0xfac5, 0x22c0, 0x0000, 0x79e0, 0x0000, 0x0000, 0x0000, 0x0000, 0x0000, 0x0000, 0x0000, 0x0000, 0x0000, 0x0000, 0x0000, 
  0xfb40, 0xffed, 0x07ff, 0x681f, 0xfb40, 0xffed, 0x07ff, 0x681f, 0xfb60, 0xffed, 0x07df, 0x681f, 0xfb40, 0xffed, 0x07ff, 0x681f, 
  0xfb40, 0xffed, 0x07ff, 0x681f, 0xfb40, 0xffed, 0x07ff, 0x681f, 0xfb40, 0xffed, 0x07ff, 0x681f, 0xfb40, 0xffed, 0x07df, 0x681f, 
  0xfb40, 0xffed, 0x07df, 0x681f, 0xfb40, 0xffed, 0x07ff, 0x681f, 0xfb40, 0xffed, 0x07ff, 0x681f, 0xfb40, 0xffed, 0x07ff, 0x681f, 
  0xfb40, 0xffed, 0x07ff, 0x681f, 0xfb80, 0xffed, 0x07f8, 0x507f, 0xa222, 0x8b86, 0x1920, 0x0000, 0x7800, 0x0000, 0x0000, 0x0000, 
  0x0000, 0x0000, 0x0000, 0x0000, 0x0000, 0x0000, 0x0000, 0x0000, 0x0000, 0x0000, 0x0000, 0x0000, 0x0000, 0x0000, 0x0000, 0x0000, 
  0x0000, 0x07ef, 0x0000, 0x0000, 0xa202, 0x274c, 0x07ff, 0x681f, 0xfb40, 0xffed, 0x07ff, 0x681f, 0xfb40, 0xffed, 0x07f9, 0x5859, 
  0x0009, 0x0800, 0x001f, 0x0000, 0x0000, 0x0000, 0x0000, 0x0000, 0x0000, 0x0000, 0x0000, 0x0000, 0x0000, 0x0000, 0x0000, 0x0000, 
  0x0000, 0x0000, 0x0000, 0x0000, 0x0000, 0x0000, 0x0000, 0x0000, 0x0000, 0x0000, 0x001f, 0x5000, 0x0000, 0x05c9, 0x0d1f, 0x683f, 
  0xfb80, 0xffed, 0x07ff, 0x681f, 0xfb40, 0xffed, 0x07ff, 0x681f, 0xfb40, 0xffed, 0x07ff, 0x681f, 0xfb40, 0xffed, 0x07ff, 0x681f, 
  0xfb40, 0xffed, 0x07ff, 0x681f, 0xfb40, 0xffed, 0x07ff, 0x681f, 0xfb40, 0xffed, 0x07ff, 0x681f, 0xfb40, 0xffed, 0x07df, 0x681f, 
  0xd2c0, 0x4800, 0x0017, 0x3800, 0x0000, 0x0000, 0x0000, 0x0000, 0xfb40, 0xe7ed, 0x07ff, 0x681f, 0xfb40, 0xffed, 0x07ff, 0x681f, 
  0xf340, 0xfe6b, 0x0940, 0x0000, 0xfbe0, 0x0000, 0x0000, 0x0000, 0x0000, 0x0000, 0x0000, 0x0000, 0x0000, 0x0000, 0x0000, 0x0000, 
  0x0000, 0x0000, 0x0000, 0x0000, 0x0000, 0x0000, 0x0000, 0x0000, 0x0000, 0x0000, 0x0000, 0x0000, 0x0000, 0x0000, 0x0000, 0x0000, 
  0x0000, 0x0000, 0x0000, 0x0000, 0x0000, 0x07ef, 0x0000, 0x0000, 0x79a3, 0x9f8c, 0x07ff, 0x681f, 0xfb40, 0xffed, 0x07ff, 0x681f, 
  0xfb40, 0xffed, 0x07ff, 0x681f, 0xfb40, 0xffed, 0x07ff, 0x681f, 0xfb40, 0xffed, 0x07ff, 0x681f, 0xfb40, 0xffed, 0x07ff, 0x681f, 
  0xfb40, 0xffed, 0x07ff, 0x681f, 0xfb40, 0xffed, 0x07ff, 0x681f, 0xfb40, 0xffed, 0x07ff, 0x681f, 0xfb40, 0xffed, 0x07ff, 0x681f, 
  0xfb40, 0xffed, 0x07ff, 0x681f, 0xfb40, 0xff8c, 0x07f3, 0x40aa, 0x0000, 0x05e7, 0x0020, 0x0000, 0x0000, 0x0000, 0x0000, 0x0000, 
  0x0000, 0x0000, 0x0000, 0x0000, 0x0000, 0x0000, 0x0000, 0x0000, 0x0000, 0x0000, 0x0000, 0x0000, 0x0000, 0x0000, 0x0000, 0x0000, 
  0x0000, 0x0000, 0x0000, 0x0000, 0x0000, 0x0000, 0x0019, 0x507d, 0xfb60, 0xffed, 0x07ff, 0x681f, 0xfb40, 0xffed, 0x07ff, 0x681f, 
  0xe2e0, 0xc000, 0x001f, 0x5000, 0x0000, 0x0000, 0x0000, 0x0000, 0x0000, 0x0000, 0x0000, 0x0000, 0x0000, 0x0000, 0x0000, 0x0000, 
  0xfb40, 0xffed, 0x07ff, 0x681f, 0xfb40, 0xffed, 0x07ff, 0x681f, 0xfb40, 0xffed, 0x07ff, 0x681f, 0xfb40, 0xffed, 0x07ff, 0x681f, 
  0xfb40, 0xffed, 0x07ff, 0x681f, 0xfb40, 0xffed, 0x07ff, 0x681f, 0xfb60, 0xffee, 0x07ff, 0x701f, 0xfb80, 0xffee, 0x07ff, 0x701f, 
  0xfb80, 0xffee, 0x07ff, 0x701f, 0xfb80, 0xffed, 0x07ff, 0x681f, 0xfb40, 0xffed, 0x07ff, 0x681f, 0xfb40, 0xffed, 0x07ff, 0x681f, 
  0xfb40, 0xffed, 0x07ff, 0x681f, 0xfb40, 0xffed, 0x07ff, 0x681f, 0xfb80, 0xfdea, 0x0f20, 0x02a0, 0x0000, 0x0000, 0x0000, 0x0000, 
  0x0000, 0x0000, 0x0000, 0x0000, 0x0000, 0x0000, 0x0000, 0x0000, 0x0000, 0x0000, 0x0000, 0x0000, 0x0000, 0x0000, 0x0000, 0x0000, 
  0x0000, 0x0000, 0x001f, 0xa800, 0x0000, 0x076c, 0x04bf, 0x701f, 0xfb40, 0xffed, 0x07ff, 0x681f, 0xfb40, 0xffed, 0x07fc, 0x605f, 
  0x9a23, 0x3000, 0x001f, 0x7800, 0x0000, 0x0000, 0x0000, 0x0000, 0x0000, 0x0000, 0x0000, 0x0000, 0x0000, 0x0000, 0x0000, 0x0000, 
  0x0000, 0x0000, 0x0000, 0x0000, 0x0000, 0x0000, 0x0000, 0x0000, 0x7800, 0x07ef, 0x0000, 0x0000, 0xdac0, 0x9fee, 0x07ff, 0x681f, 
  0xfb40, 0xffed, 0x07ff, 0x681f, 0xfb40, 0xffed, 0x07ff, 0x681f, 0xfb40, 0xffed, 0x07df, 0x681f, 0xfb60, 0xffed, 0x07ff, 0x701f, 
  0xfb80, 0xffee, 0x07ff, 0x681f, 0xfb40, 0xffed, 0x07ff, 0x681f, 0xfb40, 0xffed, 0x07ff, 0x681f, 0xfb40, 0xffed, 0x07df, 0x681f, 
  0xd2c0, 0x4800, 0x0017, 0x3800, 0x0000, 0x0000, 0x0000, 0x0000, 0xfb40, 0xe7ed, 0x07ff, 0x681f, 0xfb40, 0xffed, 0x07ff, 0x681f, 
  0xf340, 0xfe6b, 0x0940, 0x0000, 0xfbe0, 0x0000, 0x0000, 0x0000, 0x0000, 0x0000, 0x0000, 0x0000, 0x0000, 0x0000, 0x0000, 0x0000, 
  0x0000, 0x0000, 0x0000, 0x0000, 0x0000, 0x0000, 0x0000, 0x0000, 0x0000, 0x0000, 0x0000, 0x0000, 0x0000, 0x0000, 0x0000, 0x0000, 
  0x0000, 0x0000, 0x0000, 0x0000, 0x89c3, 0x0800, 0x0010, 0x38f0, 0xeb21, 0xffed, 0x07df, 0x681f, 0xfb40, 0xffed, 0x07ff, 0x681f, 
  0xfb40, 0xffed, 0x07ff, 0x681f, 0xfb40, 0xffed, 0x07ff, 0x681f, 0xfb40, 0xffed, 0x07ff, 0x681f, 0xfb40, 0xffed, 0x07ff, 0x681f, 
  0xfb40, 0xffed, 0x07ff, 0x681f, 0xfb40, 0xffed, 0x07ff, 0x681f, 0xfb40, 0xffed, 0x07ff, 0x681f, 0xfb40, 0xffed, 0x07ff, 0x681f, 
  0xfb40, 0xffed, 0x07ff, 0x681f, 0xfb60, 0xfeeb, 0x0de0, 0x0000, 0xffe0, 0x0000, 0x0000, 0x0000, 0x0000, 0x0000, 0x0000, 0x0000, 
  0x0000, 0x0000, 0x0000, 0x0000, 0x0000, 0x0000, 0x0000, 0x0000, 0x0000, 0x0000, 0x0000, 0x0000, 0x0000, 0x0000, 0x0000, 0x0000, 
  0x0000, 0x0000, 0x0000, 0x0000, 0x0000, 0x02e5, 0x18fd, 0x601d, 0xfb60, 0xffed, 0x07ff, 0x681f, 0xfb40, 0xffed, 0x07ff, 0x681f, 
  0xb242, 0xc000, 0x001f, 0x5000, 0x0000, 0x0000, 0x0000, 0x0000, 0x0000, 0x0000, 0x0000, 0x0000, 0x0000, 0x0000, 0x0000, 0x0000, 
  0xfb60, 0xffed, 0x07ff, 0x681f, 0xfb40, 0xffed, 0x07ff, 0x681f, 0xfb40, 0xffed, 0x07ff, 0x681f, 0xfb40, 0xffed, 0x07ff, 0x681f, 
  0xfb40, 0xffed, 0x07df, 0x681f, 0xfb40, 0xff4c, 0x07fb, 0x583f, 0xc281, 0xfdc9, 0x0e1f, 0x700b, 0xeb40, 0x6f6c, 0x037d, 0x600d, 
  0xeb40, 0x6f6d, 0x037f, 0x680c, 0xb261, 0xde8b, 0x0ffd, 0x603f, 0xfb40, 0xffed, 0x07ff, 0x681f, 0xfb40, 0xffed, 0x07ff, 0x681f, 
  0xfb40, 0xffed, 0x07ff, 0x681f, 0xfb40, 0xffed, 0x07ff, 0x681f, 0xfb60, 0xfe4a, 0x0ca0, 0x0000, 0xffe0, 0x0000, 0x0000, 0x0000, 
  0x0000, 0x0000, 0x0000, 0x0000, 0x0000, 0x0000, 0x0000, 0x0000, 0x0000, 0x0000, 0x0000, 0x0000, 0x0000, 0x0000, 0x0000, 0x0000, 
  0x0000, 0x0000, 0x0013, 0x3000, 0x0000, 0x0508, 0x141f, 0x683f, 0xfb40, 0xffed, 0x07ff, 0x681f, 0xfb40, 0xffed, 0x07ff, 0x681f, 
  0x81c3, 0x8800, 0x001f, 0x7800, 0x0000, 0x0000, 0x0000, 0x0000, 0x0000, 0x0000, 0x0000, 0x0000, 0x0000, 0x0000, 0x0000, 0x0000, 
  0x0000, 0x0000, 0x0000, 0x0000, 0x0000, 0x0000, 0x0000, 0x0000, 0xf9e0, 0x0000, 0x001c, 0x5814, 0xfb80, 0xffed, 0x07df, 0x681f, 
  0xfb40, 0xffed, 0x07ff, 0x681f, 0xfb40, 0xffed, 0x07ff, 0x681f, 0xfb40, 0xffed, 0x07fe, 0x601f, 0xdac1, 0xfdca, 0x0f3e, 0x680d, 
  0xfb80, 0x65ea, 0x0e1b, 0x585f, 0xf340, 0xffed, 0x07ff, 0x681f, 0xfb40, 0xffed, 0x07ff, 0x681f, 0xfb40, 0xffed, 0x07df, 0x681f, 
  0xd2c0, 0x4800, 0x0017, 0x3800, 0x0000, 0x0000, 0x0000, 0x0000, 0xfb40, 0xe7ed, 0x07ff, 0x681f, 0xfb40, 0xffed, 0x07ff, 0x681f, 
  0xf340, 0xfe6b, 0x0940, 0x0000, 0xfbe0, 0x0000, 0x0000, 0x0000, 0x0000, 0x0000, 0x0000, 0x0000, 0x0000, 0x0000, 0x0000, 0x0000, 
  0x0000, 0x0000, 0x0000, 0x0000, 0x0000, 0x0000, 0x0000, 0x0000, 0x0000, 0x0000, 0x0000, 0x0000, 0x0000, 0x0000, 0x0000, 0x0000, 
  0x0000, 0x0000, 0x0017, 0x3800, 0x0000, 0x0629, 0x08de, 0x681b, 0xfb60, 0xffed, 0x07ff, 0x681f, 0xfb40, 0xffed, 0x07ff, 0x681f, 
  0xfb40, 0xffed, 0x07ff, 0x681f, 0xfb40, 0xffed, 0x07ff, 0x681f, 0xfb40, 0xffed, 0x07ff, 0x681f, 0xfb40, 0xffed, 0x07ff, 0x681f, 
  0xfb40, 0xffed, 0x07ff, 0x681f, 0xfb40, 0xffed, 0x07ff, 0x681f, 0xfb40, 0xffed, 0x07ff, 0x681f, 0xfb40, 0xffed, 0x07ff, 0x681f, 
  0xfb40, 0xffed, 0x07ff, 0x681f, 0xfb40, 0xfd89, 0x12a0, 0x0000, 0xfbe0, 0x0000, 0x0000, 0x0000, 0x0000, 0x0000, 0x0000, 0x0000, 
  0x0000, 0x0000, 0x0000, 0x0000, 0x0000, 0x0000, 0x0000, 0x0000, 0x0000, 0x0000, 0x0000, 0x0000, 0x0000, 0x0000, 0x0000, 0x0000, 
  0x0000, 0x0000, 0x0013, 0x3000, 0x0000, 0x0528, 0x149f, 0x681f, 0xfb40, 0xffed, 0x07ff, 0x681f, 0xfb40, 0xffed, 0x07ff, 0x681f, 
  0x81c3, 0x6000, 0x001f, 0x7800, 0x0000, 0x0000, 0x0000, 0x0000, 0x0000, 0x0000, 0x0000, 0x0000, 0x0000, 0x0000, 0x0000, 0x0000, 
  0xeb00, 0x97ee, 0x07ff, 0x681f, 0xfb40, 0xffed, 0x07ff, 0x681f, 0xfb40, 0xffed, 0x07ff, 0x681f, 0xfb40, 0xffed, 0x07ff, 0x681f, 
  0xfb80, 0xff4c, 0x0f97, 0x5058, 0x89e3, 0x97ed, 0x0091, 0x3883, 0x38c4, 0x1800, 0x2880, 0x0000, 0x0000, 0x0000, 0x0000, 0x0000, 
  0x0000, 0x0000, 0x0000, 0x0000, 0x1045, 0x13c5, 0x10b0, 0x38c6, 0x89e2, 0xc66b, 0x0e7d, 0x605f, 0xfb80, 0xffed, 0x07ff, 0x681f, 
  0xfb40, 0xffed, 0x07ff, 0x681f, 0xfb40, 0xffed, 0x07ff, 0x681f, 0xfb60, 0xff0b, 0x0a60, 0x0000, 0xb9e0, 0x0000, 0x0000, 0x0000, 
  0x0000, 0x0000, 0x0000, 0x0000, 0x0000, 0x0000, 0x0000, 0x0000, 0x0000, 0x0000, 0x0000, 0x0000, 0x0000, 0x0000, 0x0000, 0x0000, 
  0x0000, 0x0000, 0x0000, 0x0000, 0x0000, 0x0000, 0x305e, 0x601c, 0xfb60, 0xffed, 0x07ff, 0x681f, 0xfb40, 0xffed, 0x07ff, 0x681f, 
  0x9a23, 0xd000, 0x001f, 0x7800, 0x0000, 0x0000, 0x0000, 0x0000, 0x0000, 0x0000, 0x0000, 0x0000, 0x0000, 0x0000, 0x0000, 0x0000, 
  0x0000, 0x0000, 0x0000, 0x0000, 0x0000, 0x07e0, 0x001f, 0x7800, 0x0000, 0x06eb, 0x04ff, 0x701f, 0xfb40, 0xffed, 0x07ff, 0x681f, 
  0xfb40, 0xffed, 0x07ff, 0x681f, 0xfb40, 0xffed, 0x07ff, 0x681f, 0xeb01, 0xfd89, 0x1672, 0x40a8, 0xa201, 0x1183, 0x20c0, 0x0000, 
  0x0000, 0x0121, 0x20b1, 0x28e2, 0x79a3, 0x866a, 0x0f1f, 0x681f, 0xfb40, 0xffed, 0x07ff, 0x681f, 0xfb40, 0xffed, 0x07df, 0x681f, 
  0xd2c0, 0x4800, 0x0017, 0x3800, 0x0000, 0x0000, 0x0000, 0x0000, 0xfb40, 0xe7ed, 0x07ff, 0x681f, 0xfb40, 0xffed, 0x07ff, 0x681f, 
  0xf340, 0xfe6b, 0x0940, 0x0000, 0xfbe0, 0x0000, 0x0000, 0x0000, 0x0000, 0x0000, 0x0000, 0x0000, 0x0000, 0x0000, 0x0000, 0x0000, 
  0x0000, 0x0000, 0x0000, 0x0000, 0x0000, 0x0000, 0x0000, 0x0000, 0x0000, 0x0000, 0x0000, 0x0000, 0x0000, 0x0000, 0x0000, 0x0000, 
  0xf800, 0x0000, 0x0000, 0x01e1, 0x7183, 0x3f8c, 0x06bf, 0x681f, 0xfb20, 0xffed, 0x07ff, 0x681f, 0xfb40, 0xffed, 0x07ff, 0x681f, 
  0xfb40, 0xffed, 0x07ff, 0x681f, 0xfb40, 0xffed, 0x07ff, 0x681f, 0xfb40, 0xffed, 0x07ff, 0x681f, 0xfb40, 0xffed, 0x07ff, 0x681f, 
  0xfb40, 0xffed, 0x07ff, 0x681f, 0xfb40, 0xffed, 0x07ff, 0x681f, 0xfb40, 0xffed, 0x07ff, 0x681f, 0xfb40, 0xffed, 0x07ff, 0x681f, 
  0xfb40, 0xffec, 0x07ff, 0x681f, 0xdae0, 0xd0e0, 0x1840, 0x0000, 0x0000, 0x0000, 0x0000, 0x0000, 0x0000, 0x0000, 0x0000, 0x0000, 
  0x0000, 0x0000, 0x0000, 0x0000, 0x0000, 0x0000, 0x0000, 0x0000, 0x0000, 0x0000, 0x0000, 0x0000, 0x0000, 0x0000, 0x0000, 0x0000, 
  0x0000, 0x0000, 0x0000, 0x0000, 0x0000, 0x066a, 0x0d7f, 0x701f, 0xfb40, 0xffed, 0x07ff, 0x681f, 0xfb40, 0xffed, 0x07fc, 0x585f, 
  0x89c3, 0x2000, 0x000f, 0x7800, 0x0000, 0x0000, 0x0000, 0x0000, 0x0000, 0x0000, 0x0000, 0x0000, 0x0000, 0x0000, 0x0000, 0x0000, 
  0x0000, 0x06cb, 0x04ff, 0x681f, 0xfb40, 0xffed, 0x07ff, 0x681f, 0xfb40, 0xffed, 0x07ff, 0x681f, 0xfb40, 0xffed, 0x07dd, 0x603f, 
  0xaa42, 0xab66, 0x21e0, 0x0000, 0xf800, 0x0000, 0x0000, 0x0000, 0x0000, 0x07ef, 0x001f, 0x7800, 0xfbe0, 0x07ef, 0x003f, 0x7800, 
  0xfbe0, 0x07ef, 0x003f, 0x7800, 0xffe0, 0x0000, 0x0000, 0x0000, 0x0000, 0x01a3, 0x28ce, 0x30ca, 0xcaa1, 0x8f2c, 0x07ff, 0x701f, 
  0xfb60, 0xffed, 0x07ff, 0x681f, 0xfb40, 0xffed, 0x07ff, 0x681f, 0xeb20, 0xd141, 0x1880, 0x0000, 0xf800, 0x0000, 0x0000, 0x0000, 
  0x0000, 0x0000, 0x0000, 0x0000, 0x0000, 0x0000, 0x0000, 0x0000, 0x0000, 0x0000, 0x0000, 0x0000, 0x0000, 0x0000, 0x0000, 0x0000, 
  0x0000, 0x0000, 0x0000, 0x0000, 0xffe0, 0x0000, 0x0019, 0x505b, 0xfb60, 0xffed, 0x07ff, 0x681f, 0xfb40, 0xffed, 0x07ff, 0x681f, 
  0xcaa0, 0xd000, 0x001f, 0x7800, 0x0000, 0x0000, 0x0000, 0x0000, 0x0000, 0x0000, 0x0000, 0x0000, 0x0000, 0x0000, 0x0000, 0x0000, 
  0x0000, 0x0000, 0x0000, 0x0000, 0x0000, 0x07ff, 0x0000, 0x0000, 0xcaa1, 0x9fee, 0x07ff, 0x681f, 0xfb40, 0xffed, 0x07ff, 0x681f, 
  0xfb40, 0xffed, 0x07ff, 0x681f, 0xfb60, 0xffed, 0x07f6, 0x4879, 0x6963, 0x4800, 0x2820, 0x0000, 0x0000, 0x07e0, 0x001f, 0x7800, 
  0xfbe0, 0x07ef, 0x0017, 0x3800, 0x0000, 0x0487, 0x12fe, 0x603f, 0xfb60, 0xffed, 0x07ff, 0x681f, 0xfb40, 0xffed, 0x07df, 0x681f, 
  0xd2c0, 0x4800, 0x0017, 0x3800, 0x0000, 0x0000, 0x0000, 0x0000, 0xfb40, 0xe7ed, 0x07ff, 0x681f, 0xfb40, 0xffed, 0x07ff, 0x681f, 
  0xf340, 0xfe6b, 0x0940, 0x0000, 0xfbe0, 0x0000, 0x0000, 0x0000, 0x0000, 0x0000, 0x0000, 0x0000, 0x0000, 0x0000, 0x0000, 0x0000, 
  0x0000, 0x0000, 0x0000, 0x0000, 0x0000, 0x0000, 0x0000, 0x0000, 0x0000, 0x0000, 0x0000, 0x0000, 0x0000, 0x0000, 0x0000, 0x0000, 
  0xf9e0, 0x0000, 0x0012, 0x40b3, 0xeb21, 0xffed, 0x07df, 0x681f, 0xfb40, 0xffed, 0x07ff, 0x681f, 0xfb40, 0xffed, 0x07ff, 0x681f, 
  0xfb40, 0xffed, 0x07ff, 0x681f, 0xfb40, 0xffed, 0x07ff, 0x681f, 0xfb40, 0xffed, 0x07ff, 0x681f, 0xfb40, 0xffed, 0x07ff, 0x681f, 
  0xfb40, 0xffed, 0x07ff, 0x681f, 0xfb40, 0xffed, 0x07ff, 0x681f, 0xfb40, 0xffed, 0x07ff, 0x681f, 0xfb40, 0xffed, 0x07ff, 0x681f, 
  0xfb40, 0xffed, 0x07df, 0x683f, 0xba61, 0x6000, 0x0017, 0x3800, 0x0000, 0x0000, 0x0000, 0x0000, 0x0000, 0x0000, 0x0000, 0x0000, 
  0x0000, 0x0000, 0x0000, 0x0000, 0x0000, 0x0000, 0x0000, 0x0000, 0x0000, 0x0000, 0x0000, 0x0000, 0x0000, 0x0000, 0x0000, 0x0000, 
  0x0000, 0x054a, 0x0000, 0x0000, 0x7184, 0x36eb, 0x0fff, 0x681f, 0xfb40, 0xffed, 0x07ff, 0x681f, 0xfb40, 0xffee, 0x07fa, 0x5055, 
  0x001f, 0x0000, 0x0000, 0x0000, 0x0000, 0x0000, 0x0000, 0x0000, 0x0000, 0x0000, 0x0000, 0x0000, 0x0000, 0x0000, 0x0000, 0x0000, 
  0x0000, 0x0589, 0x0b3f, 0x683f, 0xfb40, 0xffed, 0x07ff, 0x681f, 0xfb40, 0xffed, 0x07ff, 0x681f, 0xfb60, 0xff2c, 0x0735, 0x4065, 
  0x0000, 0x07ff, 0x0013, 0x3000, 0xaaaa, 0x0000, 0x0000, 0x0000, 0x0000, 0x0000, 0x0000, 0x0000, 0x0000, 0x0000, 0x0000, 0x0000, 
  0x0000, 0x0000, 0x0000, 0x0000, 0x0000, 0x0000, 0x0000, 0x0000, 0x79e7, 0x054a, 0x0000, 0x0000, 0x001f, 0x0345, 0x18d6, 0x4873, 
  0xe301, 0xefed, 0x07ff, 0x681f, 0xfb40, 0xffed, 0x07df, 0x681f, 0xeae0, 0xa800, 0x0019, 0x6000, 0x0000, 0x0000, 0x0000, 0x0000, 
  0x0000, 0x0000, 0x0000, 0x0000, 0x0000, 0x0000, 0x0000, 0x0000, 0x0000, 0x0000, 0x0000, 0x0000, 0x0000, 0x0000, 0x0000, 0x0000, 
  0x0000, 0x0000, 0x0000, 0x0000, 0xffe0, 0x0000, 0x0015, 0x489b, 0xfb60, 0xffed, 0x07ff, 0x681f, 0xfb40, 0xffed, 0x07ff, 0x681f, 
  0xf300, 0xd000, 0x001f, 0x7800, 0x0000, 0x0000, 0x0000, 0x0000, 0x0000, 0x0000, 0x0000, 0x0000, 0x0000, 0x0000, 0x0000, 0x0000, 
  0x0000, 0x0000, 0x0000, 0x0000, 0xfbe0, 0x0000, 0x0012, 0x40b4, 0xfb60, 0xffed, 0x07df, 0x681f, 0xfb40, 0xffed, 0x07ff, 0x681f, 
  0xfb40, 0xffed, 0x07df, 0x681f, 0xe2e1, 0xfde9, 0x0a40, 0x0000, 0xfbe0, 0x05e7, 0x0020, 0x0000, 0x0000, 0x0000, 0x0000, 0x0000, 
  0x0000, 0x0000, 0x000f, 0x3800, 0x0000, 0x0406, 0x0b1e, 0x603f, 0xfb60, 0xffed, 0x07ff, 0x681f, 0xfb40, 0xffed, 0x07df, 0x681f, 
  0xd2c0, 0x4800, 0x0017, 0x3800, 0x0000, 0x0000, 0x0000, 0x0000, 0xfb40, 0xe7ed, 0x07ff, 0x681f, 0xfb40, 0xffed, 0x07ff, 0x681f, 
  0xf340, 0xfe6b, 0x0940, 0x0000, 0xfbe0, 0x0000, 0x0000, 0x0000, 0x0000, 0x0000, 0x0000, 0x0000, 0x0000, 0x0000, 0x0000, 0x0000, 
  0x0000, 0x0000, 0x0000, 0x0000, 0x0000, 0x0000, 0x0000, 0x0000, 0x0000, 0x0000, 0x0000, 0x0000, 0x0000, 0x054a, 0x001f, 0x0000, 
  0x0000, 0x0528, 0x0d1f, 0x683f, 0xfb60, 0xffed, 0x07ff, 0x681f, 0xfb40, 0xffed, 0x07ff, 0x681f, 0xfb40, 0xffed, 0x07ff, 0x681f, 
  0xfb40, 0xffed, 0x07ff, 0x681f, 0xfb40, 0xffed, 0x07ff, 0x681f, 0xfb40, 0xffed, 0x07ff, 0x681f, 0xfb40, 0xffed, 0x07ff, 0x681f, 
  0xfb40, 0xffed, 0x07ff, 0x681f, 0xfb40, 0xffed, 0x07ff, 0x681f, 0xfb40, 0xffed, 0x07ff, 0x681f, 0xfb40, 0xffed, 0x07ff, 0x681f, 
  0xfb40, 0xffed, 0x07fb, 0x5858, 0x0000, 0x07ea, 0x0000, 0x0000, 0x0000, 0x0000, 0x0000, 0x0000, 0x0000, 0x0000, 0x0000, 0x0000, 
  0x0000, 0x0000, 0x0000, 0x0000, 0x0000, 0x0000, 0x0000, 0x0000, 0x0000, 0x0000, 0x0000, 0x0000, 0x0000, 0x0000, 0x0000, 0x0000, 
  0x0000, 0x07ef, 0x0000, 0x0000, 0xaa42, 0x6fed, 0x07ff, 0x681f, 0xfb40, 0xffed, 0x07ff, 0x681f, 0xfb40, 0xffed, 0x07f8, 0x506f, 
  0x0000, 0x066c, 0x0020, 0x0000, 0x0000, 0x0000, 0x0000, 0x0000, 0x0000, 0x0000, 0x0000, 0x0000, 0x0000, 0x0000, 0x0000, 0x0000, 
  0x0009, 0x05ea, 0x0e9f, 0x681f, 0xfb40, 0xffed, 0x07ff, 0x681f, 0xfb40, 0xffed, 0x07ff, 0x681f, 0xe300, 0xece7, 0x1160, 0x0000, 
  0xb9e0, 0x03e7, 0x0020, 0x0000, 0x0000, 0x0000, 0x0000, 0x0000, 0x0000, 0x0000, 0x0000, 0x0000, 0x0000, 0x0000, 0x0000, 0x0000, 
  0x0000, 0x0000, 0x0000, 0x0000, 0x0000, 0x0000, 0x0000, 0x0000, 0x0000, 0x0000, 0x0013, 0x3000, 0xfaa0, 0x0000, 0x0000, 0x0000, 
  0x7183, 0x2ce8, 0x14b9, 0x505f, 0xfb60, 0xffed, 0x07df, 0x681f, 0x9202, 0xa000, 0x000f, 0x3800, 0x0000, 0x0000, 0x0000, 0x0000, 
  0x0000, 0x0000, 0x0000, 0x0000, 0x0000, 0x0000, 0x0000, 0x0000, 0x0000, 0x0000, 0x0000, 0x0000, 0x0000, 0x0000, 0x0000, 0x0000, 
  0x0000, 0x0000, 0x0000, 0x0000, 0xfbe0, 0x0000, 0x0015, 0x486c, 0xfb60, 0xffed, 0x07ff, 0x681f, 0xfb40, 0xffed, 0x07ff, 0x681f, 
  0xf320, 0xd800, 0x0000, 0x0000, 0x0000, 0x0000, 0x0000, 0x0000, 0x0000, 0x0000, 0x0000, 0x0000, 0x0000, 0x0000, 0x0000, 0x0000, 
  0x0000, 0x0000, 0x000f, 0x7800, 0x0000, 0x0548, 0x117d, 0x603f, 0xfb40, 0xffed, 0x07ff, 0x681f, 0xfb40, 0xffed, 0x07ff, 0x681f, 
  0xfb40, 0xffee, 0x07d7, 0x487e, 0x6983, 0x5000, 0x0015, 0x5000, 0x79e0, 0x0000, 0x0000, 0x0000, 0x0000, 0x0000, 0x0000, 0x0000, 
  0x0000, 0x0000, 0x0013, 0x3000, 0x0000, 0x0426, 0x12fe, 0x603f, 0xfb60, 0xffed, 0x07ff, 0x681f, 0xfb40, 0xffed, 0x07df, 0x681f, 
  0xd2c0, 0x4800, 0x0017, 0x3800, 0x0000, 0x0000, 0x0000, 0x0000, 0xfb40, 0xe7ed, 0x07ff, 0x681f, 0xfb40, 0xffed, 0x07ff, 0x681f, 
  0xf340, 0xfe6b, 0x0940, 0x0000, 0xfbe0, 0x0000, 0x0000, 0x0000, 0x0000, 0x0000, 0x0000, 0x0000, 0x0000, 0x0000, 0x0000, 0x0000, 
  0x0000, 0x0000, 0x0000, 0x0000, 0x0000, 0x0000, 0x0000, 0x0000, 0x0000, 0x0000, 0x0000, 0x0000, 0x0000, 0x01e0, 0x3820, 0x0240, 
  0xd2c1, 0x97ed, 0x07ff, 0x681f, 0xfb40, 0xffed, 0x07ff, 0x681f, 0xfb40, 0xffed, 0x07ff, 0x681f, 0xfb40, 0xffed, 0x07ff, 0x681f, 
  0xfb40, 0xffed, 0x07ff, 0x681f, 0xfb40, 0xffed, 0x07ff, 0x681f, 0xfb40, 0xffed, 0x07ff, 0x681f, 0xfb40, 0xffed, 0x07ff, 0x681f, 
  0xfb40, 0xffed, 0x07ff, 0x681f, 0xfb40, 0xffed, 0x07ff, 0x681f, 0xfb40, 0xffed, 0x07ff, 0x681f, 0xfb40, 0xffed, 0x07ff, 0x681f, 
  0xfb40, 0xffcd, 0x07f4, 0x4089, 0x0000, 0x07ef, 0x0000, 0x0000, 0x0000, 0x0000, 0x0000, 0x0000, 0x0000, 0x0000, 0x0000, 0x0000, 
  0x0000, 0x0000, 0x0000, 0x0000, 0x0000, 0x0000, 0x0000, 0x0000, 0x0000, 0x0000, 0x0000, 0x0000, 0x0000, 0x0000, 0x0000, 0x0000, 
  0x0000, 0x07ef, 0x0000, 0x0000, 0xc281, 0xdfed, 0x07ff, 0x681f, 0xfb40, 0xffed, 0x07ff, 0x681f, 0xfb40, 0xff6c, 0x07ee, 0x30ee, 
  0x0000, 0x03e7, 0x3820, 0x0000, 0x0000, 0x0000, 0x0000, 0x0000, 0x0000, 0x0000, 0x0000, 0x0000, 0x0000, 0x0000, 0x0000, 0x0000, 
  0x6164, 0x578c, 0x07ff, 0x681f, 0xfb40, 0xffed, 0x07ff, 0x681f, 0xfb40, 0xffed, 0x07fd, 0x601d, 0xa202, 0x2000, 0x001f, 0x5000, 
  0x0000, 0x0000, 0x0000, 0x0000, 0x0000, 0x0000, 0x0000, 0x0000, 0x0000, 0x0000, 0x0000, 0x0000, 0x0000, 0x0000, 0x0000, 0x0000, 
  0x0000, 0x0000, 0x0000, 0x0000, 0x0000, 0x0000, 0x0000, 0x0000, 0x0000, 0x0000, 0x0000, 0x0000, 0x0000, 0x0000, 0x0017, 0x3800, 
  0xfbe0, 0x0000, 0x0006, 0x2183, 0x9a02, 0x9e8b, 0x0f9d, 0x603f, 0xaa21, 0x1000, 0x001f, 0x0000, 0x0000, 0x0000, 0x0000, 0x0000, 
  0x0000, 0x0000, 0x0000, 0x0000, 0x0000, 0x0000, 0x0000, 0x0000, 0x0000, 0x0000, 0x0000, 0x0000, 0x0000, 0x0000, 0x0000, 0x0000, 
  0x0000, 0x0000, 0x0000, 0x0000, 0xaaa0, 0x0000, 0x001a, 0x5847, 0xfb40, 0xffed, 0x07ff, 0x681f, 0xfb40, 0xffed, 0x07ff, 0x681f, 
  0xeb01, 0xfae5, 0x1bc0, 0x0000, 0x6186, 0x0000, 0x0000, 0x0000, 0x0000, 0x0000, 0x0000, 0x0000, 0x0000, 0x0000, 0x0000, 0x0000, 
  0x0000, 0x03e0, 0x0000, 0x0000, 0x30a4, 0x26ab, 0x0f1f, 0x681f, 0xfb40, 0xffed, 0x07ff, 0x681f, 0xfb40, 0xffed, 0x07ff, 0x681f, 
  0xfb80, 0xff6c, 0x04c0, 0x0000, 0xb9e0, 0x03ef, 0x0000, 0x0000, 0x0000, 0x0000, 0x0000, 0x0000, 0x0000, 0x0000, 0x0000, 0x0000, 
  0x0000, 0x0000, 0x0013, 0x3000, 0x0000, 0x0406, 0x12fe, 0x603f, 0xfb60, 0xffed, 0x07ff, 0x681f, 0xfb40, 0xffed, 0x07df, 0x681f, 
  0xd2c0, 0x4800, 0x0017, 0x3800, 0x0000, 0x0000, 0x0000, 0x0000, 0xfb40, 0xe7ed, 0x07ff, 0x681f, 0xfb40, 0xffed, 0x07ff, 0x681f, 
  0xf340, 0xfe6b, 0x0940, 0x0000, 0xfbe0, 0x0000, 0x0000, 0x0000, 0x0000, 0x0000, 0x0000, 0x0000, 0x0000, 0x0000, 0x0000, 0x0000, 
  0x0000, 0x0000, 0x0000, 0x0000, 0x0000, 0x0000, 0x0000, 0x0000, 0x0000, 0x05e7, 0x0037, 0x3800, 0x0000, 0x0528, 0x0a99, 0x505f, 
  0xfb60, 0xffed, 0x07ff, 0x681f, 0xfb40, 0xffed, 0x07ff, 0x681f, 0xfb40, 0xffed, 0x07ff, 0x681f, 0xfb40, 0xffed, 0x07ff, 0x681f, 
  0xfb40, 0xffed, 0x07ff, 0x681f, 0xfb40, 0xffed, 0x07ff, 0x681f, 0xfb40, 0xffed, 0x07ff, 0x681f, 0xfb40, 0xffed, 0x07ff, 0x681f, 
  0xfb40, 0xffed, 0x07ff, 0x681f, 0xfb40, 0xffed, 0x07ff, 0x681f, 0xfb40, 0xffed, 0x07ff, 0x681f, 0xfb40, 0xffed, 0x07ff, 0x681f, 
  0xfb60, 0xfe6a, 0x0e60, 0x0261, 0x0000, 0x07e0, 0x0000, 0x0000, 0x0000, 0x0000, 0x0000, 0x0000, 0x0000, 0x0000, 0x0000, 0x0000, 
  0x0000, 0x0000, 0x0000, 0x0000, 0x0000, 0x0000, 0x0000, 0x0000, 0x0000, 0x0000, 0x0000, 0x0000, 0x0000, 0x0000, 0x0000, 0x0000, 
  0x7800, 0x0000, 0x000b, 0x2926, 0xe300, 0xefed, 0x07ff, 0x681f, 0xfb40, 0xffed, 0x07ff, 0x681f, 0xfb60, 0xfeeb, 0x06a0, 0x0000, 
  0xffe0, 0x0000, 0x0000, 0x0000, 0x0000, 0x0000, 0x0000, 0x0000, 0x0000, 0x0000, 0x0000, 0x0000, 0x0000, 0x0000, 0x0000, 0x0000, 
  0xba62, 0xafed, 0x07ff, 0x681f, 0xfb40, 0xffed, 0x07ff, 0x681f, 0xfb40, 0xffed, 0x07f7, 0x4872, 0x0000, 0x06aa, 0x0020, 0x0000, 
  0x0000, 0x0000, 0x0000, 0x0000, 0x0000, 0x0000, 0x0000, 0x0000, 0x0000, 0x0000, 0x0000, 0x0000, 0x0000, 0x0000, 0x0000, 0x0000, 
  0x0000, 0x0000, 0x0000, 0x0000, 0x0000, 0x0000, 0x0000, 0x0000, 0x0000, 0x0000, 0x0000, 0x0000, 0x0000, 0x0000, 0x0000, 0x0000, 
  0xaaa0, 0x07ef, 0x0000, 0x0000, 0x0000, 0x0203, 0x2196, 0x4867, 0xfaa0, 0x0000, 0x0000, 0x0000, 0x0000, 0x0000, 0x0000, 0x0000, 
  0x0000, 0x0000, 0x0000, 0x0000, 0x0000, 0x0000, 0x0000, 0x0000, 0x0000, 0x0000, 0x0000, 0x0000, 0x0000, 0x0000, 0x0000, 0x0000, 
  0x0000, 0x0000, 0x0000, 0x0000, 0xaaa0, 0x0000, 0x0018, 0x5047, 0xf340, 0xffed, 0x07ff, 0x681f, 0xfb40, 0xffed, 0x07ff, 0x681f, 
  0xf320, 0xfc06, 0x13c0, 0x0000, 0x9980, 0x0000, 0x0000, 0x0000, 0x0000, 0x0000, 0x0000, 0x0000, 0x0000, 0x0000, 0x0000, 0x0000, 
  0x0000, 0x07ea, 0x0000, 0x0000, 0xc282, 0x7fed, 0x07ff, 0x681f, 0xfb40, 0xffed, 0x07ff, 0x681f, 0xfb40, 0xffed, 0x07df, 0x681f, 
  0xdac1, 0xb000, 0x001f, 0xf800, 0xaaa0, 0x0000, 0x0000, 0x0000, 0x0000, 0x0000, 0x0000, 0x0000, 0x0000, 0x0000, 0x0000, 0x0000, 
  0x0000, 0x0000, 0x0013, 0x3000, 0x0000, 0x0406, 0x12fe, 0x603f, 0xfb60, 0xffed, 0x07ff, 0x681f, 0xfb40, 0xffed, 0x07df, 0x681f, 
  0xd2a0, 0x4800, 0x0017, 0x3800, 0x0000, 0x0000, 0x0000, 0x0000, 0xfb40, 0xe7ed, 0x07ff, 0x681f, 0xfb40, 0xffed, 0x07ff, 0x681f, 
  0xf340, 0xfe6b, 0x0940, 0x0000, 0xfbe0, 0x0000, 0x0000, 0x0000, 0x0000, 0x0000, 0x0000, 0x0000, 0x0000, 0x0000, 0x0000, 0x0000, 
  0x0000, 0x0000, 0x0000, 0x0000, 0x0000, 0x03e0, 0x001f, 0x7800, 0xfb20, 0x0000, 0x000c, 0x28e3, 0xa222, 0xbfed, 0x077f, 0x681f, 
  0xfb40, 0xffed, 0x07ff, 0x681f, 0xfb40, 0xffed, 0x07ff, 0x681f, 0xfb40, 0xffed, 0x07ff, 0x681f, 0xfb40, 0xffed, 0x07ff, 0x681f, 
  0xfb40, 0xffed, 0x07ff, 0x681f, 0xfb40, 0xffed, 0x07ff, 0x681f, 0xfb40, 0xffed, 0x07ff, 0x681f, 0xfb40, 0xffed, 0x07ff, 0x681f, 
  0xfb40, 0xffed, 0x07ff, 0x681f, 0xfb40, 0xffed, 0x07ff, 0x681f, 0xfb40, 0xffed, 0x07ff, 0x681f, 0xfb40, 0xffed, 0x07ff, 0x681f, 
  0xf340, 0xfc47, 0x1320, 0x0000, 0x79e0, 0x0000, 0x0000, 0x0000, 0x0000, 0x0000, 0x0000, 0x0000, 0x0000, 0x0000, 0x0000, 0x0000, 
  0x0000, 0x0000, 0x0000, 0x0000, 0x0000, 0x0000, 0x0000, 0x0000, 0x0000, 0x0000, 0x0000, 0x0000, 0x0000, 0x0000, 0x0000, 0x0000, 
  0xcb20, 0x0000, 0x0016, 0x48af, 0xfb60, 0xffed, 0x07df, 0x681f, 0xfb40, 0xffed, 0x07ff, 0x681f, 0xfb60, 0xfc27, 0x1ea0, 0x0000, 
  0xfb20, 0x0000, 0x0000, 0x0000, 0x0000, 0x0000, 0x0000, 0x0000, 0x0000, 0x0000, 0x0000, 0x0000, 0x0000, 0x0000, 0x0000, 0x0000, 
  0xdae0, 0xdfed, 0x07ff, 0x681f, 0xfb40, 0xffed, 0x07ff, 0x681f, 0xfb40, 0xff2c, 0x07b3, 0x3862, 0x0000, 0x0000, 0x0000, 0x0000, 
  0x0000, 0x0000, 0x0000, 0x0000, 0x0000, 0x0000, 0x0000, 0x0000, 0x0000, 0x0000, 0x0000, 0x0000, 0x0000, 0x0000, 0x0000, 0x0000, 
  0x0000, 0x0000, 0x0000, 0x0000, 0x0000, 0x0000, 0x0000, 0x0000, 0x0000, 0x0000, 0x0000, 0x0000, 0x0000, 0x0000, 0x0000, 0x0000, 
  0x0000, 0x0000, 0x0000, 0x0000, 0xb9e7, 0x0000, 0x0000, 0x0000, 0x0000, 0x0000, 0x0000, 0x0000, 0x0000, 0x0000, 0x0000, 0x0000, 
  0x0000, 0x0000, 0x0000, 0x0000, 0x0000, 0x0000, 0x0000, 0x0000, 0x0000, 0x0000, 0x0000, 0x0000, 0x0000, 0x0000, 0x0000, 0x0000, 
  0x0000, 0x0000, 0x0000, 0x0000, 0xaaa0, 0x0000, 0x0017, 0x5047, 0xf320, 0xffed, 0x07ff, 0x681f, 0xfb40, 0xffed, 0x07ff, 0x681f, 
  0xfb40, 0xfc87, 0x0bc0, 0x0000, 0x9980, 0x0000, 0x0000, 0x0000, 0x0000, 0x0000, 0x0000, 0x0000, 0x0000, 0x0000, 0x0000, 0x0000, 
  0xf800, 0x0000, 0x000f, 0x3122, 0xdac1, 0xffed, 0x07ff, 0x681f, 0xfb40, 0xffed, 0x07ff, 0x681f, 0xfb40, 0xffed, 0x07f9, 0x507f, 
  0x4904, 0x4800, 0x000a, 0x0000, 0x0000, 0x0000, 0x0000, 0x0000, 0x0000, 0x0000, 0x0000, 0x0000, 0x0000, 0x0000, 0x0000, 0x0000, 
  0x0000, 0x0000, 0x0013, 0x3000, 0x0000, 0x0406, 0x12fe, 0x603f, 0xfb60, 0xffed, 0x07ff, 0x681f, 0xfb40, 0xffed, 0x07df, 0x681f, 
  0xd2a0, 0x4800, 0x0017, 0x3800, 0x0000, 0x0000, 0x0000, 0x0000, 0xfb40, 0xe7ed, 0x07ff, 0x681f, 0xfb40, 0xffed, 0x07ff, 0x681f, 
  0xf340, 0xfe6b, 0x0940, 0x0000, 0xfbe0, 0x0000, 0x0000, 0x0000, 0x0000, 0x0000, 0x0000, 0x0000, 0x0000, 0x0000, 0x0000, 0x0000, 
  0x0000, 0x0000, 0x0000, 0x0000, 0xaaa0, 0x054a, 0x0000, 0x0000, 0x0000, 0x04a8, 0x133c, 0x583a, 0xfb80, 0xffed, 0x07df, 0x681f, 
  0xfb40, 0xffed, 0x07ff, 0x681f, 0xfb40, 0xffed, 0x07ff, 0x681f, 0xfb40, 0xffed, 0x07ff, 0x681f, 0xfb40, 0xffed, 0x07ff, 0x681f, 
  0xfb40, 0xffed, 0x07ff, 0x681f, 0xfb40, 0xffed, 0x07ff, 0x681f, 0xfb40, 0xffed, 0x07ff, 0x681f, 0xfb40, 0xffed, 0x07ff, 0x681f, 
  0xfb40, 0xffed, 0x07ff, 0x681f, 0xfb40, 0xffed, 0x07ff, 0x681f, 0xfb40, 0xffed, 0x07ff, 0x681f, 0xfb40, 0xffed, 0x07ff, 0x701f, 
  0xdae0, 0x8000, 0x001f, 0x5000, 0x0000, 0x0000, 0x0000, 0x0000, 0x0000, 0x0000, 0x0000, 0x0000, 0x0000, 0x0000, 0x0000, 0x0000, 
  0x0000, 0x0000, 0x0000, 0x0000, 0x0000, 0x0000, 0x0000, 0x0000, 0x0000, 0x0000, 0x0000, 0x0000, 0x0000, 0x0000, 0x0000, 0x0000, 
  0x0000, 0x0000, 0x4858, 0x5058, 0xfb60, 0xffed, 0x07ff, 0x681f, 0xfb40, 0xffed, 0x07ff, 0x681f, 0xfb40, 0xfba6, 0x1ea0, 0x0000, 
  0xfaa0, 0x03e7, 0x3820, 0x0000, 0x0000, 0x0000, 0x0000, 0x0000, 0x0000, 0x0000, 0x0000, 0x0000, 0x0000, 0x0000, 0x0000, 0x0000, 
  0xfb40, 0xffed, 0x07df, 0x681f, 0xfb40, 0xffed, 0x07ff, 0x681f, 0xfb60, 0xfd89, 0x16a0, 0x0261, 0x0000, 0x0000, 0x0000, 0x0000, 
  0x0000, 0x0000, 0x0000, 0x0000, 0x0000, 0x0000, 0x0000, 0x0000, 0x0000, 0x0000, 0x0000, 0x0000, 0x0000, 0x0000, 0x0000, 0x0000, 
  0x0000, 0x0000, 0x0000, 0x0000, 0x0000, 0x0000, 0x0000, 0x0000, 0x0000, 0x0000, 0x0000, 0x0000, 0x0000, 0x0000, 0x0000, 0x0000, 
  0x0000, 0x0000, 0x0000, 0x0000, 0x0000, 0x01e7, 0x3837, 0x3800, 0x0000, 0x0000, 0x0000, 0x0000, 0x0000, 0x0000, 0x0000, 0x0000, 
  0x0000, 0x0000, 0x0000, 0x0000, 0x0000, 0x0000, 0x0000, 0x0000, 0x0000, 0x0000, 0x0000, 0x0000, 0x0000, 0x0000, 0x0000, 0x0000, 
  0x0000, 0x0000, 0x0000, 0x0000, 0xaaa0, 0x0000, 0x0017, 0x5047, 0xf320, 0xffed, 0x07ff, 0x681f, 0xfb40, 0xffed, 0x07ff, 0x681f, 
  0xfb40, 0xfc67, 0x13c0, 0x0000, 0x9980, 0x0000, 0x0000, 0x0000, 0x0000, 0x0000, 0x0000, 0x0000, 0x0000, 0x0000, 0x0000, 0x0000, 
  0xb9e0, 0x0000, 0x0014, 0x4093, 0xfb40, 0xffed, 0x07ff, 0x681f, 0xfb40, 0xffed, 0x07ff, 0x681f, 0xfb40, 0xff4c, 0x07d1, 0x38a9, 
  0x0000, 0x07ea, 0x0000, 0x0000, 0x0000, 0x0000, 0x0000, 0x0000, 0x0000, 0x0000, 0x0000, 0x0000, 0x0000, 0x0000, 0x0000, 0x0000, 
  0x0000, 0x0000, 0x0013, 0x3000, 0x0000, 0x0406, 0x12fe, 0x603f, 0xfb60, 0xffed, 0x07ff, 0x681f, 0xfb40, 0xffed, 0x07df, 0x681f, 
  0xd2a0, 0x4800, 0x0017, 0x3800, 0x0000, 0x0000, 0x0000, 0x0000, 0xfb40, 0xe7ed, 0x07ff, 0x681f, 0xfb40, 0xffed, 0x07ff, 0x681f, 
  0xf340, 0xfe6b, 0x0940, 0x0000, 0xfbe0, 0x0000, 0x0000, 0x0000, 0x0000, 0x0000, 0x0000, 0x0000, 0x0000, 0x0000, 0x0000, 0x0000, 
  0x79e0, 0x07ff, 0x001f, 0xf800, 0x0000, 0x00e1, 0x2894, 0x408a, 0xcaa1, 0xdfcd, 0x07df, 0x681f, 0xfb40, 0xffed, 0x07ff, 0x681f, 
  0xfb40, 0xffed, 0x07ff, 0x681f, 0xfb40, 0xffed, 0x07ff, 0x681f, 0xfb40, 0xffed, 0x07ff, 0x681f, 0xfb40, 0xffed, 0x07ff, 0x681f, 
  0xfb40, 0xffed, 0x07ff, 0x681f, 0xfb40, 0xffed, 0x07ff, 0x681f, 0xfb40, 0xffed, 0x07ff, 0x681f, 0xfb40, 0xffed, 0x07ff, 0x681f, 
  0xfb40, 0xffed, 0x07ff, 0x681f, 0xfb40, 0xffed, 0x07ff, 0x681f, 0xfb40, 0xffed, 0x07ff, 0x681f, 0xfb40, 0xffed, 0x07fa, 0x583e, 
  0x6963, 0x2000, 0x000f, 0x0000, 0x0000, 0x0000, 0x0000, 0x0000, 0x0000, 0x0000, 0x0000, 0x0000, 0x0000, 0x0000, 0x0000, 0x0000, 
  0x0000, 0x0000, 0x0000, 0x0000, 0x0000, 0x0000, 0x0000, 0x0000, 0x0000, 0x0000, 0x0000, 0x0000, 0x0000, 0x0000, 0x001f, 0x7800, 
  0x0000, 0x0529, 0x113c, 0x605f, 0xfb40, 0xffed, 0x07ff, 0x681f, 0xfb40, 0xffed, 0x07ff, 0x681f, 0xfb40, 0xffcc, 0x07b5, 0x489b, 
  0x6983, 0x3800, 0x001f, 0x5000, 0x79e0, 0x0000, 0x0000, 0x0000, 0x0000, 0x0000, 0x0000, 0x0000, 0x0000, 0x0000, 0x0000, 0x0000, 
  0xfb60, 0xffed, 0x07ff, 0x681f, 0xfb40, 0xffed, 0x07ff, 0x681f, 0xfb60, 0xfe2a, 0x0ae0, 0x0000, 0xcb20, 0x0000, 0x0000, 0x0000, 
  0x0000, 0x0000, 0x0000, 0x0000, 0x0000, 0x0000, 0x0000, 0x0000, 0x0000, 0x0000, 0x0000, 0x0000, 0x0000, 0x0000, 0x0000, 0x0000, 
  0x0000, 0x0000, 0x0000, 0x0000, 0x0000, 0x0000, 0x0000, 0x0000, 0x0000, 0x0000, 0x0000, 0x0000, 0x0000, 0x0000, 0x0000, 0x0000, 
  0x0000, 0x0000, 0x0000, 0x0000, 0x0000, 0x0000, 0x0000, 0x0000, 0x0000, 0x0000, 0x0000, 0x0000, 0x0000, 0x0000, 0x0000, 0x0000, 
  0x0000, 0x0000, 0x0000, 0x0000, 0x0000, 0x0000, 0x0000, 0x0000, 0x0000, 0x0000, 0x0000, 0x0000, 0x0000, 0x0000, 0x0000, 0x0000, 
  0x0000, 0x0000, 0x0000, 0x0000, 0xaaa0, 0x0000, 0x0019, 0x5847, 0xfb40, 0xffed, 0x07ff, 0x681f, 0xfb40, 0xffed, 0x07ff, 0x681f, 
  0xf320, 0xfb66, 0x1bc0, 0x0000, 0x6186, 0x0000, 0x0000, 0x0000, 0x0000, 0x0000, 0x0000, 0x0000, 0x0000, 0x0000, 0x000f, 0x0000, 
  0x0000, 0x00c2, 0x315a, 0x585d, 0xfb60, 0xffed, 0x07ff, 0x681f, 0xfb40, 0xffed, 0x07ff, 0x681f, 0xfb60, 0xfd08, 0x1540, 0x0000, 
  0x9244, 0x0000, 0x0000, 0x0000, 0x0000, 0x0000, 0x0000, 0x0000, 0x0000, 0x0000, 0x0000, 0x0000, 0x0000, 0x0000, 0x0000, 0x0000, 
  0x0000, 0x0000, 0x0013, 0x3000, 0x0000, 0x0406, 0x12fe, 0x603f, 0xfb60, 0xffed, 0x07ff, 0x681f, 0xfb40, 0xffed, 0x07df, 0x681f, 
  0xd2a0, 0x4800, 0x0017, 0x3800, 0x0000, 0x0000, 0x0000, 0x0000, 0xfb40, 0xe7ed, 0x07ff, 0x681f, 0xfb40, 0xffed, 0x07ff, 0x681f, 
  0xf340, 0xfe6b, 0x0940, 0x0000, 0xfbe0, 0x0000, 0x0000, 0x0000, 0x0000, 0x0000, 0x0000, 0x0000, 0x0000, 0x054a, 0x001f, 0x7800, 
  0x0000, 0x03ef, 0xf800, 0x0000, 0x89c2, 0x668a, 0x0e5f, 0x683f, 0xfb60, 0xffed, 0x07df, 0x681f, 0xfb40, 0xffed, 0x07ff, 0x681f, 
  0xfb40, 0xffed, 0x07ff, 0x681f, 0xfb40, 0xffed, 0x07ff, 0x681f, 0xfb40, 0xffed, 0x07ff, 0x681f, 0xfb40, 0xffed, 0x07ff, 0x681f, 
  0xfb40, 0xffed, 0x07ff, 0x681f, 0xfb40, 0xffed, 0x07ff, 0x681f, 0xfb40, 0xffed, 0x07ff, 0x681f, 0xfb40, 0xffed, 0x07ff, 0x681f, 
  0xfb40, 0xffed, 0x07ff, 0x681f, 0xfb40, 0xffed, 0x07ff, 0x681f, 0xfb40, 0xffed, 0x07ff, 0x681f, 0xfb40, 0xffed, 0x07f1, 0x38b1, 
  0x0000, 0x04c6, 0x0020, 0x0000, 0x0000, 0x0000, 0x0000, 0x0000, 0x0000, 0x0000, 0x0000, 0x0000, 0x0000, 0x0000, 0x0000, 0x0000, 
  0x0000, 0x0000, 0x0000, 0x0000, 0x0000, 0x0000, 0x0000, 0x0000, 0x0000, 0x0000, 0x0000, 0x0000, 0x0000, 0x0000, 0x0015, 0x5000, 
  0x0000, 0x05ea, 0x0c5f, 0x681f, 0xfb40, 0xffed, 0x07ff, 0x681f, 0xfb40, 0xffed, 0x07ff, 0x681f, 0xfb40, 0xffed, 0x07ff, 0x701f, 
  0xeb20, 0xec67, 0x1440, 0x02a1, 0x0000, 0x054a, 0x0000, 0x0000, 0x0000, 0x0000, 0x0000, 0x0000, 0x0000, 0x0000, 0x0000, 0x0000, 
  0xfb60, 0xffed, 0x07ff, 0x681f, 0xfb40, 0xffed, 0x07ff, 0x681f, 0xdae0, 0xfae5, 0x21e0, 0x0000, 0xaaa0, 0x0000, 0x0000, 0x0000, 
  0x0000, 0x0000, 0x0000, 0x0000, 0x0000, 0x0000, 0x0000, 0x0000, 0x0000, 0x0000, 0x0000, 0x0000, 0x0000, 0x0000, 0x0000, 0x0000, 
  0x0000, 0x0000, 0x0000, 0x0000, 0x0000, 0x0000, 0x0000, 0x0000, 0x0000, 0x0000, 0x0000, 0x0000, 0x0000, 0x0000, 0x0000, 0x0000, 
  0x0000, 0x0000, 0x0000, 0x0000, 0x0000, 0x0000, 0x0000, 0x0000, 0x0000, 0x0000, 0x0000, 0x0000, 0x0000, 0x0000, 0x0000, 0x0000, 
  0x0000, 0x0000, 0x0000, 0x0000, 0x0000, 0x0000, 0x0000, 0x0000, 0x0000, 0x0000, 0x0000, 0x0000, 0x0000, 0x0000, 0x0000, 0x0000, 
  0x0000, 0x0000, 0x0000, 0x0000, 0xfbe0, 0x0000, 0x0015, 0x486c, 0xfb60, 0xffed, 0x07ff, 0x681f, 0xfb40, 0xffed, 0x07ff, 0x681f, 
  0xfb20, 0xd800, 0x0000, 0x0000, 0x0000, 0x0000, 0x0000, 0x0000, 0x0000, 0x0000, 0x0000, 0x0000, 0x0000, 0x0000, 0x0017, 0x3800, 
  0x0000, 0x068a, 0x0a9f, 0x683f, 0xfb40, 0xffed, 0x07ff, 0x681f, 0xfb40, 0xffed, 0x07ff, 0x681f, 0xd2c1, 0xc800, 0x3880, 0x0000, 
  0x0000, 0x0000, 0x0000, 0x0000, 0x0000, 0x0000, 0x0000, 0x0000, 0x0000, 0x0000, 0x0000, 0x0000, 0x0000, 0x0000, 0x0000, 0x0000, 
  0x0000, 0x0000, 0x0013, 0x3000, 0x0000, 0x0406, 0x12fe, 0x603f, 0xfb60, 0xffed, 0x07ff, 0x681f, 0xfb40, 0xffed, 0x07df, 0x681f, 
  0xd2a0, 0x4800, 0x0017, 0x3800, 0x0000, 0x0000, 0x0000, 0x0000, 0xfb40, 0xe7ed, 0x07ff, 0x681f, 0xfb40, 0xffed, 0x07ff, 0x681f, 
  0xf340, 0xfe6b, 0x0940, 0x0000, 0xfbe0, 0x02aa, 0x500f, 0x3800, 0xb9e0, 0x07ef, 0x0000, 0x0000, 0x0000, 0x0000, 0x0000, 0x01e0, 
  0x81a3, 0x3467, 0x15b8, 0x507e, 0xfb40, 0xf7ee, 0x07ff, 0x681f, 0xfb40, 0xffed, 0x07ff, 0x681f, 0xfb40, 0xffed, 0x07ff, 0x681f, 
  0xfb40, 0xffed, 0x07ff, 0x681f, 0xfb40, 0xffed, 0x07ff, 0x681f, 0xfb40, 0xffed, 0x07ff, 0x681f, 0xfb40, 0xffed, 0x07ff, 0x681f, 
  0xfb40, 0xffed, 0x07ff, 0x681f, 0xfb40, 0xffed, 0x07ff, 0x681f, 0xfb40, 0xffed, 0x07ff, 0x681f, 0xfb40, 0xffed, 0x07ff, 0x681f, 
  0xfb40, 0xffed, 0x07ff, 0x681f, 0xfb40, 0xffed, 0x07ff, 0x681f, 0xfb40, 0xffed, 0x07ff, 0x681f, 0xfb60, 0xfdea, 0x0dc0, 0x04c0, 
  0x0000, 0x0000, 0x0000, 0x0000, 0x0000, 0x0000, 0x0000, 0x0000, 0x0000, 0x0000, 0x0000, 0x0000, 0x0000, 0x0000, 0x0000, 0x0000, 
  0x0000, 0x0000, 0x0000, 0x0000, 0x0000, 0x0000, 0x0000, 0x0000, 0x0000, 0x0000, 0x0000, 0x0000, 0x0000, 0x0000, 0x001f, 0x5000, 
  0x0000, 0x064a, 0x0d5f, 0x683f, 0xfb60, 0xffec, 0x07ff, 0x681f, 0xfb40, 0xffed, 0x07ff, 0x681f, 0xfb40, 0xffed, 0x07ff, 0x681f, 
  0xfb60, 0xffed, 0x07f8, 0x5057, 0x7983, 0x3180, 0x3020, 0x0000, 0xfbe0, 0x0000, 0x0000, 0x0000, 0x0000, 0x0000, 0x0000, 0x0000, 
  0xfb40, 0xffed, 0x07ff, 0x681f, 0xfb40, 0xffed, 0x07ff, 0x681f, 0xe2e0, 0xb800, 0x001f, 0x3800, 0x0000, 0x0000, 0x0000, 0x0000, 
  0x0000, 0x0000, 0x0000, 0x0000, 0x0000, 0x0000, 0x0000, 0x0000, 0x0000, 0x0000, 0x0000, 0x0000, 0x0000, 0x0000, 0x0000, 0x0000, 
  0x0000, 0x0000, 0x0000, 0x0000, 0x0000, 0x0000, 0x0000, 0x0000, 0x0000, 0x0000, 0x0000, 0x0000, 0x0000, 0x0000, 0x0000, 0x0000, 
  0x0000, 0x0000, 0x0000, 0x0000, 0x0000, 0x0000, 0x0000, 0x0000, 0x0000, 0x0000, 0x0000, 0x0000, 0x0000, 0x0000, 0x0000, 0x0000, 
  0x0000, 0x0000, 0x0000, 0x0000, 0x0000, 0x0000, 0x0000, 0x0000, 0x0000, 0x0000, 0x0000, 0x0000, 0x0000, 0x0000, 0x0000, 0x0000, 
  0x0000, 0x0000, 0x0000, 0x0000, 0xffe0, 0x0000, 0x0015, 0x489b, 0xfb60, 0xffed, 0x07ff, 0x681f, 0xfb40, 0xffed, 0x07ff, 0x681f, 
  0xf320, 0xd000, 0x001f, 0x7800, 0x0000, 0x0000, 0x0000, 0x0000, 0x0000, 0x0000, 0x0000, 0x0000, 0x0000, 0x0000, 0x0000, 0x0000, 
  0x0000, 0x062a, 0x0dbf, 0x701f, 0xfb40, 0xffed, 0x07ff, 0x681f, 0xfb40, 0xffed, 0x07df, 0x683f, 0xba82, 0x5800, 0x0017, 0x3800, 
  0x0000, 0x0000, 0x0000, 0x0000, 0x0000, 0x0000, 0x0000, 0x0000, 0x0000, 0x0000, 0x0000, 0x0000, 0x0000, 0x0000, 0x0000, 0x0000, 
  0x0000, 0x0000, 0x0013, 0x3000, 0x0000, 0x0406, 0x12fe, 0x603f, 0xfb60, 0xffed, 0x07ff, 0x681f, 0xfb40, 0xffed, 0x07df, 0x681f, 
  0xd2a0, 0x4800, 0x0017, 0x3800, 0x0000, 0x0000, 0x0000, 0x0000, 0xfb40, 0xe7ed, 0x07ff, 0x681f, 0xfb40, 0xffed, 0x07ff, 0x681f, 
  0xf340, 0xfe8b, 0x0960, 0x0000, 0xfbe0, 0x07ff, 0x0000, 0x0000, 0x0000, 0x0000, 0x6024, 0x1121, 0xda40, 0x0589, 0x0c9c, 0x5835, 
  0xe301, 0xf7ed, 0x07ff, 0x681f, 0xfb60, 0xffed, 0x07ff, 0x681f, 0xfb40, 0xffed, 0x07ff, 0x681f, 0xfb40, 0xffed, 0x07ff, 0x681f, 
  0xfb40, 0xffed, 0x07ff, 0x681f, 0xfb40, 0xffed, 0x07ff, 0x681f, 0xfb40, 0xffed, 0x07ff, 0x681f, 0xfb40, 0xffed, 0x07ff, 0x681f, 
  0xfb40, 0xffed, 0x07ff, 0x681f, 0xfb40, 0xffed, 0x07ff, 0x681f, 0xfb40, 0xffed, 0x07ff, 0x681f, 0xfb40, 0xffed, 0x07ff, 0x681f, 
  0xfb40, 0xffed, 0x07ff, 0x681f, 0xfb40, 0xffed, 0x07ff, 0x681f, 0xfb40, 0xffed, 0x07ff, 0x681f, 0xf340, 0xcb83, 0x1840, 0x0000, 
  0xf800, 0x0000, 0x0000, 0x0000, 0x0000, 0x0000, 0x0000, 0x0000, 0x0000, 0x0000, 0x0000, 0x0000, 0x0000, 0x0000, 0x0000, 0x0000, 
  0x0000, 0x0000, 0x0000, 0x0000, 0x0000, 0x0000, 0x0000, 0x0000, 0x0000, 0x0000, 0x0000, 0x0000, 0x0000, 0x0000, 0x0000, 0x0000, 
  0x0000, 0x0000, 0x0011, 0x38d4, 0xdae1, 0xffee, 0x07df, 0x681f, 0xfb40, 0xffed, 0x07ff, 0x681f, 0xfb40, 0xffed, 0x07ff, 0x681f, 
  0xfb40, 0xffed, 0x07df, 0x681f, 0xeb01, 0xfeab, 0x0380, 0x0000, 0xcb20, 0x05e7, 0x0020, 0x0000, 0x0000, 0x0000, 0x0000, 0x0000, 
  0xfb40, 0xffed, 0x07ff, 0x681f, 0xfb40, 0xffed, 0x07ff, 0x681f, 0xa222, 0x8800, 0x0015, 0x5000, 0x0000, 0x0000, 0x0000, 0x0000, 
  0x0000, 0x0000, 0x0000, 0x0000, 0x0000, 0x0000, 0x0000, 0x0000, 0x0000, 0x0000, 0x0000, 0x0000, 0x0000, 0x0000, 0x0000, 0x0000, 
  0x0000, 0x0000, 0x0000, 0x0000, 0x0000, 0x0000, 0x0000, 0x0000, 0x0000, 0x0000, 0x0000, 0x0000, 0x0000, 0x0000, 0x0000, 0x0000, 
  0x0000, 0x0000, 0x0000, 0x0000, 0x0000, 0x0000, 0x0000, 0x0000, 0x0000, 0x0000, 0x0000, 0x0000, 0x0000, 0x0000, 0x0000, 0x0000, 
  0x0000, 0x0000, 0x0000, 0x0000, 0x0000, 0x0000, 0x0000, 0x0000, 0x0000, 0x0000, 0x0000, 0x0000, 0x0000, 0x0000, 0x0000, 0x0000, 
  0x0000, 0x0000, 0x0000, 0x0000, 0xfbe0, 0x0000, 0x001b, 0x583b, 0xfb60, 0xffed, 0x07ff, 0x681f, 0xfb40, 0xffed, 0x07ff, 0x681f, 
  0xd2c0, 0xd000, 0x001f, 0x7800, 0x0000, 0x0000, 0x0000, 0x0000, 0x0000, 0x0000, 0x0000, 0x0000, 0x0000, 0x0000, 0x0000, 0x0000, 
  0x5145, 0x072b, 0x077f, 0x681f, 0xfb40, 0xffed, 0x07ff, 0x681f, 0xfb40, 0xffed, 0x07fa, 0x585e, 0x38e5, 0x3800, 0x000a, 0x0000, 
  0x0000, 0x0000, 0x0000, 0x0000, 0x0000, 0x0000, 0x0000, 0x0000, 0x0000, 0x0000, 0x0000, 0x0000, 0x0000, 0x0000, 0x0000, 0x0000, 
  0x0000, 0x0000, 0x0013, 0x3000, 0x0000, 0x0406, 0x12fe, 0x603f, 0xfb60, 0xffed, 0x07ff, 0x681f, 0xfb40, 0xffed, 0x07df, 0x681f, 
  0xd2a0, 0x4800, 0x0017, 0x3800, 0x0000, 0x0000, 0x0000, 0x0000, 0xfb40, 0xe7ed, 0x07ff, 0x681f, 0xfb40, 0xffed, 0x07ff, 0x681f, 
  0xf340, 0xfe6b, 0x0940, 0x0000, 0x0000, 0x0224, 0x21cf, 0x30cc, 0xcaa1, 0x4da9, 0x0cd7, 0x507f, 0xfb40, 0xefed, 0x07ff, 0x701f, 
  0xfb60, 0xffed, 0x07ff, 0x681f, 0xfb40, 0xffed, 0x07ff, 0x681f, 0xfb40, 0xffed, 0x07ff, 0x681f, 0xfb40, 0xffed, 0x07ff, 0x681f, 
  0xfb40, 0xffed, 0x07ff, 0x681f, 0xfb40, 0xffed, 0x07ff, 0x681f, 0xfb40, 0xffed, 0x07ff, 0x681f, 0xfb40, 0xffed, 0x07ff, 0x681f, 
  0xfb40, 0xffed, 0x07ff, 0x681f, 0xfb40, 0xffed, 0x07ff, 0x681f, 0xfb40, 0xffed, 0x07ff, 0x681f, 0xfb40, 0xffed, 0x07ff, 0x681f, 
  0xfb40, 0xffed, 0x07ff, 0x681f, 0xfb40, 0xffed, 0x07ff, 0x681f, 0xfb40, 0xffed, 0x07ff, 0x683f, 0x9a02, 0x6800, 0x000f, 0x3800, 
  0x0000, 0x0000, 0x0000, 0x0000, 0x0000, 0x0000, 0x0000, 0x0000, 0x0000, 0x0000, 0x0000, 0x0000, 0x0000, 0x0000, 0x0000, 0x0000, 
  0x0000, 0x0000, 0x0000, 0x0000, 0x0000, 0x0000, 0x0000, 0x0000, 0x0000, 0x0000, 0x0000, 0x0000, 0x0000, 0x0000, 0x0000, 0x0000, 
  0x0000, 0x07ea, 0x0000, 0x0000, 0x89a2, 0x25ea, 0x0f1f, 0x683f, 0xfb60, 0xffed, 0x07ff, 0x681f, 0xfb40, 0xffed, 0x07ff, 0x681f, 
  0xfb40, 0xffed, 0x07ff, 0x681f, 0xfb60, 0xffed, 0x07f8, 0x505d, 0xaa21, 0x3000, 0x000f, 0x7800, 0xaaa0, 0x0000, 0x0000, 0x0000, 
  0xfb40, 0xffed, 0x07ff, 0x681f, 0xfb40, 0xffed, 0x07fe, 0x601f, 0xe2a0, 0x1800, 0x001f, 0xf800, 0x0000, 0x0000, 0x0000, 0x0000, 
  0x0000, 0x0000, 0x0000, 0x0000, 0x0000, 0x0000, 0x0000, 0x0000, 0x0000, 0x0000, 0x0000, 0x0000, 0x0000, 0x0000, 0x0000, 0x0000, 
  0x0000, 0x0000, 0x0000, 0x0000, 0x0000, 0x0000, 0x0000, 0x0000, 0x0000, 0x0000, 0x0000, 0x0000, 0x0000, 0x0000, 0x0000, 0x0000, 
  0x0000, 0x0000, 0x0000, 0x0000, 0x0000, 0x0000, 0x0000, 0x0000, 0x0000, 0x0000, 0x0000, 0x0000, 0x0000, 0x0000, 0x0000, 0x0000, 
  0x0000, 0x0000, 0x0000, 0x0000, 0x0000, 0x0000, 0x0000, 0x0000, 0x0000, 0x0000, 0x0000, 0x0000, 0x0000, 0x0000, 0x0000, 0x0000, 
  0x0000, 0x0000, 0x000f, 0x3800, 0x0000, 0x04a8, 0x12fe, 0x601f, 0xfb40, 0xffed, 0x07ff, 0x681f, 0xfb40, 0xffed, 0x07ff, 0x681f, 
  0x9202, 0xc000, 0x001f, 0x7800, 0x0000, 0x0000, 0x0000, 0x0000, 0x0000, 0x0000, 0x0000, 0x0000, 0x0000, 0x07e0, 0x0000, 0x0000, 
  0x7962, 0x178c, 0x079f, 0x681f, 0xfb40, 0xffed, 0x07ff, 0x681f, 0xfb40, 0xffed, 0x07f9, 0x5077, 0x0000, 0x05e7, 0x0020, 0x0000, 
  0x0000, 0x0000, 0x0000, 0x0000, 0x0000, 0x0000, 0x0000, 0x0000, 0x0000, 0x0000, 0x0000, 0x0000, 0x0000, 0x0000, 0x0000, 0x0000, 
  0x0000, 0x0000, 0x0013, 0x3000, 0x0000, 0x0406, 0x12fe, 0x603f, 0xfb60, 0xffed, 0x07ff, 0x681f, 0xfb40, 0xffed, 0x07df, 0x681f, 
  0xd2a0, 0x4800, 0x0017, 0x3800, 0x0000, 0x0000, 0x0000, 0x0000, 0xfb40, 0xe7ed, 0x07ff, 0x681f, 0xfb40, 0xffed, 0x07ff, 0x681f, 
  0xfb40, 0xfe8b, 0x063a, 0x5037, 0xeb00, 0xb70b, 0x0f3e, 0x605f, 0xfb60, 0xffee, 0x07ff, 0x681f, 0xfb40, 0xffed, 0x07ff, 0x681f, 
  0xfb40, 0xffed, 0x07ff, 0x681f, 0xfb40, 0xffed, 0x07ff, 0x681f, 0xfb40, 0xffed, 0x07ff, 0x681f, 0xfb40, 0xffed, 0x07ff, 0x681f, 
  0xfb40, 0xffed, 0x07ff, 0x681f, 0xfb40, 0xffed, 0x07ff, 0x681f, 0xfb40, 0xffed, 0x07ff, 0x681f, 0xfb40, 0xffed, 0x07ff, 0x681f, 
  0xfb40, 0xffed, 0x07ff, 0x681f, 0xfb40, 0xffed, 0x07ff, 0x681f, 0xfb40, 0xffed, 0x07ff, 0x681f, 0xfb40, 0xffed, 0x07ff, 0x681f, 
  0xfb40, 0xffed, 0x07ff, 0x681f, 0xfb40, 0xffed, 0x07ff, 0x681f, 0xfb40, 0xffed, 0x07f8, 0x508f, 0x0000, 0x05e7, 0x0020, 0x0000, 
  0x0000, 0x0000, 0x0000, 0x0000, 0x0000, 0x0000, 0x0000, 0x0000, 0x0000, 0x0000, 0x0000, 0x0000, 0x0000, 0x0000, 0x0000, 0x0000, 
  0x0000, 0x0000, 0x0000, 0x0000, 0x0000, 0x0000, 0x0000, 0x0000, 0x0000, 0x0000, 0x0000, 0x0000, 0x0000, 0x0000, 0x0000, 0x0000, 
  0x0000, 0x07e0, 0x0015, 0x5000, 0x0000, 0x0041, 0x30f2, 0x38ae, 0xd2c1, 0xefed, 0x07df, 0x681f, 0xfb20, 0xffed, 0x07ff, 0x681f, 
  0xfb40, 0xffed, 0x07ff, 0x681f, 0xfb40, 0xffed, 0x07df, 0x701f, 0xfb40, 0xe5c9, 0x0cc8, 0x2162, 0x2945, 0x07ef, 0x0035, 0x5000, 
  0xfb40, 0xffed, 0x07ff, 0x681f, 0xfb40, 0xffed, 0x07fb, 0x583f, 0x8a03, 0x1800, 0x001f, 0x0000, 0x0000, 0x0000, 0x0000, 0x0000, 
  0x0000, 0x0000, 0x0000, 0x0000, 0x0000, 0x0000, 0x0000, 0x0000, 0x0000, 0x0000, 0x0000, 0x0000, 0x0000, 0x0000, 0x0000, 0x0000, 
  0x0000, 0x0000, 0x0000, 0x0000, 0x0000, 0x0000, 0x0000, 0x0000, 0x0000, 0x0000, 0x0000, 0x0000, 0x0000, 0x0000, 0x0000, 0x0000, 
  0x0000, 0x0000, 0x0000, 0x0000, 0x0000, 0x0000, 0x0000, 0x0000, 0x0000, 0x0000, 0x0000, 0x0000, 0x0000, 0x0000, 0x0000, 0x0000, 
  0x0000, 0x0000, 0x0000, 0x0000, 0x0000, 0x0000, 0x0000, 0x0000, 0x0000, 0x0000, 0x0000, 0x0000, 0x0000, 0x0000, 0x0000, 0x0000, 
  0x0000, 0x0000, 0x001f, 0xf800, 0x000c, 0x06cb, 0x0ddf, 0x701f, 0xfb40, 0xffed, 0x07ff, 0x681f, 0xfb40, 0xffed, 0x07fe, 0x683f, 
  0xcac1, 0x3000, 0x001f, 0x7800, 0x0000, 0x0000, 0x0000, 0x0000, 0x0000, 0x0000, 0x0000, 0x0000, 0x0000, 0x0326, 0x3020, 0x0000, 
  0x6984, 0x9fcd, 0x07ff, 0x681f, 0xfb40, 0xffed, 0x07ff, 0x681f, 0xfb40, 0xffed, 0x07f4, 0x408f, 0x0000, 0x07ef, 0x0000, 0x0000, 
  0x0000, 0x0000, 0x0000, 0x0000, 0x0000, 0x0000, 0x0000, 0x0000, 0x0000, 0x0000, 0x0000, 0x0000, 0x0000, 0x0000, 0x0000, 0x0000, 
  0x0000, 0x0000, 0x0013, 0x3000, 0x0000, 0x0406, 0x12fe, 0x603f, 0xfb60, 0xffed, 0x07ff, 0x681f, 0xfb40, 0xffed, 0x07df, 0x681f, 
  0xd2a0, 0x4800, 0x0017, 0x3800, 0x0000, 0x0000, 0x0000, 0x0000, 0xfb40, 0xe7ed, 0x07ff, 0x681f, 0xfb40, 0xffed, 0x07ff, 0x681f, 
  0xfb40, 0xffed, 0x07ff, 0x681f, 0xfb80, 0xffed, 0x07ff, 0x681f, 0xfb40, 0xffec, 0x07ff, 0x681f, 0xfb40, 0xffed, 0x07ff, 0x681f, 
  0xfb40, 0xffed, 0x07ff, 0x681f, 0xfb40, 0xffed, 0x07ff, 0x681f, 0xfb40, 0xffed, 0x07ff, 0x681f, 0xfb40, 0xffed, 0x07ff, 0x681f, 
  0xfb40, 0xffed, 0x07ff, 0x681f, 0xfb40, 0xffed, 0x07ff, 0x681f, 0xfb40, 0xffed, 0x07ff, 0x681f, 0xfb40, 0xffed, 0x07ff, 0x681f, 
  0xfb40, 0xffed, 0x07ff, 0x681f, 0xfb40, 0xffed, 0x07ff, 0x681f, 0xfb40, 0xffed, 0x07ff, 0x681f, 0xfb40, 0xffed, 0x07ff, 0x681f, 
  0xfb40, 0xffed, 0x07ff, 0x681f, 0xfb40, 0xffed, 0x07ff, 0x681f, 0xfb60, 0xfdc9, 0x1766, 0x1145, 0x0000, 0x03e0, 0x0000, 0x0000, 
  0x0000, 0x0000, 0x0000, 0x0000, 0x0000, 0x0000, 0x0000, 0x0000, 0x0000, 0x0000, 0x0000, 0x0000, 0x0000, 0x0000, 0x0000, 0x0000, 
  0x0000, 0x0000, 0x0000, 0x0000, 0x0000, 0x0000, 0x0000, 0x0000, 0x0000, 0x0000, 0x0000, 0x0000, 0x0000, 0x0000, 0x0000, 0x0000, 
  0x0000, 0x0000, 0x0000, 0x0000, 0xf800, 0x07ef, 0x0000, 0x0000, 0x0000, 0x05c9, 0x0d9f, 0x683f, 0xfb60, 0xffed, 0x07df, 0x681f, 
  0xfb40, 0xffed, 0x07ff, 0x681f, 0xfb40, 0xffed, 0x07ff, 0x681f, 0xfb60, 0xffed, 0x07f9, 0x507f, 0x9a02, 0x6000, 0x0017, 0x3800, 
  0xfb40, 0xffed, 0x07ff, 0x681f, 0xfb40, 0xffed, 0x07f8, 0x505f, 0x40c4, 0x1800, 0x001f, 0x0000, 0x0000, 0x0000, 0x0000, 0x0000, 
  0x0000, 0x0000, 0x0000, 0x0000, 0x0000, 0x0000, 0x0000, 0x0000, 0x0000, 0x0000, 0x0000, 0x0000, 0x0000, 0x0000, 0x0000, 0x0000, 
  0x0000, 0x0000, 0x0000, 0x0000, 0x0000, 0x0000, 0x0000, 0x0000, 0x0000, 0x0000, 0x0000, 0x0000, 0x0000, 0x0000, 0x0000, 0x0000, 
  0x0000, 0x0000, 0x0000, 0x0000, 0x0000, 0x0000, 0x0000, 0x0000, 0x0000, 0x0000, 0x0000, 0x0000, 0x0000, 0x0000, 0x0000, 0x0000, 
  0x0000, 0x0000, 0x0000, 0x0000, 0x0000, 0x0000, 0x0000, 0x0000, 0x0000, 0x0000, 0x0000, 0x0000, 0x0000, 0x0000, 0x0000, 0x0000, 
  0x0000, 0x07ea, 0x0000, 0x0000, 0xba61, 0x47ed, 0x07ff, 0x681f, 0xfb40, 0xffed, 0x07ff, 0x681f, 0xfb40, 0xffed, 0x07f9, 0x505e, 
  0x5944, 0x2000, 0x000f, 0x7800, 0x0000, 0x0000, 0x0000, 0x0000, 0x0000, 0x0000, 0x0000, 0x0000, 0x0000, 0x04c6, 0x0020, 0x0000, 
  0x89e3, 0x9fed, 0x07ff, 0x681f, 0xfb40, 0xffed, 0x07ff, 0x681f, 0xfb40, 0xffed, 0x07fe, 0x6003, 0x0000, 0x07ff, 0x0000, 0x0000, 
  0x0000, 0x0000, 0x0000, 0x0000, 0x0000, 0x0000, 0x0000, 0x0000, 0x0000, 0x0000, 0x0000, 0x0000, 0x0000, 0x0000, 0x0000, 0x0000, 
  0x0000, 0x0000, 0x0013, 0x3000, 0x0000, 0x0406, 0x12fe, 0x603f, 0xfb60, 0xffed, 0x07ff, 0x681f, 0xfb40, 0xffed, 0x07df, 0x681f, 
  0xd2a0, 0x4800, 0x0017, 0x3800, 0x0000, 0x0000, 0x0000, 0x0000, 0xfb40, 0xe7ed, 0x07ff, 0x681f, 0xfb40, 0xffed, 0x07ff, 0x681f, 
  0xfb40, 0xffed, 0x07ff, 0x681f, 0xfb40, 0xffed, 0x07ff, 0x681f, 0xfb40, 0xffed, 0x07ff, 0x681f, 0xfb40, 0xffed, 0x07ff, 0x681f, 
  0xfb40, 0xffed, 0x07ff, 0x681f, 0xfb40, 0xffed, 0x07ff, 0x681f, 0xfb40, 0xffed, 0x07ff, 0x681f, 0xfb40, 0xffed, 0x07ff, 0x681f, 
  0xfb40, 0xffed, 0x07ff, 0x681f, 0xfb40, 0xffed, 0x07ff, 0x681f, 0xfb40, 0xffed, 0x07ff, 0x681f, 0xfb40, 0xffed, 0x07ff, 0x681f, 
  0xfb40, 0xffed, 0x07ff, 0x681f, 0xfb40, 0xffed, 0x07ff, 0x681f, 0xfb40, 0xffed, 0x07ff, 0x681f, 0xfb40, 0xffed, 0x07ff, 0x681f, 
  0xfb40, 0xffed, 0x07ff, 0x681f, 0xfb40, 0xffcc, 0x07ff, 0x681f, 0xdae0, 0xeb45, 0x1960, 0x0000, 0x7be0, 0x0000, 0x0000, 0x0000, 
  0x0000, 0x0000, 0x0000, 0x0000, 0x0000, 0x0000, 0x0000, 0x0000, 0x0000, 0x0000, 0x0000, 0x0000, 0x0000, 0x0000, 0x0000, 0x0000, 
  0x0000, 0x0000, 0x0000, 0x0000, 0x0000, 0x0000, 0x0000, 0x0000, 0x0000, 0x0000, 0x0000, 0x0000, 0x0000, 0x0000, 0x0000, 0x0000, 
  0x0000, 0x0000, 0x0000, 0x0000, 0x0000, 0x02aa, 0x5017, 0x3800, 0x0000, 0x0000, 0x3873, 0x4088, 0xdac1, 0xefed, 0x07ff, 0x681f, 
  0xfb40, 0xffed, 0x07ff, 0x681f, 0xfb40, 0xffed, 0x07ff, 0x681f, 0xfb40, 0xffed, 0x07df, 0x681f, 0xfb60, 0xf5a9, 0x0e6d, 0x30e5, 
  0xfb40, 0xffed, 0x07ff, 0x681f, 0xfb40, 0xffed, 0x07f6, 0x489f, 0x0846, 0x1800, 0x001f, 0x0000, 0x0000, 0x0000, 0x0000, 0x0000, 
  0x0000, 0x0000, 0x0000, 0x0000, 0x0000, 0x0000, 0x0000, 0x0000, 0x0000, 0x0000, 0x0000, 0x0000, 0x0000, 0x0000, 0x0000, 0x0000, 
  0x0000, 0x0000, 0x0000, 0x0000, 0x0000, 0x0000, 0x0000, 0x0000, 0x0000, 0x0000, 0x0000, 0x0000, 0x0000, 0x0000, 0x0000, 0x0000, 
  0x0000, 0x0000, 0x0000, 0x0000, 0x0000, 0x0000, 0x0000, 0x0000, 0x0000, 0x0000, 0x0000, 0x0000, 0x0000, 0x0000, 0x0000, 0x0000, 
  0x0000, 0x0000, 0x0000, 0x0000, 0x0000, 0x0000, 0x0000, 0x0000, 0x0000, 0x0000, 0x0000, 0x0000, 0x0000, 0x0000, 0x0000, 0x0000, 
  0x7800, 0x0000, 0x0006, 0x1946, 0xc2a1, 0xefed, 0x07ff, 0x681f, 0xfb40, 0xffed, 0x07ff, 0x681f, 0xfb40, 0xffed, 0x07fa, 0x5871, 
  0x0000, 0x066c, 0x0020, 0x0000, 0x0000, 0x0000, 0x0000, 0x0000, 0x0000, 0x0000, 0x0000, 0x0000, 0x0000, 0x04c6, 0x0020, 0x0000, 
  0xa222, 0x9fed, 0x07ff, 0x681f, 0xfb40, 0xffed, 0x07ff, 0x681f, 0xfb40, 0xffcc, 0x07fd, 0x6003, 0x0000, 0x07ff, 0x0000, 0x0000, 
  0x0000, 0x0000, 0x0000, 0x0000, 0x0000, 0x0000, 0x0000, 0x0000, 0x0000, 0x0000, 0x0000, 0x0000, 0x0000, 0x0000, 0x0000, 0x0000, 
  0x0000, 0x0000, 0x0013, 0x3000, 0x0000, 0x0426, 0x12fe, 0x603f, 0xfb60, 0xffed, 0x07ff, 0x681f, 0xfb40, 0xffed, 0x07df, 0x681f, 
  0xd2a0, 0x4800, 0x0017, 0x3800, 0x0000, 0x0000, 0x0000, 0x0000, 0xfb40, 0xe7ed, 0x07ff, 0x681f, 0xfb40, 0xffed, 0x07ff, 0x681f, 
  0xfb40, 0xffed, 0x07ff, 0x681f, 0xfb40, 0xffed, 0x07ff, 0x681f, 0xfb40, 0xffed, 0x07ff, 0x681f, 0xfb40, 0xffed, 0x07ff, 0x681f, 
  0xfb40, 0xffed, 0x07ff, 0x681f, 0xfb40, 0xffed, 0x07ff, 0x681f, 0xfb40, 0xffed, 0x07ff, 0x681f, 0xfb40, 0xffed, 0x07ff, 0x681f, 
  0xfb40, 0xffed, 0x07ff, 0x681f, 0xfb40, 0xffed, 0x07ff, 0x681f, 0xfb40, 0xffed, 0x07ff, 0x681f, 0xfb40, 0xffed, 0x07ff, 0x681f, 
  0xfb40, 0xffed, 0x07ff, 0x681f, 0xfb40, 0xffed, 0x07ff, 0x681f, 0xfb40, 0xffed, 0x07ff, 0x681f, 0xfb40, 0xffed, 0x07ff, 0x681f, 
  0xfb40, 0xffed, 0x07ff, 0x681f, 0xfb40, 0xffed, 0x07fd, 0x603d, 0xc261, 0x2800, 0x0017, 0x39e0, 0x0000, 0x0000, 0x0000, 0x0000, 
  0x0000, 0x0000, 0x0000, 0x0000, 0x0000, 0x0000, 0x0000, 0x0000, 0x0000, 0x0000, 0x0000, 0x0000, 0x0000, 0x0000, 0x0000, 0x0000, 
  0x0000, 0x0000, 0x0000, 0x0000, 0x0000, 0x0000, 0x0000, 0x0000, 0x0000, 0x0000, 0x0000, 0x0000, 0x0000, 0x0000, 0x0000, 0x0000, 
  0x0000, 0x0000, 0x0000, 0x0000, 0x0000, 0x0000, 0x0000, 0x0000, 0x0000, 0x04c6, 0x0020, 0x0000, 0x5943, 0x3589, 0x0d1c, 0x603f, 
  0xfb60, 0xffed, 0x07df, 0x681f, 0xfb40, 0xffed, 0x07ff, 0x681f, 0xfb40, 0xffed, 0x07ff, 0x681f, 0xfb40, 0xffee, 0x07fc, 0x603b, 
  0xfb40, 0xffed, 0x07ff, 0x681f, 0xfb40, 0xffee, 0x07fb, 0x5830, 0x0000, 0x07f5, 0x0000, 0x0000, 0x0000, 0x0000, 0x0000, 0x0000, 
  0x0000, 0x0000, 0x0000, 0x0000, 0x0000, 0x0000, 0x0000, 0x0000, 0x0000, 0x0000, 0x0000, 0x0000, 0x0000, 0x0000, 0x0000, 0x0000, 
  0x0000, 0x0000, 0x0000, 0x0000, 0x0000, 0x0000, 0x0000, 0x0000, 0x0000, 0x0000, 0x0000, 0x0000, 0x0000, 0x0000, 0x0000, 0x0000, 
  0x0000, 0x0000, 0x0000, 0x0000, 0x0000, 0x0000, 0x0000, 0x0000, 0x0000, 0x0000, 0x0000, 0x0000, 0x0000, 0x0000, 0x0000, 0x0000, 
  0x0000, 0x0000, 0x0000, 0x0000, 0x0000, 0x0000, 0x0000, 0x0000, 0x0000, 0x0000, 0x0000, 0x0000, 0x0000, 0x0000, 0x0000, 0x0000, 
  0xcb20, 0x0000, 0x0019, 0x5071, 0xfb60, 0xffed, 0x07df, 0x681f, 0xfb40, 0xffed, 0x07ff, 0x681f, 0xfb40, 0xff8c, 0x07ee, 0x30ed, 
  0x0000, 0x03e7, 0x0020, 0x0000, 0x0000, 0x0000, 0x0000, 0x0000, 0x0000, 0x0000, 0x0000, 0x0000, 0x0000, 0x04c6, 0x0020, 0x0000, 
  0xa222, 0x9fed, 0x07ff, 0x681f, 0xfb40, 0xffed, 0x07ff, 0x681f, 0xfb40, 0xffcc, 0x07fd, 0x5003, 0x0000, 0x07e0, 0x0000, 0x0000, 
  0x0000, 0x0000, 0x0000, 0x0000, 0x0000, 0x0000, 0x0000, 0x0000, 0x0000, 0x0000, 0x0000, 0x0000, 0x0000, 0x0000, 0x0000, 0x0000, 
  0x0000, 0x0000, 0x0013, 0x3000, 0x0000, 0x0487, 0x12fe, 0x603f, 0xfb60, 0xffed, 0x07ff, 0x681f, 0xfb40, 0xffed, 0x07df, 0x681f, 
  0xd2a0, 0x4800, 0x0017, 0x3800, 0x0000, 0x0000, 0x0000, 0x0000, 0xfb40, 0xe7ed, 0x07ff, 0x681f, 0xfb40, 0xffed, 0x07ff, 0x681f, 
  0xfb40, 0xffed, 0x07ff, 0x681f, 0xfb40, 0xffed, 0x07ff, 0x681f, 0xfb40, 0xffed, 0x07ff, 0x681f, 0xfb40, 0xffed, 0x07ff, 0x681f, 
  0xfb40, 0xffed, 0x07ff, 0x681f, 0xfb40, 0xffed, 0x07ff, 0x681f, 0xfb40, 0xffed, 0x07ff, 0x681f, 0xfb40, 0xffed, 0x07ff, 0x681f, 
  0xfb40, 0xffed, 0x07ff, 0x681f, 0xfb40, 0xffed, 0x07ff, 0x681f, 0xfb40, 0xffed, 0x07ff, 0x681f, 0xfb40, 0xffed, 0x07ff, 0x681f, 
  0xfb40, 0xffed, 0x07ff, 0x681f, 0xfb40, 0xffed, 0x07ff, 0x681f, 0xfb40, 0xffed, 0x07ff, 0x681f, 0xfb40, 0xffed, 0x07ff, 0x681f, 
  0xfb40, 0xffed, 0x07ff, 0x681f, 0xfb40, 0xff6c, 0x0ff6, 0x4887, 0x0000, 0x066c, 0x0020, 0x0000, 0x0000, 0x0000, 0x0000, 0x0000, 
  0x0000, 0x0000, 0x0000, 0x0000, 0x0000, 0x0000, 0x0000, 0x0000, 0x0000, 0x0000, 0x0000, 0x0000, 0x0000, 0x0000, 0x0000, 0x0000, 
  0x0000, 0x0000, 0x0000, 0x0000, 0x0000, 0x0000, 0x0000, 0x0000, 0x0000, 0x0000, 0x0000, 0x0000, 0x0000, 0x0000, 0x0000, 0x0000, 
  0x0000, 0x0000, 0x0000, 0x0000, 0x0000, 0x0000, 0x0000, 0x0000, 0x0000, 0x0000, 0x0019, 0x6000, 0xffe0, 0x0244, 0x2031, 0x3883, 
  0xdac1, 0xbfed, 0x07ff, 0x681f, 0xfb40, 0xffed, 0x07ff, 0x681f, 0xfb40, 0xffed, 0x07ff, 0x681f, 0xfb40, 0xffec, 0x07df, 0x701f, 
  0xfb40, 0xffed, 0x07ff, 0x681f, 0xfb40, 0xffee, 0x07fd, 0x600e, 0x0000, 0x07ec, 0x0020, 0x0000, 0x0000, 0x0000, 0x0000, 0x0000, 
  0x0000, 0x0000, 0x0000, 0x0000, 0x0000, 0x0000, 0x0000, 0x0000, 0x0000, 0x0000, 0x0000, 0x0000, 0x0000, 0x0000, 0x0000, 0x0000, 
  0x0000, 0x0000, 0x0000, 0x0000, 0x0000, 0x0000, 0x0000, 0x0000, 0x0000, 0x0000, 0x0000, 0x0000, 0x0000, 0x0000, 0x0000, 0x0000, 
  0x0000, 0x0000, 0x0000, 0x0000, 0x0000, 0x0000, 0x0000, 0x0000, 0x0000, 0x0000, 0x0000, 0x0000, 0x0000, 0x0000, 0x0000, 0x0000, 
  0x0000, 0x0000, 0x0000, 0x0000, 0x0000, 0x0000, 0x0000, 0x0000, 0x0000, 0x0000, 0x0000, 0x0000, 0x0000, 0x0000, 0x0019, 0x6000, 
  0x0000, 0x05a9, 0x0bdf, 0x681f, 0xfb40, 0xffed, 0x07ff, 0x681f, 0xfb40, 0xffed, 0x07ff, 0x681f, 0xfb80, 0xff6c, 0x0420, 0x0000, 
  0xfbe0, 0x0000, 0x0000, 0x0000, 0x0000, 0x0000, 0x0000, 0x0000, 0x0000, 0x0000, 0x0000, 0x0000, 0x0000, 0x04c6, 0x0020, 0x0000, 
  0x9a02, 0x9fed, 0x07ff, 0x681f, 0xfb40, 0xffed, 0x07ff, 0x681f, 0xfb40, 0xffcd, 0x07fd, 0x6003, 0x0000, 0x07ff, 0x0000, 0x0000, 
  0x0000, 0x0000, 0x0000, 0x0000, 0x0000, 0x0000, 0x0000, 0x0000, 0x0000, 0x0000, 0x0000, 0x0000, 0x0000, 0x0000, 0x0000, 0x0000, 
  0x0000, 0x0000, 0x0013, 0x3000, 0x0000, 0x0487, 0x12fe, 0x603f, 0xfb60, 0xffed, 0x07ff, 0x681f, 0xfb40, 0xffed, 0x07df, 0x681f, 
  0xd2a0, 0x4800, 0x0017, 0x3800, 0x0000, 0x0000, 0x0000, 0x0000, 0xfb40, 0xe7ed, 0x07ff, 0x681f, 0xfb40, 0xffed, 0x07ff, 0x681f, 
  0xfb40, 0xffed, 0x07ff, 0x681f, 0xfb40, 0xffed, 0x07ff, 0x681f, 0xfb40, 0xffed, 0x07ff, 0x681f, 0xfb40, 0xffed, 0x07ff, 0x681f, 
  0xfb40, 0xffed, 0x07ff, 0x681f, 0xfb40, 0xffed, 0x07ff, 0x681f, 0xfb40, 0xffed, 0x07ff, 0x681f, 0xfb40, 0xffed, 0x07ff, 0x681f, 
  0xfb40, 0xffed, 0x07ff, 0x681f, 0xfb40, 0xffed, 0x07ff, 0x681f, 0xfb40, 0xffed, 0x07ff, 0x681f, 0xfb40, 0xffed, 0x07ff, 0x681f, 
  0xfb40, 0xffed, 0x07ff, 0x681f, 0xfb40, 0xffed, 0x07ff, 0x681f, 0xfb40, 0xffed, 0x07ff, 0x681f, 0xfb40, 0xffed, 0x07ff, 0x681f, 
  0xfb40, 0xffed, 0x07ff, 0x681f, 0xfb40, 0xfc87, 0x1580, 0x0540, 0xffe0, 0x0000, 0x0000, 0x0000, 0x0000, 0x0000, 0x0000, 0x0000, 
  0x0000, 0x0000, 0x0000, 0x0000, 0x0000, 0x0000, 0x0000, 0x0000, 0x0000, 0x0000, 0x0000, 0x0000, 0x0000, 0x0000, 0x0000, 0x0000, 
  0x0000, 0x0000, 0x0000, 0x0000, 0x0000, 0x0000, 0x0000, 0x0000, 0x0000, 0x0000, 0x0000, 0x0000, 0x0000, 0x0000, 0x0000, 0x0000, 
  0x0000, 0x0000, 0x0000, 0x0000, 0x0000, 0x0000, 0x0000, 0x0000, 0x0000, 0x0000, 0x0000, 0x0000, 0x7800, 0x04c6, 0x0020, 0x0000, 
  0x4904, 0x15e9, 0x0b9c, 0x583e, 0xfb40, 0xffed, 0x07ff, 0x681f, 0xfb40, 0xffed, 0x07ff, 0x681f, 0xfb40, 0xffed, 0x07de, 0x603f, 
  0xfb40, 0xffed, 0x07ff, 0x681f, 0xfb40, 0xffee, 0x07fd, 0x600e, 0x0000, 0x07ec, 0x0020, 0x0000, 0x0000, 0x0000, 0x0000, 0x0000, 
  0x0000, 0x0000, 0x0000, 0x0000, 0x0000, 0x0000, 0x0000, 0x0000, 0x0000, 0x0000, 0x0000, 0x0000, 0x0000, 0x0000, 0x0000, 0x0000, 
  0x0000, 0x0000, 0x0000, 0x0000, 0x0000, 0x0000, 0x0000, 0x0000, 0x0000, 0x0000, 0x0000, 0x0000, 0x0000, 0x0000, 0x0000, 0x0000, 
  0x0000, 0x0000, 0x0000, 0x0000, 0x0000, 0x0000, 0x0000, 0x0000, 0x0000, 0x0000, 0x0000, 0x0000, 0x0000, 0x0000, 0x0000, 0x0000, 
  0x0000, 0x0000, 0x0000, 0x0000, 0x0000, 0x0000, 0x0000, 0x0000, 0x0000, 0x0000, 0x0000, 0x0000, 0x0000, 0x07e7, 0x0020, 0x0000, 
  0x9a22, 0x87ad, 0x07ff, 0x681f, 0xfb40, 0xffed, 0x07ff, 0x681f, 0xfb40, 0xffed, 0x07ff, 0x681f, 0xe300, 0xeca8, 0x1120, 0x0000, 
  0xfbe0, 0x0000, 0x0000, 0x0000, 0x0000, 0x0000, 0x0000, 0x0000, 0x0000, 0x0000, 0x0000, 0x0000, 0x0000, 0x04c6, 0x0020, 0x0000, 
  0x81e3, 0x9fed, 0x07ff, 0x681f, 0xfb40, 0xffed, 0x07ff, 0x681f, 0xfb40, 0xffed, 0x07fe, 0x6003, 0x0000, 0x07ff, 0x0000, 0x0000, 
  0x0000, 0x0000, 0x0000, 0x0000, 0x0000, 0x0000, 0x0000, 0x0000, 0x0000, 0x0000, 0x0000, 0x0000, 0x0000, 0x0000, 0x0000, 0x0000, 
  0x0000, 0x0000, 0x0013, 0x3000, 0x0000, 0x0487, 0x12fe, 0x603f, 0xfb60, 0xffed, 0x07ff, 0x681f, 0xfb40, 0xffed, 0x07df, 0x681f, 
  0xd2a0, 0x4800, 0x0017, 0x3800, 0x0000, 0x0000, 0x0000, 0x0000, 0xfb40, 0xe7ed, 0x07ff, 0x681f, 0xfb40, 0xffed, 0x07ff, 0x681f, 
  0xfb40, 0xffed, 0x07ff, 0x681f, 0xfb40, 0xffed, 0x07ff, 0x681f, 0xfb40, 0xffed, 0x07ff, 0x681f, 0xfb40, 0xffed, 0x07ff, 0x681f, 
  0xfb40, 0xffed, 0x07ff, 0x681f, 0xfb40, 0xffed, 0x07ff, 0x681f, 0xfb40, 0xffed, 0x07ff, 0x681f, 0xfb40, 0xffed, 0x07ff, 0x681f, 
  0xfb40, 0xffed, 0x07ff, 0x681f, 0xfb40, 0xffed, 0x07ff, 0x681f, 0xfb40, 0xffed, 0x07ff, 0x681f, 0xfb40, 0xffed, 0x07ff, 0x681f, 
  0xfb40, 0xffed, 0x07ff, 0x681f, 0xfb40, 0xffed, 0x07ff, 0x681f, 0xfb40, 0xffed, 0x07ff, 0x681f, 0xfb40, 0xffed, 0x07ff, 0x681f, 
  0xfb40, 0xffed, 0x07df, 0x681f, 0xaa42, 0xa800, 0x001f, 0xf800, 0x0000, 0x0000, 0x0000, 0x0000, 0x0000, 0x0000, 0x0000, 0x0000, 
  0x0000, 0x0000, 0x0000, 0x0000, 0x0000, 0x0000, 0x0000, 0x0000, 0x0000, 0x0000, 0x0000, 0x0000, 0x0000, 0x0000, 0x0000, 0x0000, 
  0x0000, 0x0000, 0x0000, 0x0000, 0x0000, 0x0000, 0x0000, 0x0000, 0x0000, 0x0000, 0x0000, 0x0000, 0x0000, 0x0000, 0x0000, 0x0000, 
  0x0000, 0x0000, 0x0000, 0x0000, 0x0000, 0x0000, 0x0000, 0x0000, 0x0000, 0x0000, 0x0000, 0x0000, 0x0000, 0x0000, 0x0000, 0x0000, 
  0x0000, 0x0000, 0xf80c, 0x291d, 0xfb40, 0xffed, 0x07ff, 0x681f, 0xfb40, 0xffed, 0x07ff, 0x681f, 0xfb40, 0xffed, 0x07f6, 0x4896, 
  0xfb40, 0xffed, 0x07ff, 0x681f, 0xfb40, 0xffee, 0x07fd, 0x600e, 0x0000, 0x07ec, 0x0020, 0x0000, 0x0000, 0x0000, 0x0000, 0x0000, 
  0x0000, 0x0000, 0x0000, 0x0000, 0x0000, 0x0000, 0x0000, 0x0000, 0x0000, 0x0000, 0x0000, 0x0000, 0x0000, 0x0000, 0x0000, 0x0000, 
  0x0000, 0x0000, 0x0000, 0x0000, 0x0000, 0x0000, 0x0000, 0x0000, 0x0000, 0x0000, 0x0000, 0x0000, 0x0000, 0x0000, 0x0000, 0x0000, 
  0x0000, 0x0000, 0x0000, 0x0000, 0x0000, 0x0000, 0x0000, 0x0000, 0x0000, 0x0000, 0x0000, 0x0000, 0x0000, 0x0000, 0x0000, 0x0000, 
  0x0000, 0x0000, 0x0000, 0x0000, 0x0000, 0x0000, 0x0000, 0x0000, 0x0000, 0x0000, 0x0000, 0x0000, 0xb244, 0x0000, 0x0015, 0x488e, 
  0xf320, 0xffed, 0x07df, 0x681f, 0xfb40, 0xffed, 0x07ff, 0x681f, 0xfb40, 0xffed, 0x07df, 0x683f, 0xa222, 0x9800, 0x0013, 0x3000, 
  0x0000, 0x0000, 0x0000, 0x0000, 0x0000, 0x0000, 0x0000, 0x0000, 0x0000, 0x0000, 0x0000, 0x0000, 0x0000, 0x0326, 0x3020, 0x0000, 
  0x6984, 0x97cd, 0x07ff, 0x681f, 0xfb40, 0xffed, 0x07ff, 0x681f, 0xfb40, 0xffed, 0x07f3, 0x4090, 0x0000, 0x054a, 0x0000, 0x0000, 
  0x0000, 0x0000, 0x0000, 0x0000, 0x0000, 0x0000, 0x0000, 0x0000, 0x0000, 0x0000, 0x0000, 0x0000, 0x0000, 0x0000, 0x0000, 0x0000, 
  0x0000, 0x0000, 0x0013, 0x3000, 0x0000, 0x0487, 0x12fe, 0x603f, 0xfb60, 0xffed, 0x07ff, 0x681f, 0xfb40, 0xffed, 0x07df, 0x681f, 
  0xd2a0, 0x4800, 0x0017, 0x3800, 0x0000, 0x0000, 0x0000, 0x0000, 0xfb40, 0xe7ed, 0x07ff, 0x681f, 0xfb40, 0xffed, 0x07ff, 0x681f, 
  0xfb40, 0xffed, 0x07ff, 0x681f, 0xfb40, 0xffed, 0x07ff, 0x681f, 0xfb40, 0xffed, 0x07ff, 0x681f, 0xfb40, 0xffed, 0x07ff, 0x681f, 
  0xfb40, 0xffed, 0x07ff, 0x681f, 0xfb40, 0xffed, 0x07ff, 0x681f, 0xfb40, 0xffed, 0x07ff, 0x681f, 0xfb40, 0xffed, 0x07ff, 0x681f, 
  0xfb40, 0xffed, 0x07ff, 0x681f, 0xfb40, 0xffed, 0x07ff, 0x681f, 0xfb40, 0xffed, 0x07ff, 0x681f, 0xfb40, 0xffed, 0x07ff, 0x681f, 
  0xfb40, 0xffed, 0x07ff, 0x681f, 0xfb40, 0xffed, 0x07ff, 0x681f, 0xfb40, 0xffed, 0x07ff, 0x681f, 0xfb40, 0xffed, 0x07ff, 0x681f, 
  0xfb40, 0xffed, 0x07f5, 0x4896, 0x000a, 0x07ff, 0x000f, 0x0000, 0x0000, 0x0000, 0x0000, 0x0000, 0x0000, 0x0000, 0x0000, 0x0000, 
  0x0000, 0x0000, 0x0000, 0x0000, 0x0000, 0x0000, 0x0000, 0x0000, 0x0000, 0x0000, 0x0000, 0x0000, 0x0000, 0x0000, 0x0000, 0x0000, 
  0x0000, 0x0000, 0x0000, 0x0000, 0x0000, 0x0000, 0x0000, 0x0000, 0x0000, 0x0000, 0x0000, 0x0000, 0x0000, 0x0000, 0x0000, 0x0000, 
  0x0000, 0x0000, 0x0000, 0x0000, 0x0000, 0x0000, 0x0000, 0x0000, 0x0000, 0x0000, 0x0000, 0x0000, 0x0000, 0x0000, 0x0000, 0x0000, 
  0x0000, 0x0000, 0x3897, 0x487d, 0xfb60, 0xffed, 0x07ff, 0x681f, 0xfb40, 0xffed, 0x07ff, 0x681f, 0xfb60, 0xfecb, 0x0fcb, 0x2108, 
  0xfb40, 0xffed, 0x07ff, 0x681f, 0xfb40, 0xffee, 0x07f9, 0x5054, 0x0000, 0x07ff, 0x0000, 0x0000, 0x0000, 0x0000, 0x0000, 0x0000, 
  0x0000, 0x0000, 0x0000, 0x0000, 0x0000, 0x0000, 0x0000, 0x0000, 0x0000, 0x0000, 0x0000, 0x0000, 0x0000, 0x0000, 0x0000, 0x0000, 
  0x0000, 0x0000, 0x0000, 0x0000, 0x0000, 0x0000, 0x0000, 0x0000, 0x0000, 0x0000, 0x0000, 0x0000, 0x0000, 0x0000, 0x0000, 0x0000, 
  0x0000, 0x0000, 0x0000, 0x0000, 0x0000, 0x0000, 0x0000, 0x0000, 0x0000, 0x0000, 0x0000, 0x0000, 0x0000, 0x0000, 0x0000, 0x0000, 
  0x0000, 0x0000, 0x0000, 0x0000, 0x0000, 0x0000, 0x0000, 0x0000, 0x0000, 0x07ef, 0x001f, 0x5000, 0x0000, 0x0609, 0x0bff, 0x681f, 
  0xfb60, 0xffed, 0x07ff, 0x681f, 0xfb40, 0xffed, 0x07ff, 0x681f, 0xfb40, 0xffed, 0x07fa, 0x5857, 0x000a, 0x07ff, 0x0000, 0x0000, 
  0x0000, 0x0000, 0x0000, 0x0000, 0x0000, 0x0000, 0x0000, 0x0000, 0x0000, 0x0000, 0x0000, 0x0000, 0x0000, 0x0000, 0x0000, 0x0000, 
  0xa222, 0x0fac, 0x079f, 0x681f, 0xfb40, 0xffed, 0x07ff, 0x681f, 0xfb40, 0xffee, 0x07f8, 0x5097, 0x0000, 0x05e7, 0x0020, 0x0000, 
  0x0000, 0x0000, 0x0000, 0x0000, 0x0000, 0x0000, 0x0000, 0x0000, 0x0000, 0x0000, 0x0000, 0x0000, 0x0000, 0x0000, 0x0000, 0x0000, 
  0x0000, 0x0000, 0x0013, 0x3000, 0x0000, 0x0487, 0x12fe, 0x603f, 0xfb60, 0xffed, 0x07ff, 0x681f, 0xfb40, 0xffed, 0x07df, 0x681f, 
  0xd2a0, 0x4800, 0x0017, 0x3800, 0x0000, 0x0000, 0x0000, 0x0000, 0xfb40, 0xe7ed, 0x07ff, 0x681f, 0xfb40, 0xffed, 0x07ff, 0x681f, 
  0xfb40, 0xffed, 0x07ff, 0x681f, 0xfb40, 0xffed, 0x07ff, 0x681f, 0xfb40, 0xffed, 0x07ff, 0x681f, 0xfb40, 0xffed, 0x07ff, 0x681f, 
  0xfb40, 0xffed, 0x07ff, 0x681f, 0xfb40, 0xffed, 0x07ff, 0x681f, 0xfb40, 0xffed, 0x07ff, 0x681f, 0xfb40, 0xffed, 0x07ff, 0x681f, 
  0xfb40, 0xffed, 0x07ff, 0x681f, 0xfb40, 0xffed, 0x07ff, 0x681f, 0xfb40, 0xffed, 0x07ff, 0x681f, 0xfb40, 0xffed, 0x07ff, 0x681f, 
  0xfb40, 0xffed, 0x07ff, 0x681f, 0xfb40, 0xffed, 0x07ff, 0x681f, 0xfb40, 0xffed, 0x07ff, 0x681f, 0xfb40, 0xffed, 0x07ff, 0x681f, 
  0xfb80, 0xfe2a, 0x0d60, 0x0000, 0xfaa0, 0x0000, 0x0000, 0x0000, 0x0000, 0x0000, 0x0000, 0x0000, 0x0000, 0x0000, 0x0000, 0x0000, 
  0x0000, 0x0000, 0x0000, 0x0000, 0x0000, 0x0000, 0x0000, 0x0000, 0x0000, 0x0000, 0x0000, 0x0000, 0x0000, 0x0000, 0x0000, 0x0000, 
  0x0000, 0x0000, 0x0000, 0x0000, 0x0000, 0x0000, 0x0000, 0x0000, 0x0000, 0x0000, 0x0000, 0x0000, 0x0000, 0x0000, 0x0000, 0x0000, 
  0x0000, 0x0000, 0x0000, 0x0000, 0x0000, 0x0000, 0x0000, 0x0000, 0x0000, 0x0000, 0x0000, 0x0000, 0x0000, 0x0000, 0x0013, 0x3000, 
  0x0000, 0x0549, 0x0c9f, 0x681f, 0xfb40, 0xffed, 0x07ff, 0x681f, 0xfb40, 0xffed, 0x07ff, 0x681f, 0xfb60, 0xfdc9, 0x1340, 0x0000, 
  0xfb40, 0xffed, 0x07ff, 0x681f, 0xfb40, 0xffed, 0x07f8, 0x507f, 0x38c5, 0x1800, 0x001f, 0x0000, 0x0000, 0x0000, 0x0000, 0x0000, 
  0x0000, 0x0000, 0x0000, 0x0000, 0x0000, 0x0000, 0x0000, 0x0000, 0x0000, 0x0000, 0x0000, 0x0000, 0x0000, 0x0000, 0x0000, 0x0000, 
  0x0000, 0x0000, 0x0000, 0x0000, 0x0000, 0x0000, 0x0000, 0x0000, 0x0000, 0x0000, 0x0000, 0x0000, 0x0000, 0x0000, 0x0000, 0x0000, 
  0x0000, 0x0000, 0x0000, 0x0000, 0x0000, 0x0000, 0x0000, 0x0000, 0x0000, 0x0000, 0x0000, 0x0000, 0x0000, 0x0000, 0x0000, 0x0000, 
  0x0000, 0x0000, 0x0000, 0x0000, 0x0000, 0x0000, 0x000f, 0x0000, 0xb240, 0x0000, 0x0008, 0x2147, 0xb242, 0xcfed, 0x07bf, 0x681f, 
  0xfb40, 0xffed, 0x07ff, 0x681f, 0xfb40, 0xffed, 0x07ff, 0x601f, 0xfb60, 0xfe8b, 0x0feb, 0x28e9, 0x0000, 0x03e7, 0x0020, 0x0000, 
  0x0000, 0x0000, 0x0000, 0x0000, 0x0000, 0x0000, 0x0000, 0x0000, 0x0000, 0x0000, 0x0000, 0x0000, 0x0000, 0x0000, 0x0000, 0x0000, 
  0x5145, 0x070b, 0x077f, 0x681f, 0xfb40, 0xffed, 0x07ff, 0x681f, 0xfb40, 0xffed, 0x07fb, 0x5838, 0x0000, 0x07ff, 0x0000, 0x0000, 
  0x0000, 0x0000, 0x0000, 0x0000, 0x0000, 0x0000, 0x0000, 0x0000, 0x0000, 0x0000, 0x0000, 0x0000, 0x0000, 0x0000, 0x0000, 0x0000, 
  0x0000, 0x0000, 0x0013, 0x3000, 0x0000, 0x0487, 0x12fe, 0x603f, 0xfb60, 0xffed, 0x07ff, 0x681f, 0xfb40, 0xffed, 0x07df, 0x681f, 
  0xd2a0, 0x4800, 0x0017, 0x3800, 0x0000, 0x0000, 0x0000, 0x0000, 0xfb40, 0xe7ed, 0x07ff, 0x681f, 0xfb40, 0xffed, 0x07ff, 0x681f, 
  0xfb40, 0xffed, 0x07ff, 0x681f, 0xfb40, 0xffed, 0x07ff, 0x681f, 0xfb40, 0xffed, 0x07ff, 0x681f, 0xfb40, 0xffed, 0x07ff, 0x681f, 
  0xfb40, 0xffed, 0x07ff, 0x681f, 0xfb40, 0xffed, 0x07ff, 0x681f, 0xfb40, 0xffed, 0x07ff, 0x681f, 0xfb40, 0xffed, 0x07ff, 0x681f, 
  0xfb40, 0xffed, 0x07ff, 0x681f, 0xfb40, 0xffed, 0x07ff, 0x681f, 0xfb40, 0xffed, 0x07ff, 0x681f, 0xfb40, 0xffed, 0x07ff, 0x681f, 
  0xfb40, 0xffed, 0x07ff, 0x681f, 0xfb40, 0xffed, 0x07ff, 0x681f, 0xfb40, 0xffed, 0x07ff, 0x681f, 0xfb40, 0xffed, 0x07df, 0x683f, 
  0xba61, 0xa800, 0x501f, 0xf800, 0x7be0, 0x0000, 0x0000, 0x0000, 0x0000, 0x0000, 0x0000, 0x0000, 0x0000, 0x0000, 0x0000, 0x0000, 
  0x0000, 0x0000, 0x0000, 0x0000, 0x0000, 0x0000, 0x0000, 0x0000, 0x0000, 0x0000, 0x0000, 0x0000, 0x0000, 0x0000, 0x0000, 0x0000, 
  0x0000, 0x0000, 0x0000, 0x0000, 0x0000, 0x0000, 0x0000, 0x0000, 0x0000, 0x0000, 0x0000, 0x0000, 0x0000, 0x0000, 0x0000, 0x0000, 
  0x0000, 0x0000, 0x0000, 0x0000, 0x0000, 0x0000, 0x0000, 0x0000, 0x0000, 0x0000, 0x0000, 0x0000, 0x0000, 0x054a, 0x0000, 0x0000, 
  0x91c3, 0x3f4c, 0x079f, 0x681f, 0xfb40, 0xffed, 0x07ff, 0x681f, 0xfb40, 0xffed, 0x07ff, 0x681f, 0xb261, 0xc000, 0x5060, 0x0000, 
  0xfb40, 0xffed, 0x07ff, 0x681f, 0xfb40, 0xffed, 0x07fa, 0x585f, 0x7183, 0x1800, 0x001f, 0x0000, 0x0000, 0x0000, 0x0000, 0x0000, 
  0x0000, 0x0000, 0x0000, 0x0000, 0x0000, 0x0000, 0x0000, 0x0000, 0x0000, 0x0000, 0x0000, 0x0000, 0x0000, 0x0000, 0x0000, 0x0000, 
  0x0000, 0x0000, 0x0000, 0x0000, 0x0000, 0x0000, 0x0000, 0x0000, 0x0000, 0x0000, 0x0000, 0x0000, 0x0000, 0x0000, 0x0000, 0x0000, 
  0x0000, 0x0000, 0x0000, 0x0000, 0x0000, 0x0000, 0x0000, 0x0000, 0x0000, 0x0000, 0x0000, 0x0000, 0x0000, 0x0000, 0x0000, 0x0000, 
  0x0000, 0x0000, 0x0000, 0x0000, 0x0000, 0x0000, 0x0013, 0x3000, 0x0000, 0x0487, 0x19b8, 0x507e, 0xfb60, 0xffed, 0x07df, 0x681f, 
  0xfb40, 0xffed, 0x07ff, 0x681f, 0xfb40, 0xffed, 0x07ff, 0x681f, 0xe301, 0xfbc6, 0x1b60, 0x0000, 0xaaa0, 0x0000, 0x0000, 0x0000, 
  0x0000, 0x0000, 0x0000, 0x0000, 0x0000, 0x0000, 0x0000, 0x0000, 0x0000, 0x0000, 0x0000, 0x0000, 0x0000, 0x0000, 0x0000, 0x0000, 
  0x000a, 0x05c9, 0x0f7f, 0x681f, 0xfb40, 0xffed, 0x07ff, 0x681f, 0xfb40, 0xffed, 0x07db, 0x585f, 0x5944, 0x5800, 0x000f, 0x39e0, 
  0x0000, 0x0000, 0x0000, 0x0000, 0x0000, 0x0000, 0x0000, 0x0000, 0x0000, 0x0000, 0x0000, 0x0000, 0x0000, 0x0000, 0x0000, 0x0000, 
  0x0000, 0x0000, 0x0013, 0x3000, 0x0000, 0x0487, 0x12fe, 0x603f, 0xfb60, 0xffed, 0x07ff, 0x681f, 0xfb40, 0xffed, 0x07df, 0x681f, 
  0xd2a0, 0x4800, 0x0017, 0x3800, 0x0000, 0x0000, 0x0000, 0x0000, 0xfb40, 0xe7ed, 0x07ff, 0x681f, 0xfb40, 0xffed, 0x07ff, 0x681f, 
  0xfb40, 0xffed, 0x07ff, 0x681f, 0xfb40, 0xffed, 0x07ff, 0x681f, 0xfb40, 0xffed, 0x07ff, 0x681f, 0xfb40, 0xffed, 0x07ff, 0x681f, 
  0xfb40, 0xffed, 0x07ff, 0x681f, 0xfb40, 0xffed, 0x07ff, 0x681f, 0xfb40, 0xffed, 0x07ff, 0x681f, 0xfb40, 0xffed, 0x07ff, 0x681f, 
  0xfb40, 0xffed, 0x07ff, 0x681f, 0xfb40, 0xffed, 0x07ff, 0x681f, 0xfb40, 0xffed, 0x07ff, 0x681f, 0xfb40, 0xffed, 0x07ff, 0x681f, 
  0xfb40, 0xffed, 0x07ff, 0x681f, 0xfb40, 0xffed, 0x07ff, 0x681f, 0xfb40, 0xffed, 0x07ff, 0x681f, 0xfb60, 0xffed, 0x07f4, 0x4095, 
  0x0000, 0x07ea, 0x0000, 0x0000, 0x0000, 0x0000, 0x0000, 0x0000, 0x0000, 0x0000, 0x0000, 0x0000, 0x0000, 0x0000, 0x0000, 0x0000, 
  0x0000, 0x0000, 0x0000, 0x0000, 0x0000, 0x0000, 0x0000, 0x0000, 0x0000, 0x0000, 0x0000, 0x0000, 0x0000, 0x0000, 0x0000, 0x0000, 
  0x0000, 0x0000, 0x0000, 0x0000, 0x0000, 0x0000, 0x0000, 0x0000, 0x0000, 0x0000, 0x0000, 0x0000, 0x0000, 0x0000, 0x0000, 0x0000, 
  0x0000, 0x0000, 0x0000, 0x0000, 0x0000, 0x0000, 0x0000, 0x0000, 0x0000, 0x0000, 0x0000, 0x0000, 0x0000, 0x07ff, 0x0000, 0x0000, 
  0xba81, 0xdfed, 0x07ff, 0x601f, 0xfb40, 0xffed, 0x07ff, 0x681f, 0xfb40, 0xffed, 0x07fb, 0x585f, 0x79c4, 0x1800, 0x000f, 0x0000, 
  0xfb40, 0xffed, 0x07ff, 0x681f, 0xfb40, 0xffed, 0x07fd, 0x601f, 0xc261, 0x1800, 0x001f, 0x0000, 0x0000, 0x0000, 0x0000, 0x0000, 
  0x0000, 0x0000, 0x0000, 0x0000, 0x0000, 0x0000, 0x0000, 0x0000, 0x0000, 0x0000, 0x0000, 0x0000, 0x0000, 0x0000, 0x0000, 0x0000, 
  0x0000, 0x0000, 0x0000, 0x0000, 0x0000, 0x0000, 0x0000, 0x0000, 0x0000, 0x0000, 0x0000, 0x0000, 0x0000, 0x0000, 0x0000, 0x0000, 
  0x0000, 0x0000, 0x0000, 0x0000, 0x0000, 0x0000, 0x0000, 0x0000, 0x0000, 0x0000, 0x0000, 0x0000, 0x0000, 0x0000, 0x0000, 0x0000, 
  0x0000, 0x0000, 0x0000, 0x0000, 0xfaa0, 0x0000, 0x0000, 0x01c1, 0xc261, 0x47cc, 0x075f, 0x681f, 0xfb40, 0xffed, 0x07ff, 0x681f, 
  0xfb40, 0xffed, 0x07ff, 0x681f, 0xfb20, 0xffed, 0x07fd, 0x605f, 0x81c3, 0x7000, 0x001f, 0x7800, 0x0000, 0x0000, 0x0000, 0x0000, 
  0x0000, 0x0000, 0x0000, 0x0000, 0x0000, 0x0000, 0x0000, 0x0000, 0x0000, 0x0000, 0x0000, 0x0000, 0x0000, 0x0000, 0x001f, 0x5000, 
  0x0000, 0x066a, 0x0b9f, 0x701f, 0xfb40, 0xffed, 0x07ff, 0x681f, 0xfb40, 0xffed, 0x07df, 0x683f, 0xb262, 0x5800, 0x0017, 0x3800, 
  0x0000, 0x0000, 0x0000, 0x0000, 0x0000, 0x0000, 0x0000, 0x0000, 0x0000, 0x0000, 0x0000, 0x0000, 0x0000, 0x0000, 0x0000, 0x0000, 
  0x0000, 0x0000, 0x0013, 0x3000, 0x0000, 0x0487, 0x12fe, 0x603f, 0xfb60, 0xffed, 0x07ff, 0x681f, 0xfb40, 0xffed, 0x07df, 0x681f, 
  0xd2a0, 0x4800, 0x0017, 0x3800, 0x0000, 0x0000, 0x0000, 0x0000, 0xfb40, 0xe7ed, 0x07ff, 0x681f, 0xfb40, 0xffed, 0x07ff, 0x681f, 
  0xfb40, 0xffed, 0x07ff, 0x681f, 0xfb40, 0xffed, 0x07ff, 0x681f, 0xfb40, 0xffed, 0x07ff, 0x681f, 0xfb40, 0xffed, 0x07ff, 0x681f, 
  0xfb40, 0xffed, 0x07ff, 0x681f, 0xfb40, 0xffed, 0x07ff, 0x681f, 0xfb40, 0xffed, 0x07ff, 0x681f, 0xfb40, 0xffed, 0x07ff, 0x681f, 
  0xfb40, 0xffed, 0x07ff, 0x681f, 0xfb40, 0xffed, 0x07ff, 0x681f, 0xfb40, 0xffed, 0x07ff, 0x681f, 0xfb40, 0xffed, 0x07ff, 0x681f, 
  0xfb40, 0xffed, 0x07ff, 0x681f, 0xfb40, 0xffed, 0x07ff, 0x681f, 0xfb40, 0xffec, 0x07ff, 0x681f, 0xf341, 0xfc87, 0x1560, 0x01e0, 
  0xffe0, 0x03e0, 0x0000, 0x0000, 0x0000, 0x0000, 0x0000, 0x0000, 0x0000, 0x0000, 0x0000, 0x0000, 0x0000, 0x0000, 0x0000, 0x0000, 
  0x0000, 0x0000, 0x0000, 0x0000, 0x0000, 0x0000, 0x0000, 0x0000, 0x0000, 0x0000, 0x0000, 0x0000, 0x0000, 0x0000, 0x0000, 0x0000, 
  0x0000, 0x0000, 0x0000, 0x0000, 0x0000, 0x0000, 0x0000, 0x0000, 0x0000, 0x0000, 0x0000, 0x0000, 0x0000, 0x0000, 0x0000, 0x0000, 
  0x0000, 0x0000, 0x0000, 0x0000, 0x0000, 0x0000, 0x0000, 0x0000, 0x0000, 0x0000, 0x0000, 0x0000, 0xffe0, 0x0000, 0x0013, 0x4090, 
  0xfb40, 0xffed, 0x07df, 0x681f, 0xfb40, 0xffed, 0x07ff, 0x681f, 0xfb40, 0xffed, 0x07f5, 0x48b2, 0x0000, 0x07ef, 0x0020, 0x0000, 
  0xfb40, 0xffed, 0x07ff, 0x681f, 0xfb40, 0xffed, 0x07ff, 0x681f, 0x9203, 0x7000, 0x001f, 0x7800, 0x0000, 0x0000, 0x0000, 0x0000, 
  0x0000, 0x0000, 0x0000, 0x0000, 0x0000, 0x0000, 0x0000, 0x0000, 0x0000, 0x0000, 0x0000, 0x0000, 0x0000, 0x0000, 0x0000, 0x0000, 
  0x0000, 0x0000, 0x0000, 0x0000, 0x0000, 0x0000, 0x0000, 0x0000, 0x0000, 0x0000, 0x0000, 0x0000, 0x0000, 0x0000, 0x0000, 0x0000, 
  0x0000, 0x0000, 0x0000, 0x0000, 0x0000, 0x0000, 0x0000, 0x0000, 0x0000, 0x0000, 0x0000, 0x0000, 0x0000, 0x0000, 0x0000, 0x0000, 
  0x0000, 0x0000, 0x0015, 0x5000, 0x0000, 0x0000, 0x0016, 0x4897, 0xfb40, 0xffed, 0x07df, 0x681f, 0xfb40, 0xffed, 0x07ff, 0x681f, 
  0xfb40, 0xffed, 0x07ff, 0x681f, 0xfb60, 0xff2c, 0x0ff2, 0x40ad, 0x0000, 0x04c6, 0x0020, 0x0000, 0x0000, 0x0000, 0x0000, 0x0000, 
  0x0000, 0x0000, 0x0000, 0x0000, 0x0000, 0x0000, 0x0000, 0x0000, 0x0000, 0x0000, 0x0000, 0x0000, 0x0000, 0x0000, 0x0017, 0x3800, 
  0x0000, 0x0447, 0x129e, 0x603f, 0xfb60, 0xffed, 0x07ff, 0x681f, 0xfb40, 0xffed, 0x07ff, 0x681f, 0xba61, 0xa800, 0x0000, 0x0000, 
  0x0000, 0x0000, 0x0000, 0x0000, 0x0000, 0x0000, 0x0000, 0x0000, 0x0000, 0x0000, 0x0000, 0x0000, 0x0000, 0x0000, 0x0000, 0x0000, 
  0x0000, 0x0000, 0x0013, 0x3000, 0x0000, 0x0487, 0x12fe, 0x603f, 0xfb60, 0xffed, 0x07ff, 0x681f, 0xfb40, 0xffed, 0x07df, 0x681f, 
  0xd2a0, 0x4800, 0x0017, 0x3800, 0x0000, 0x0000, 0x0000, 0x0000, 0xfb40, 0xe7ed, 0x07ff, 0x681f, 0xfb40, 0xffed, 0x07ff, 0x681f, 
  0xfb40, 0xffed, 0x07ff, 0x681f, 0xfb40, 0xffed, 0x07ff, 0x681f, 0xfb40, 0xffed, 0x07ff, 0x681f, 0xfb40, 0xffed, 0x07ff, 0x681f, 
  0xfb40, 0xffed, 0x07ff, 0x681f, 0xfb40, 0xffed, 0x07ff, 0x681f, 0xfb40, 0xffed, 0x07ff, 0x681f, 0xfb40, 0xffed, 0x07ff, 0x681f, 
  0xfb40, 0xffed, 0x07ff, 0x681f, 0xfb40, 0xffed, 0x07ff, 0x681f, 0xfb40, 0xffed, 0x07ff, 0x681f, 0xfb40, 0xffed, 0x07ff, 0x681f, 
  0xfb40, 0xffed, 0x07ff, 0x681f, 0xfb40, 0xffed, 0x07ff, 0x681f, 0xfb40, 0xffed, 0x07fd, 0x603c, 0x81c3, 0x7000, 0x3860, 0x0000, 
  0x0000, 0x0000, 0x0000, 0x0000, 0x0000, 0x0000, 0x0000, 0x0000, 0x0000, 0x0000, 0x0000, 0x0000, 0x0000, 0x0000, 0x0000, 0x0000, 
  0x0000, 0x0000, 0x0000, 0x0000, 0x0000, 0x0000, 0x0000, 0x0000, 0x0000, 0x0000, 0x0000, 0x0000, 0x0000, 0x0000, 0x0000, 0x0000, 
  0x0000, 0x0000, 0x0000, 0x0000, 0x0000, 0x0000, 0x0000, 0x0000, 0x0000, 0x0000, 0x0000, 0x0000, 0x0000, 0x0000, 0x0000, 0x0000, 
  0x0000, 0x0000, 0x0000, 0x0000, 0x0000, 0x0000, 0x0000, 0x0000, 0x0000, 0x0000, 0x000f, 0x0000, 0x0000, 0x0366, 0x215a, 0x587f, 
  0xfb60, 0xffed, 0x07ff, 0x681f, 0xfb40, 0xffed, 0x07ff, 0x601f, 0xfb60, 0xfdea, 0x0f84, 0x1166, 0x0000, 0x03e0, 0x0000, 0x0000, 
  0xfb40, 0xffed, 0x07ff, 0x681f, 0xfb40, 0xffed, 0x07ff, 0x681f, 0xd2c1, 0xb800, 0x0017, 0x3800, 0x0000, 0x0000, 0x0000, 0x0000, 
  0x0000, 0x0000, 0x0000, 0x0000, 0x0000, 0x0000, 0x0000, 0x0000, 0x0000, 0x0000, 0x0000, 0x0000, 0x0000, 0x0000, 0x0000, 0x0000, 
  0x0000, 0x0000, 0x0000, 0x0000, 0x0000, 0x0000, 0x0000, 0x0000, 0x0000, 0x0000, 0x0000, 0x0000, 0x0000, 0x0000, 0x0000, 0x0000, 
  0x0000, 0x0000, 0x0000, 0x0000, 0x0000, 0x0000, 0x0000, 0x0000, 0x0000, 0x0000, 0x0000, 0x0000, 0x0000, 0x0000, 0x0000, 0x0000, 
  0xfbe0, 0x07ea, 0x0000, 0x0000, 0x81c2, 0x766a, 0x0f9f, 0x681f, 0xfb40, 0xffed, 0x07ff, 0x681f, 0xfb40, 0xffed, 0x07ff, 0x681f, 
  0xfb40, 0xffed, 0x07ff, 0x681f, 0xdae1, 0xfbc6, 0x1b60, 0x0000, 0xd2a0, 0x0000, 0x0000, 0x0000, 0x0000, 0x0000, 0x0000, 0x0000, 
  0x0000, 0x0000, 0x0000, 0x0000, 0x0000, 0x0000, 0x0000, 0x0000, 0x0000, 0x0000, 0x0000, 0x0000, 0x0000, 0x0000, 0x0000, 0x0000, 
  0xfbe0, 0x0000, 0x001c, 0x5837, 0xfb60, 0xffed, 0x07ff, 0x681f, 0xfb40, 0xffed, 0x07ff, 0x681f, 0xe2e1, 0xf4a7, 0x2860, 0x0000, 
  0xf800, 0x0000, 0x0000, 0x0000, 0x0000, 0x0000, 0x0000, 0x0000, 0x0000, 0x0000, 0x0000, 0x0000, 0x0000, 0x0000, 0x0000, 0x0000, 
  0x0000, 0x0000, 0x0013, 0x3000, 0x0000, 0x0487, 0x12fe, 0x603f, 0xfb60, 0xffed, 0x07ff, 0x681f, 0xfb40, 0xffed, 0x07df, 0x681f, 
  0xd2a0, 0x4800, 0x0017, 0x3800, 0x0000, 0x0000, 0x0000, 0x0000, 0xfb40, 0xe7ed, 0x07ff, 0x681f, 0xfb40, 0xffed, 0x07ff, 0x681f, 
  0xfb40, 0xffed, 0x07ff, 0x681f, 0xfb40, 0xffed, 0x07ff, 0x681f, 0xfb40, 0xffed, 0x07ff, 0x681f, 0xfb40, 0xffed, 0x07ff, 0x681f, 
  0xfb40, 0xffed, 0x07ff, 0x681f, 0xfb40, 0xffed, 0x07ff, 0x681f, 0xfb40, 0xffed, 0x07ff, 0x681f, 0xfb40, 0xffed, 0x07ff, 0x681f, 
  0xfb40, 0xffed, 0x07ff, 0x681f, 0xfb40, 0xffed, 0x07ff, 0x681f, 0xfb40, 0xffed, 0x07ff, 0x681f, 0xfb40, 0xffed, 0x07ff, 0x681f, 
  0xfb40, 0xffed, 0x07ff, 0x681f, 0xfb40, 0xffed, 0x07ff, 0x681f, 0xfb60, 0xfeab, 0x0f32, 0x3885, 0x0000, 0x054a, 0x002f, 0x0000, 
  0x0000, 0x0000, 0x0000, 0x0000, 0x0000, 0x0000, 0x0000, 0x0000, 0x0000, 0x0000, 0x0000, 0x0000, 0x0000, 0x0000, 0x0000, 0x0000, 
  0x0000, 0x0000, 0x0000, 0x0000, 0x0000, 0x0000, 0x0000, 0x0000, 0x0000, 0x0000, 0x0000, 0x0000, 0x0000, 0x0000, 0x0000, 0x0000, 
  0x0000, 0x0000, 0x0000, 0x0000, 0x0000, 0x0000, 0x0000, 0x0000, 0x0000, 0x0000, 0x0000, 0x0000, 0x0000, 0x0000, 0x0000, 0x0000, 
  0x0000, 0x0000, 0x0000, 0x0000, 0x0000, 0x0000, 0x0000, 0x0000, 0x0000, 0x0000, 0x001f, 0x5000, 0x0000, 0x062a, 0x0ddf, 0x681f, 
  0xfb40, 0xffed, 0x07ff, 0x681f, 0xfb40, 0xffed, 0x07ff, 0x681f, 0xeb00, 0xec87, 0x1180, 0x0000, 0xaaa0, 0x0000, 0x0000, 0x0000, 
  0xfb60, 0xffed, 0x07ff, 0x681f, 0xfb40, 0xffed, 0x07ff, 0x681f, 0xdae0, 0xf1c3, 0x21a0, 0x0000, 0x5000, 0x0000, 0x0000, 0x0000, 
  0x0000, 0x0000, 0x0000, 0x0000, 0x0000, 0x0000, 0x0000, 0x0000, 0x0000, 0x0000, 0x0000, 0x0000, 0x0000, 0x0000, 0x0000, 0x0000, 
  0x0000, 0x0000, 0x0000, 0x0000, 0x0000, 0x0000, 0x0000, 0x0000, 0x0000, 0x0000, 0x0000, 0x0000, 0x0000, 0x0000, 0x0000, 0x0000, 
  0x0000, 0x0000, 0x0000, 0x0000, 0x0000, 0x0000, 0x0000, 0x0000, 0x0000, 0x0000, 0x0000, 0x0000, 0x0000, 0x0000, 0x001f, 0x0000, 
  0xcb20, 0x0000, 0x001a, 0x504d, 0xf320, 0xffed, 0x07ff, 0x681f, 0xfb40, 0xffed, 0x07ff, 0x681f, 0xfb40, 0xffed, 0x07ff, 0x681f, 
  0xfb40, 0xffee, 0x07fd, 0x6017, 0x6144, 0x4000, 0x0015, 0x5000, 0x0000, 0x0000, 0x0000, 0x0000, 0x0000, 0x0000, 0x0000, 0x0000, 
  0x0000, 0x0000, 0x0000, 0x0000, 0x0000, 0x0000, 0x0000, 0x0000, 0x0000, 0x0000, 0x0000, 0x0000, 0x0000, 0x0000, 0x0000, 0x0000, 
  0xb9e0, 0x0000, 0x0014, 0x4896, 0xfb60, 0xffed, 0x07df, 0x681f, 0xfb40, 0xffed, 0x07ff, 0x681f, 0xfb40, 0xfca7, 0x1360, 0x0000, 
  0xaaa0, 0x0000, 0x0000, 0x0000, 0x0000, 0x0000, 0x0000, 0x0000, 0x0000, 0x0000, 0x0000, 0x0000, 0x0000, 0x0000, 0x0000, 0x0000, 
  0x0000, 0x0000, 0x0013, 0x3000, 0x0000, 0x0487, 0x12fe, 0x603f, 0xfb60, 0xffed, 0x07ff, 0x681f, 0xfb40, 0xffed, 0x07df, 0x681f, 
  0xd2a0, 0x4800, 0x0017, 0x3800, 0x0000, 0x0000, 0x0000, 0x0000, 0xfb40, 0xe7ed, 0x07ff, 0x681f, 0xfb40, 0xffed, 0x07ff, 0x681f, 
  0xfb40, 0xffed, 0x07ff, 0x681f, 0xfb40, 0xffed, 0x07ff, 0x681f, 0xfb40, 0xffed, 0x07ff, 0x681f, 0xfb40, 0xffed, 0x07ff, 0x681f, 
  0xfb40, 0xffed, 0x07ff, 0x681f, 0xfb40, 0xffed, 0x07ff, 0x681f, 0xfb40, 0xffed, 0x07ff, 0x681f, 0xfb40, 0xffed, 0x07ff, 0x681f, 
  0xfb40, 0xffed, 0x07ff, 0x681f, 0xfb40, 0xffed, 0x07ff, 0x681f, 0xfb40, 0xffed, 0x07ff, 0x681f, 0xfb40, 0xffed, 0x07ff, 0x681f, 
  0xfb40, 0xffed, 0x07ff, 0x681f, 0xfb40, 0xffed, 0x07ff, 0x681f, 0xb242, 0xeb66, 0x2160, 0x0000, 0xaaa5, 0x0000, 0x0000, 0x0000, 
  0x0000, 0x0000, 0x0000, 0x0000, 0x0000, 0x0000, 0x0000, 0x0000, 0x0000, 0x0000, 0x0000, 0x0000, 0x0000, 0x0000, 0x0000, 0x0000, 
  0x0000, 0x0000, 0x0000, 0x0000, 0x0000, 0x0000, 0x0000, 0x0000, 0x0000, 0x0000, 0x0000, 0x0000, 0x0000, 0x0000, 0x0000, 0x0000, 
  0x0000, 0x0000, 0x0000, 0x0000, 0x0000, 0x0000, 0x0000, 0x0000, 0x0000, 0x0000, 0x0000, 0x0000, 0x0000, 0x0000, 0x0000, 0x0000, 
  0x0000, 0x0000, 0x0000, 0x0000, 0x0000, 0x0000, 0x0000, 0x0000, 0x0000, 0x07ea, 0x0000, 0x0000, 0xd2a0, 0x47cd, 0x07df, 0x681f, 
  0xfb40, 0xffed, 0x07ff, 0x681f, 0xfb40, 0xffed, 0x07df, 0x681f, 0xba81, 0x8800, 0x0012, 0x4920, 0x0000, 0x0000, 0x0000, 0x0000, 
  0xfb60, 0xffed, 0x07ff, 0x681f, 0xfb40, 0xffed, 0x07ff, 0x681f, 0xfb40, 0xfdc9, 0x12e0, 0x0000, 0x9980, 0x0000, 0x0000, 0x0000, 
  0x0000, 0x0000, 0x0000, 0x0000, 0x0000, 0x0000, 0x0000, 0x0000, 0x0000, 0x0000, 0x0000, 0x0000, 0x0000, 0x0000, 0x0000, 0x0000, 
  0x0000, 0x0000, 0x0000, 0x0000, 0x0000, 0x0000, 0x0000, 0x0000, 0x0000, 0x0000, 0x0000, 0x0000, 0x0000, 0x0000, 0x0000, 0x0000, 
  0x0000, 0x0000, 0x0000, 0x0000, 0x0000, 0x0000, 0x0000, 0x0000, 0x0000, 0x0000, 0x0000, 0x0000, 0x0000, 0x05e7, 0x0020, 0x0000, 
  0x71a3, 0x2d69, 0x0f3f, 0x681f, 0xfb60, 0xffed, 0x07ff, 0x681f, 0xfb40, 0xffed, 0x07ff, 0x681f, 0xfb40, 0xffed, 0x07ff, 0x681f, 
  0xfb60, 0xfe8b, 0x0da0, 0x39e0, 0x0000, 0x0000, 0x0000, 0x0000, 0x0000, 0x0000, 0x0000, 0x0000, 0x0000, 0x0000, 0x0000, 0x0000, 
  0x0000, 0x0000, 0x0000, 0x0000, 0x0000, 0x0000, 0x0000, 0x0000, 0x0000, 0x0000, 0x0000, 0x0000, 0x0000, 0x0000, 0x0000, 0x0000, 
  0xf800, 0x0000, 0x0013, 0x4083, 0xeb00, 0xffed, 0x07ff, 0x681f, 0xfb40, 0xffed, 0x07ff, 0x681f, 0xfb80, 0xff4b, 0x0540, 0x0000, 
  0xcb20, 0x0000, 0x0000, 0x0000, 0x0000, 0x0000, 0x0000, 0x0000, 0x0000, 0x0000, 0x0000, 0x0000, 0x0000, 0x0000, 0x0000, 0x0000, 
  0x0000, 0x0000, 0x0013, 0x3000, 0x0000, 0x0487, 0x12fe, 0x603f, 0xfb60, 0xffed, 0x07ff, 0x681f, 0xfb40, 0xffed, 0x07df, 0x681f, 
  0xd2a0, 0x4800, 0x0017, 0x3800, 0x0000, 0x0000, 0x0000, 0x0000, 0xfb40, 0xe7ed, 0x07ff, 0x681f, 0xfb40, 0xffed, 0x07ff, 0x681f, 
  0xfb40, 0xffed, 0x07ff, 0x681f, 0xfb40, 0xffed, 0x07ff, 0x681f, 0xfb40, 0xffed, 0x07ff, 0x681f, 0xfb40, 0xffed, 0x07ff, 0x681f, 
  0xfb40, 0xffed, 0x07ff, 0x681f, 0xfb40, 0xffed, 0x07ff, 0x681f, 0xfb40, 0xffed, 0x07ff, 0x681f, 0xfb40, 0xffed, 0x07ff, 0x681f, 
  0xfb40, 0xffed, 0x07ff, 0x681f, 0xfb40, 0xffed, 0x07ff, 0x681f, 0xfb40, 0xffed, 0x07ff, 0x681f, 0xfb40, 0xffed, 0x07ff, 0x681f, 
  0xfb40, 0xffed, 0x07ff, 0x681f, 0xfb60, 0xff6c, 0x07f8, 0x504d, 0x0000, 0x054a, 0x0000, 0x0000, 0x0000, 0x0000, 0x0000, 0x0000, 
  0x0000, 0x0000, 0x0000, 0x0000, 0x0000, 0x0000, 0x0000, 0x0000, 0x0000, 0x0000, 0x0000, 0x0000, 0x0000, 0x0000, 0x0000, 0x0000, 
  0x0000, 0x0000, 0x0000, 0x0000, 0x0000, 0x0000, 0x0000, 0x0000, 0x0000, 0x0000, 0x0000, 0x0000, 0x0000, 0x0000, 0x0000, 0x0000, 
  0x0000, 0x0000, 0x0000, 0x0000, 0x0000, 0x0000, 0x0000, 0x0000, 0x0000, 0x0000, 0x0000, 0x0000, 0x0000, 0x0000, 0x0000, 0x0000, 
  0x0000, 0x0000, 0x0000, 0x0000, 0x0000, 0x0000, 0x0000, 0x0000, 0xf800, 0x0000, 0x000a, 0x1102, 0xcac1, 0xf7ed, 0x07ff, 0x601f, 
  0xfb40, 0xffed, 0x07ff, 0x681f, 0xfb40, 0xffed, 0x07f9, 0x507c, 0x000d, 0x0000, 0x0000, 0x0000, 0x0000, 0x0000, 0x0000, 0x0000, 
  0xfb60, 0xffed, 0x07df, 0x681f, 0xfb40, 0xffed, 0x07ff, 0x681f, 0xfb60, 0xfd69, 0x1620, 0x03e0, 0x0000, 0x0000, 0x0000, 0x0000, 
  0x0000, 0x0000, 0x0000, 0x0000, 0x0000, 0x0000, 0x0000, 0x0000, 0x0000, 0x0000, 0x0000, 0x0000, 0x0000, 0x0000, 0x0000, 0x0000, 
  0x0000, 0x0000, 0x0000, 0x0000, 0x0000, 0x0000, 0x0000, 0x0000, 0x0000, 0x0000, 0x0000, 0x0000, 0x0000, 0x0000, 0x0000, 0x0000, 
  0x0000, 0x0000, 0x0000, 0x0000, 0x0000, 0x0000, 0x0000, 0x0000, 0x0000, 0x0000, 0x0000, 0x0000, 0x0000, 0x0000, 0xf814, 0x4085, 
  0xe300, 0xe7ed, 0x07ff, 0x681f, 0xfb40, 0xffed, 0x07ff, 0x681f, 0xfb40, 0xffed, 0x07ff, 0x681f, 0xfb40, 0xffed, 0x07fd, 0x603f, 
  0x9202, 0xbae3, 0x1840, 0x0000, 0x9980, 0x0000, 0x0000, 0x0000, 0x0000, 0x0000, 0x0000, 0x0000, 0x0000, 0x0000, 0x0000, 0x0000, 
  0x0000, 0x0000, 0x0000, 0x0000, 0x0000, 0x0000, 0x0000, 0x0000, 0x0000, 0x0000, 0x0000, 0x0000, 0x0000, 0x0000, 0x0000, 0x0000, 
  0xf800, 0x0000, 0x000a, 0x29a2, 0xcaa1, 0xffed, 0x07ff, 0x681f, 0xfb40, 0xffed, 0x07ff, 0x681f, 0xfb60, 0xff0c, 0x076d, 0x28e5, 
  0x0000, 0x054a, 0x0000, 0x0000, 0x0000, 0x0000, 0x0000, 0x0000, 0x0000, 0x0000, 0x0000, 0x0000, 0x0000, 0x0000, 0x0000, 0x0000, 
  0x0000, 0x0000, 0x0013, 0x3000, 0x0000, 0x0487, 0x12fe, 0x603f, 0xfb60, 0xffed, 0x07ff, 0x681f, 0xfb40, 0xffed, 0x07df, 0x681f, 
  0xd2a0, 0x4800, 0x0017, 0x3800, 0x0000, 0x0000, 0x0000, 0x0000, 0xfb40, 0xe7ed, 0x07ff, 0x681f, 0xfb40, 0xffed, 0x07ff, 0x681f, 
  0xfb40, 0xffed, 0x07ff, 0x681f, 0xfb40, 0xffed, 0x07ff, 0x681f, 0xfb40, 0xffed, 0x07ff, 0x681f, 0xfb40, 0xffed, 0x07ff, 0x681f, 
  0xfb40, 0xffed, 0x07ff, 0x681f, 0xfb40, 0xffed, 0x07ff, 0x681f, 0xfb40, 0xffed, 0x07ff, 0x681f, 0xfb40, 0xffed, 0x07ff, 0x681f, 
  0xfb40, 0xffed, 0x07ff, 0x681f, 0xfb40, 0xffed, 0x07ff, 0x681f, 0xfb40, 0xffed, 0x07ff, 0x681f, 0xfb40, 0xffed, 0x07ff, 0x681f, 
  0xfb40, 0xffed, 0x07ff, 0x701f, 0xcaa1, 0xfbc6, 0x1ba0, 0x0000, 0xaaa0, 0x03ef, 0x0000, 0x0000, 0x0000, 0x0000, 0x0000, 0x0000, 
  0x0000, 0x0000, 0x0000, 0x0000, 0x0000, 0x0000, 0x0000, 0x0000, 0x0000, 0x0000, 0x0000, 0x0000, 0x0000, 0x0000, 0x0000, 0x0000, 
  0x0000, 0x0000, 0x0000, 0x0000, 0x0000, 0x0000, 0x0000, 0x0000, 0x0000, 0x0000, 0x0000, 0x0000, 0x0000, 0x0000, 0x0000, 0x0000, 
  0x0000, 0x0000, 0x0000, 0x0000, 0x0000, 0x0000, 0x0000, 0x0000, 0x0000, 0x0000, 0x0000, 0x0000, 0x0000, 0x0000, 0x0000, 0x0000, 
  0x0000, 0x0000, 0x0000, 0x0000, 0x0000, 0x0000, 0x0000, 0x0000, 0xfbe0, 0x0000, 0x0017, 0x4871, 0xfb40, 0xffed, 0x07ff, 0x681f, 
  0xfb40, 0xffed, 0x07ff, 0x681f, 0xfb40, 0xff6c, 0x07f0, 0x38cd, 0x0000, 0x07ef, 0x0000, 0x0000, 0x0000, 0x0000, 0x0000, 0x0000, 
  0xe2e0, 0xefed, 0x07ff, 0x681f, 0xfb40, 0xffed, 0x07ff, 0x681f, 0xfb40, 0xff2c, 0x07b3, 0x38e2, 0x0000, 0x0000, 0x0000, 0x0000, 
  0x0000, 0x0000, 0x0000, 0x0000, 0x0000, 0x0000, 0x0000, 0x0000, 0x0000, 0x0000, 0x0000, 0x0000, 0x0000, 0x0000, 0x0000, 0x0000, 
  0x0000, 0x0000, 0x0000, 0x0000, 0x0000, 0x0000, 0x0000, 0x0000, 0x0000, 0x0000, 0x0000, 0x0000, 0x0000, 0x0000, 0x0000, 0x0000, 
  0x0000, 0x0000, 0x0000, 0x0000, 0x0000, 0x0000, 0x0000, 0x0000, 0x0000, 0x07e0, 0x001f, 0x7800, 0x0000, 0x0467, 0x157d, 0x603f, 
  0xfb60, 0xffed, 0x07ff, 0x681f, 0xfb40, 0xffed, 0x07ff, 0x681f, 0xfb40, 0xffed, 0x07ff, 0x681f, 0xfb60, 0xff2c, 0x0798, 0x5046, 
  0x0000, 0x0666, 0x0020, 0x0000, 0x0000, 0x0000, 0x0000, 0x0000, 0x0000, 0x0000, 0x0000, 0x0000, 0x0000, 0x0000, 0x0000, 0x0000, 
  0x0000, 0x0000, 0x0000, 0x0000, 0x0000, 0x0000, 0x0000, 0x0000, 0x0000, 0x0000, 0x0000, 0x0000, 0x0000, 0x0000, 0x0000, 0x0000, 
  0x0000, 0x0000, 0x0000, 0x05e0, 0xa222, 0xc7ed, 0x07ff, 0x681f, 0xfb40, 0xffed, 0x07ff, 0x681f, 0xfb40, 0xffee, 0x07fd, 0x6009, 
  0x0000, 0x05e7, 0x0020, 0x0000, 0x0000, 0x0000, 0x0000, 0x0000, 0x0000, 0x0000, 0x0000, 0x0000, 0x0000, 0x0000, 0x0000, 0x0000, 
  0x0000, 0x0000, 0x0013, 0x3000, 0x0000, 0x0487, 0x12fe, 0x603f, 0xfb60, 0xffed, 0x07ff, 0x681f, 0xfb40, 0xffed, 0x07df, 0x681f, 
  0xd2a0, 0x4800, 0x0017, 0x3800, 0x0000, 0x0000, 0x0000, 0x0000, 0xfb40, 0xe7ed, 0x07ff, 0x681f, 0xfb40, 0xffed, 0x07ff, 0x681f, 
  0xfb40, 0xffed, 0x07ff, 0x681f, 0xfb40, 0xffed, 0x07ff, 0x681f, 0xfb40, 0xffed, 0x07ff, 0x681f, 0xfb40, 0xffed, 0x07ff, 0x681f, 
  0xfb40, 0xffed, 0x07ff, 0x681f, 0xfb40, 0xffed, 0x07ff, 0x681f, 0xfb40, 0xffed, 0x07ff, 0x681f, 0xfb40, 0xffed, 0x07ff, 0x681f, 
  0xfb40, 0xffed, 0x07ff, 0x681f, 0xfb40, 0xffed, 0x07ff, 0x681f, 0xfb40, 0xffed, 0x07ff, 0x681f, 0xfb40, 0xffed, 0x07ff, 0x681f, 
  0xfb60, 0xffed, 0x07f7, 0x4877, 0x000c, 0x07e0, 0xf81f, 0x7800, 0x0000, 0x0000, 0x0000, 0x0000, 0x0000, 0x0000, 0x0000, 0x0000, 
  0x0000, 0x0000, 0x0000, 0x0000, 0x0000, 0x0000, 0x0000, 0x0000, 0x0000, 0x0000, 0x0000, 0x0000, 0x0000, 0x0000, 0x0000, 0x0000, 
  0x0000, 0x0000, 0x0000, 0x0000, 0x0000, 0x0000, 0x0000, 0x0000, 0x0000, 0x0000, 0x0000, 0x0000, 0x0000, 0x0000, 0x001f, 0x0000, 
  0xf800, 0x07e0, 0x000f, 0x0000, 0x0000, 0x0000, 0x0000, 0x0000, 0x0000, 0x0000, 0x0000, 0x0000, 0x0000, 0x0000, 0x0000, 0x0000, 
  0x0000, 0x0000, 0x0000, 0x0000, 0x0000, 0x0000, 0x0017, 0x3800, 0x0000, 0x0447, 0x12de, 0x605f, 0xfb60, 0xffed, 0x07ff, 0x681f, 
  0xfb40, 0xffed, 0x07ff, 0x681f, 0xfb80, 0xfeab, 0x0d00, 0x0000, 0xcb20, 0x0000, 0x0000, 0x0000, 0x0000, 0x0000, 0x0000, 0x0000, 
  0xcaa1, 0xafed, 0x07ff, 0x681f, 0xfb40, 0xffed, 0x07ff, 0x681f, 0xfb40, 0xffed, 0x07f8, 0x5050, 0x0000, 0x05e7, 0x0020, 0x0000, 
  0x0000, 0x0000, 0x0000, 0x0000, 0x0000, 0x0000, 0x0000, 0x0000, 0x0000, 0x0000, 0x0000, 0x0000, 0x0000, 0x0000, 0x0000, 0x0000, 
  0x0000, 0x0000, 0x0000, 0x0000, 0x0000, 0x0000, 0x0000, 0x0000, 0x0000, 0x0000, 0x0000, 0x0000, 0x0000, 0x0000, 0x0000, 0x0000, 
  0x0000, 0x0000, 0x0000, 0x0000, 0x0000, 0x0000, 0x0000, 0x0000, 0x7800, 0x07ef, 0x0020, 0x0000, 0xb261, 0xa7cd, 0x07ff, 0x681f, 
  0xfb20, 0xffed, 0x07ff, 0x681f, 0xfb40, 0xffed, 0x07ff, 0x681f, 0xfb40, 0xffed, 0x07ff, 0x681e, 0xb242, 0xe407, 0x19e0, 0x0000, 
  0xfaa0, 0x07e0, 0x0000, 0x0000, 0x0000, 0x0000, 0x0000, 0x0000, 0x0000, 0x0000, 0x0000, 0x0000, 0x0000, 0x0000, 0x0000, 0x0000, 
  0x0000, 0x0000, 0x0000, 0x0000, 0x0000, 0x0000, 0x0000, 0x0000, 0x0000, 0x0000, 0x0000, 0x0000, 0x0000, 0x0000, 0x0000, 0x0000, 
  0x0000, 0x05e7, 0x0020, 0x0000, 0x9a02, 0x5f6c, 0x07ff, 0x681f, 0xfb40, 0xffed, 0x07ff, 0x681f, 0xfb40, 0xffed, 0x07f8, 0x5077, 
  0x0000, 0x0000, 0x0000, 0x0000, 0x0000, 0x0000, 0x0000, 0x0000, 0x0000, 0x0000, 0x0000, 0x0000, 0x0000, 0x0000, 0x0000, 0x0000, 
  0x0000, 0x0000, 0x0013, 0x3000, 0x0000, 0x0487, 0x12fe, 0x603f, 0xfb60, 0xffed, 0x07ff, 0x681f, 0xfb40, 0xffed, 0x07df, 0x681f, 
  0xd2a0, 0x4800, 0x0017, 0x3800, 0x0000, 0x0000, 0x0000, 0x0000, 0xfb40, 0xe7ed, 0x07ff, 0x681f, 0xfb40, 0xffed, 0x07ff, 0x681f, 
  0xfb40, 0xffed, 0x07ff, 0x681f, 0xfb40, 0xffed, 0x07ff, 0x681f, 0xfb40, 0xffed, 0x07ff, 0x681f, 0xfb40, 0xffed, 0x07ff, 0x681f, 
  0xfb40, 0xffed, 0x07ff, 0x681f, 0xfb40, 0xffed, 0x07ff, 0x681f, 0xfb40, 0xffed, 0x07ff, 0x681f, 0xfb40, 0xffed, 0x07ff, 0x681f, 
  0xfb40, 0xffed, 0x07ff, 0x681f, 0xfb40, 0xffed, 0x07ff, 0x681f, 0xfb40, 0xffed, 0x07ff, 0x681f, 0xfb20, 0xffed, 0x07df, 0x681f, 
  0xd2c1, 0xed28, 0x1285, 0x09a2, 0x0000, 0x03e7, 0x0020, 0x0000, 0x0000, 0x0000, 0x0000, 0x0000, 0x0000, 0x0000, 0x0000, 0x0000, 
  0x0000, 0x0000, 0x0000, 0x0000, 0x0000, 0x0000, 0x0000, 0x0000, 0x0000, 0x0000, 0x0000, 0x0000, 0x0000, 0x0000, 0x0000, 0x0000, 
  0x0000, 0x0000, 0x0000, 0x0000, 0x0000, 0x0000, 0x0000, 0x0000, 0x0000, 0x0000, 0x0000, 0x0000, 0x0000, 0x054a, 0x0000, 0x0000, 
  0x79c2, 0x11a2, 0x28c0, 0x0000, 0xcb20, 0x07e0, 0x0000, 0x0000, 0x0000, 0x0000, 0x0000, 0x0000, 0x0000, 0x0000, 0x0000, 0x0000, 
  0x0000, 0x0000, 0x0000, 0x0000, 0x0000, 0x0000, 0x0000, 0x0000, 0x2084, 0x1eab, 0x069f, 0x681f, 0xfb40, 0xffed, 0x07ff, 0x681f, 
  0xfb40, 0xffed, 0x07ff, 0x681f, 0xdae0, 0xe2e5, 0x1940, 0x0000, 0x7800, 0x0000, 0x0000, 0x0000, 0x0000, 0x0000, 0x0000, 0x0000, 
  0x7183, 0x67ac, 0x07ff, 0x681f, 0xfb40, 0xffed, 0x07ff, 0x681f, 0xfb40, 0xffed, 0x07fe, 0x601b, 0xb1c1, 0x1800, 0x001f, 0x0000, 
  0x0000, 0x0000, 0x0000, 0x0000, 0x0000, 0x0000, 0x0000, 0x0000, 0x0000, 0x0000, 0x0000, 0x0000, 0x0000, 0x0000, 0x0000, 0x0000, 
  0x0000, 0x0000, 0x0000, 0x0000, 0x0000, 0x0000, 0x0000, 0x0000, 0x0000, 0x0000, 0x0000, 0x0000, 0x0000, 0x0000, 0x0000, 0x0000, 
  0x0000, 0x0000, 0x0000, 0x0000, 0x0000, 0x0000, 0x001f, 0x0000, 0xfaa0, 0x0000, 0x0017, 0x5075, 0xfb60, 0xffed, 0x07df, 0x681f, 
  0xfb40, 0xffed, 0x07ff, 0x681f, 0xfb40, 0xffed, 0x07ff, 0x681f, 0xfb60, 0xff4c, 0x0ff5, 0x488f, 0x0000, 0x05e7, 0x002f, 0x0000, 
  0x0000, 0x0000, 0x0000, 0x0000, 0x0000, 0x0000, 0x0000, 0x0000, 0x0000, 0x0000, 0x0000, 0x0000, 0x0000, 0x0000, 0x0000, 0x0000, 
  0x0000, 0x0000, 0x0000, 0x0000, 0x0000, 0x0000, 0x0000, 0x0000, 0x0000, 0x0000, 0x0000, 0x0000, 0x0000, 0x0000, 0x0000, 0x0000, 
  0x0000, 0x0000, 0x001f, 0x7800, 0x0000, 0x07ac, 0x061f, 0x681f, 0xfb40, 0xffed, 0x07ff, 0x681f, 0xfb40, 0xffed, 0x07fd, 0x603d, 
  0x000f, 0x0000, 0x0000, 0x0000, 0x0000, 0x0000, 0x0000, 0x0000, 0x0000, 0x0000, 0x0000, 0x0000, 0x0000, 0x0000, 0x0000, 0x0000, 
  0x0000, 0x0000, 0x0013, 0x3000, 0x0000, 0x0487, 0x12fe, 0x603f, 0xfb60, 0xffed, 0x07ff, 0x681f, 0xfb40, 0xffed, 0x07df, 0x681f, 
  0xd2a0, 0x4800, 0x0017, 0x3800, 0x0000, 0x0000, 0x0000, 0x0000, 0xfb40, 0xe7ed, 0x07ff, 0x681f, 0xfb40, 0xffed, 0x07ff, 0x681f, 
  0xfb40, 0xffed, 0x07ff, 0x681f, 0xfb40, 0xffed, 0x07ff, 0x681f, 0xfb40, 0xffed, 0x07ff, 0x681f, 0xfb40, 0xffed, 0x07ff, 0x681f, 
  0xfb40, 0xffed, 0x07ff, 0x681f, 0xfb40, 0xffed, 0x07ff, 0x681f, 0xfb40, 0xffed, 0x07ff, 0x681f, 0xfb40, 0xffed, 0x07ff, 0x681f, 
  0xfb40, 0xffed, 0x07ff, 0x681f, 0xfb40, 0xffed, 0x07ff, 0x681f, 0xfb40, 0xffed, 0x07ff, 0x681f, 0xfb60, 0xff4c, 0x07f4, 0x4094, 
  0x4925, 0x3000, 0x0013, 0x3000, 0x0000, 0x0000, 0x0000, 0x0000, 0x0000, 0x0000, 0x0000, 0x0000, 0x0000, 0x0000, 0x0000, 0x0000, 
  0x0000, 0x0000, 0x0000, 0x0000, 0x0000, 0x0000, 0x0000, 0x0000, 0x0000, 0x0000, 0x0000, 0x0000, 0x0000, 0x0000, 0x0000, 0x0000, 
  0x0000, 0x0000, 0x0000, 0x0000, 0x0000, 0x0000, 0x0000, 0x0000, 0x0000, 0x0000, 0x0000, 0x0000, 0x52a0, 0x0000, 0x000d, 0x2862, 
  0xcaa1, 0xdd69, 0x1732, 0x30a2, 0x0000, 0x0666, 0x002f, 0x7800, 0x0000, 0x0000, 0x0000, 0x0000, 0x0000, 0x0000, 0x0000, 0x0000, 
  0x0000, 0x0000, 0x0000, 0x0000, 0x0000, 0x04c6, 0x0020, 0x0000, 0xa242, 0xafee, 0x07ff, 0x681f, 0xfb40, 0xffed, 0x07ff, 0x681f, 
  0xfb40, 0xffed, 0x07df, 0x683f, 0xaa42, 0x5000, 0x0017, 0x3800, 0x0000, 0x0000, 0x0000, 0x0000, 0x0000, 0x0000, 0x0000, 0x0000, 
  0x0009, 0x0dea, 0x0eff, 0x681f, 0xfb40, 0xffed, 0x07ff, 0x681f, 0xfb40, 0xffec, 0x07ff, 0x701f, 0xc2a1, 0xd000, 0x001f, 0xf800, 
  0x0000, 0x0000, 0x0000, 0x0000, 0x0000, 0x0000, 0x0000, 0x0000, 0x0000, 0x0000, 0x0000, 0x0000, 0x0000, 0x0000, 0x0000, 0x0000, 
  0x0000, 0x0000, 0x0000, 0x0000, 0x0000, 0x0000, 0x0000, 0x0000, 0x0000, 0x0000, 0x0000, 0x0000, 0x0000, 0x0000, 0x0000, 0x0000, 
  0x0000, 0x0000, 0x0000, 0x0000, 0x0000, 0x03e0, 0x001f, 0xf800, 0x000f, 0x066b, 0x0d3f, 0x681f, 0xfb40, 0xffed, 0x07ff, 0x681f, 
  0xfb40, 0xffed, 0x07ff, 0x681f, 0xfb40, 0xffed, 0x07ff, 0x701f, 0xeb00, 0xc3e7, 0x1123, 0x01e1, 0x0000, 0x054a, 0x0000, 0x0000, 
  0x0000, 0x0000, 0x0000, 0x0000, 0x0000, 0x0000, 0x0000, 0x0000, 0x0000, 0x0000, 0x0000, 0x0000, 0x0000, 0x0000, 0x0000, 0x0000, 
  0x0000, 0x0000, 0x0000, 0x0000, 0x0000, 0x0000, 0x0000, 0x0000, 0x0000, 0x0000, 0x0000, 0x0000, 0x0000, 0x0000, 0x0000, 0x0000, 
  0x0000, 0x0000, 0x0015, 0x5000, 0x0000, 0x0549, 0x153f, 0x681f, 0xfb40, 0xffed, 0x07ff, 0x681f, 0xfb40, 0xffed, 0x07fe, 0x603f, 
  0x79a3, 0x7800, 0x000f, 0x3800, 0x0000, 0x0000, 0x0000, 0x0000, 0x0000, 0x0000, 0x0000, 0x0000, 0x0000, 0x0000, 0x0000, 0x0000, 
  0x0000, 0x0000, 0x0013, 0x3000, 0x0000, 0x0487, 0x12fe, 0x603f, 0xfb60, 0xffed, 0x07ff, 0x681f, 0xfb40, 0xffed, 0x07df, 0x681f, 
  0xd2a0, 0x4800, 0x0017, 0x3800, 0x0000, 0x0000, 0x0000, 0x0000, 0xfb40, 0xe7ed, 0x07ff, 0x681f, 0xfb40, 0xffed, 0x07ff, 0x681f, 
  0xfb40, 0xffed, 0x07ff, 0x681f, 0xfb40, 0xffed, 0x07ff, 0x681f, 0xfb40, 0xffed, 0x07ff, 0x681f, 0xfb40, 0xffed, 0x07ff, 0x681f, 
  0xfb40, 0xffed, 0x07ff, 0x681f, 0xfb40, 0xffed, 0x07ff, 0x681f, 0xfb40, 0xffed, 0x07ff, 0x681f, 0xfb40, 0xffed, 0x07ff, 0x681f, 
  0xfb40, 0xffed, 0x07ff, 0x681f, 0xfb40, 0xffed, 0x07ff, 0x681f, 0xfb40, 0xffed, 0x07ff, 0x681e, 0xcaa1, 0xb3e6, 0x1943, 0x19e1, 
  0x0000, 0x07e7, 0x002f, 0x0000, 0x0000, 0x0000, 0x0000, 0x0000, 0x0000, 0x0000, 0x0000, 0x0000, 0x0000, 0x0000, 0x0000, 0x0000, 
  0x0000, 0x0000, 0x0000, 0x0000, 0x0000, 0x0000, 0x0000, 0x0000, 0x0000, 0x0000, 0x0000, 0x0000, 0x0000, 0x0000, 0x0000, 0x0000, 
  0x0000, 0x0000, 0x0000, 0x0000, 0x0000, 0x0000, 0x0000, 0x0000, 0x0000, 0x0000, 0x0000, 0x0000, 0x0000, 0x0000, 0x38b8, 0x507a, 
  0xfb60, 0xffed, 0x07fd, 0x603d, 0x89e2, 0x9000, 0x0000, 0x0000, 0xfbe0, 0x03e0, 0x0000, 0x0000, 0x0000, 0x0000, 0x0000, 0x0000, 
  0x0000, 0x0000, 0x0000, 0x0000, 0xaaa0, 0x0000, 0x0011, 0x38a7, 0xe300, 0xffed, 0x07ff, 0x681f, 0xfb40, 0xffed, 0x07ff, 0x681f, 
  0xfb40, 0xffed, 0x07f8, 0x5078, 0x0000, 0x07f5, 0x0000, 0x0000, 0x0000, 0x0000, 0x0000, 0x0000, 0x0000, 0x0000, 0x0000, 0x0000, 
  0x0000, 0x0549, 0x133f, 0x683f, 0xfb40, 0xffed, 0x07ff, 0x681f, 0xfb40, 0xffed, 0x07ff, 0x681f, 0xfb40, 0xfdca, 0x0aa0, 0x0000, 
  0xaaa0, 0x0000, 0x0000, 0x0000, 0x0000, 0x0000, 0x0000, 0x0000, 0x0000, 0x0000, 0x0000, 0x0000, 0x0000, 0x0000, 0x0000, 0x0000, 
  0x0000, 0x0000, 0x0000, 0x0000, 0x0000, 0x0000, 0x0000, 0x0000, 0x0000, 0x0000, 0x0000, 0x0000, 0x0000, 0x0000, 0x0000, 0x0000, 
  0x0000, 0x0000, 0x0000, 0x0000, 0x0000, 0x07ff, 0x0000, 0x0000, 0xc2a1, 0xafee, 0x07ff, 0x681f, 0xfb40, 0xffed, 0x07ff, 0x681f, 
  0xfb40, 0xffed, 0x07ff, 0x681f, 0xfb60, 0xffad, 0x07f5, 0x4899, 0x69a4, 0x0800, 0x0017, 0x3800, 0x0000, 0x0000, 0x0000, 0x0000, 
  0x0000, 0x0000, 0x0000, 0x0000, 0x0000, 0x0000, 0x0000, 0x0000, 0x0000, 0x0000, 0x0000, 0x0000, 0x0000, 0x0000, 0x0000, 0x0000, 
  0x0000, 0x0000, 0x0000, 0x0000, 0x0000, 0x0000, 0x0000, 0x0000, 0x0000, 0x0000, 0x0000, 0x0000, 0x0000, 0x0000, 0x0000, 0x0000, 
  0x0000, 0x0000, 0x001f, 0x7800, 0x0000, 0x06ab, 0x011e, 0x601f, 0xfb40, 0xffed, 0x07ff, 0x681f, 0xfb40, 0xffed, 0x07df, 0x681f, 
  0xba81, 0x9000, 0x0019, 0x6000, 0x0000, 0x0000, 0x0000, 0x0000, 0x0000, 0x0000, 0x0000, 0x0000, 0x0000, 0x0000, 0x0000, 0x0000, 
  0x0000, 0x0000, 0x0013, 0x3000, 0x0000, 0x0487, 0x12fe, 0x603f, 0xfb60, 0xffed, 0x07ff, 0x681f, 0xfb40, 0xffed, 0x07df, 0x681f, 
  0xca81, 0x4800, 0x0017, 0x3800, 0x0000, 0x0000, 0x0000, 0x0000, 0xfb40, 0xe7ed, 0x07ff, 0x681f, 0xfb40, 0xffed, 0x07ff, 0x681f, 
  0xfb40, 0xffed, 0x07ff, 0x681f, 0xfb40, 0xffed, 0x07ff, 0x681f, 0xfb40, 0xffed, 0x07ff, 0x681f, 0xfb40, 0xffed, 0x07ff, 0x681f, 
  0xfb40, 0xffed, 0x07ff, 0x681f, 0xfb40, 0xffed, 0x07ff, 0x681f, 0xfb40, 0xffed, 0x07ff, 0x681f, 0xfb40, 0xffed, 0x07ff, 0x681f, 
  0xfb40, 0xffed, 0x07ff, 0x681f, 0xfb20, 0xffed, 0x07ff, 0x701f, 0xf320, 0xfd89, 0x17f4, 0x4869, 0x0000, 0x07ef, 0x000f, 0x3800, 
  0x7800, 0x0000, 0x0000, 0x0000, 0x0000, 0x0000, 0x0000, 0x0000, 0x0000, 0x0000, 0x0000, 0x0000, 0x0000, 0x0000, 0x0000, 0x0000, 
  0x0000, 0x0000, 0x0000, 0x0000, 0x0000, 0x0000, 0x0000, 0x0000, 0x0000, 0x0000, 0x0000, 0x0000, 0x0000, 0x0000, 0x0000, 0x0000, 
  0x0000, 0x0000, 0x0000, 0x0000, 0x0000, 0x0000, 0x0000, 0x0000, 0x0000, 0x0000, 0x0000, 0x0000, 0x0007, 0x14a8, 0x169f, 0x681f, 
  0xfb40, 0xffec, 0x07ff, 0x681f, 0xfb40, 0xfe6a, 0x0d8e, 0x30e8, 0x0000, 0x04c6, 0x002a, 0x52a0, 0x0000, 0x0000, 0x0000, 0x0000, 
  0x0000, 0x0000, 0x0000, 0x0000, 0xfbe0, 0x0000, 0x001b, 0x5853, 0xfb60, 0xffed, 0x07ff, 0x681f, 0xfb40, 0xffed, 0x07ff, 0x681f, 
  0xfb40, 0xfeeb, 0x0fec, 0x28eb, 0x0000, 0x02aa, 0x0000, 0x0000, 0x0000, 0x0000, 0x0000, 0x0000, 0x0000, 0x0000, 0x0000, 0x0000, 
  0xffe0, 0x0000, 0xf81b, 0x5859, 0xfb60, 0xffed, 0x07ff, 0x681f, 0xfb40, 0xffed, 0x07ff, 0x681f, 0xfb40, 0xfecb, 0x0fea, 0x210b, 
  0x0000, 0x054a, 0x0000, 0x0000, 0x0000, 0x0000, 0x0000, 0x0000, 0x0000, 0x0000, 0x0000, 0x0000, 0x0000, 0x0000, 0x0000, 0x0000, 
  0x0000, 0x0000, 0x0000, 0x0000, 0x0000, 0x0000, 0x0000, 0x0000, 0x0000, 0x0000, 0x0000, 0x0000, 0x0000, 0x0000, 0x0000, 0x0000, 
  0x0000, 0x0000, 0x0000, 0x0000, 0x0000, 0x0000, 0xf813, 0x40b4, 0xfb40, 0xffed, 0x07df, 0x681f, 0xfb40, 0xffed, 0x07ff, 0x681f, 
  0xfb40, 0xffec, 0x07ff, 0x681f, 0xeb20, 0xf5a9, 0x0a60, 0x02a1, 0xfd40, 0x04cc, 0x0020, 0x0000, 0x0000, 0x0000, 0x0000, 0x0000, 
  0x0000, 0x0000, 0x0000, 0x0000, 0x0000, 0x0000, 0x0000, 0x0000, 0x0000, 0x0000, 0x0000, 0x0000, 0x0000, 0x0000, 0x0000, 0x0000, 
  0x0000, 0x0000, 0x0000, 0x0000, 0x0000, 0x0000, 0x0000, 0x0000, 0x0000, 0x0000, 0x0000, 0x0000, 0x0000, 0x0000, 0x0000, 0x0000, 
  0x0000, 0x0000, 0x000f, 0x0000, 0x0000, 0x0366, 0x211a, 0x587f, 0xfb40, 0xffed, 0x07ff, 0x681f, 0xfb40, 0xffed, 0x07ff, 0x701f, 
  0xcac1, 0xb000, 0x0000, 0x0000, 0x0000, 0x0000, 0x0000, 0x0000, 0x0000, 0x0000, 0x0000, 0x0000, 0x0000, 0x0000, 0x0000, 0x0000, 
  0x0000, 0x0000, 0x0013, 0x3000, 0x0000, 0x0487, 0x12fe, 0x603f, 0xfb60, 0xffed, 0x07ff, 0x681f, 0xfb40, 0xffed, 0x07df, 0x681f, 
  0xca81, 0x4800, 0x0017, 0x3800, 0x0000, 0x0000, 0x0000, 0x0000, 0xfb40, 0xe7ed, 0x07ff, 0x681f, 0xfb40, 0xffed, 0x07ff, 0x681f, 
  0xfb40, 0xffed, 0x07ff, 0x681f, 0xfb40, 0xffed, 0x07ff, 0x681f, 0xfb40, 0xffed, 0x07ff, 0x681f, 0xfb40, 0xffed, 0x07ff, 0x681f, 
  0xfb40, 0xffed, 0x07ff, 0x681f, 0xfb40, 0xffed, 0x07ff, 0x681f, 0xfb40, 0xffed, 0x07ff, 0x681f, 0xfb40, 0xffed, 0x07ff, 0x681f, 
  0xfb40, 0xffed, 0x07df, 0x681f, 0xfb80, 0xffed, 0x0779, 0x5058, 0x79a3, 0x8800, 0x388c, 0x3180, 0xfbe0, 0x05e7, 0x0020, 0x0000, 
  0x0000, 0x0000, 0x0000, 0x0000, 0x0000, 0x0000, 0x0000, 0x0000, 0x0000, 0x0000, 0x0000, 0x0000, 0x0000, 0x0000, 0x0000, 0x0000, 
  0x0000, 0x0000, 0x0000, 0x0000, 0x0000, 0x0000, 0x0000, 0x0000, 0x0000, 0x0000, 0x0000, 0x0000, 0x0000, 0x0000, 0x0000, 0x0000, 
  0x0000, 0x0000, 0x0000, 0x0000, 0x0000, 0x0000, 0x0000, 0x0000, 0x0000, 0x04c6, 0x0020, 0x0000, 0xcaa1, 0x57cd, 0x07ff, 0x681f, 
  0xfb40, 0xffed, 0x07ff, 0x681f, 0xfb40, 0xffed, 0x07fc, 0x583e, 0xc281, 0x5ae4, 0x20a0, 0x0000, 0xb9e0, 0x054a, 0x0000, 0x0000, 
  0x0000, 0x0000, 0x0017, 0x3800, 0x0000, 0x0528, 0x0c1f, 0x683f, 0xfb40, 0xffed, 0x07ff, 0x681f, 0xfb40, 0xffed, 0x07ff, 0x681f, 
  0xfb80, 0xfdea, 0x13c0, 0x0000, 0xcb20, 0x0000, 0x0000, 0x0000, 0x0000, 0x0000, 0x0000, 0x0000, 0x0000, 0x0000, 0x0000, 0x0000, 
  0xfbe0, 0x0000, 0x0014, 0x408b, 0xfb40, 0xffed, 0x07ff, 0x681f, 0xfb40, 0xffed, 0x07ff, 0x681f, 0xfb40, 0xffed, 0x07fa, 0x585b, 
  0x0000, 0x07ea, 0x0000, 0x0000, 0x0000, 0x0000, 0x0000, 0x0000, 0x0000, 0x0000, 0x0000, 0x0000, 0x0000, 0x0000, 0x0000, 0x0000, 
  0x0000, 0x0000, 0x0000, 0x0000, 0x0000, 0x0000, 0x0000, 0x0000, 0x0000, 0x0000, 0x0000, 0x0000, 0x0000, 0x0000, 0x0000, 0x0000, 
  0x0000, 0x0000, 0x0015, 0x5000, 0x0000, 0x0487, 0x1a3e, 0x605f, 0xfb60, 0xffed, 0x07ff, 0x681f, 0xfb40, 0xffed, 0x07ff, 0x681f, 
  0xfb40, 0xffed, 0x07fa, 0x585f, 0x91e2, 0x4000, 0x0017, 0x3800, 0xf800, 0x0000, 0x0000, 0x0000, 0x0000, 0x0000, 0x0000, 0x0000, 
  0x0000, 0x0000, 0x0000, 0x0000, 0x0000, 0x0000, 0x0000, 0x0000, 0x0000, 0x0000, 0x0000, 0x0000, 0x0000, 0x0000, 0x0000, 0x0000, 
  0x0000, 0x0000, 0x0000, 0x0000, 0x0000, 0x0000, 0x0000, 0x0000, 0x0000, 0x0000, 0x0000, 0x0000, 0x0000, 0x0000, 0x0000, 0x0000, 
  0x0000, 0x0000, 0x0000, 0x0000, 0x0000, 0x0000, 0x0018, 0x5055, 0xfb80, 0xffed, 0x07ff, 0x681f, 0xfb40, 0xffed, 0x07ff, 0x681f, 
  0xd2c1, 0xfac5, 0x21a0, 0x0000, 0xaaa0, 0x0000, 0x0000, 0x0000, 0x0000, 0x0000, 0x0000, 0x0000, 0x0000, 0x0000, 0x0000, 0x0000, 
  0x0000, 0x0000, 0x0013, 0x3000, 0x0000, 0x0487, 0x12fe, 0x603f, 0xfb60, 0xffed, 0x07ff, 0x681f, 0xfb40, 0xffed, 0x07df, 0x681f, 
  0xca81, 0x4800, 0x0017, 0x3800, 0x0000, 0x0000, 0x0000, 0x0000, 0xfb40, 0xe7ed, 0x07ff, 0x681f, 0xfb40, 0xffed, 0x07ff, 0x681f, 
  0xfb40, 0xffed, 0x07ff, 0x681f, 0xfb40, 0xffed, 0x07ff, 0x681f, 0xfb40, 0xffed, 0x07ff, 0x681f, 0xfb40, 0xffed, 0x07ff, 0x681f, 
  0xfb40, 0xffed, 0x07ff, 0x681f, 0xfb40, 0xffed, 0x07ff, 0x681f, 0xfb40, 0xffed, 0x07ff, 0x681f, 0xfb40, 0xffed, 0x07ff, 0x681f, 
  0xfb60, 0xffee, 0x07fe, 0x601f, 0xd2c0, 0xad49, 0x09c0, 0x0000, 0xf800, 0x0000, 0x001f, 0x7800, 0x0000, 0x0000, 0x0000, 0x0000, 
  0x0000, 0x0000, 0x0000, 0x0000, 0x0000, 0x0000, 0x0000, 0x0000, 0x0000, 0x0000, 0x0000, 0x0000, 0x0000, 0x0000, 0x0000, 0x0000, 
  0x0000, 0x0000, 0x0000, 0x0000, 0x0000, 0x0000, 0x0000, 0x0000, 0x0000, 0x0000, 0x0000, 0x0000, 0x0000, 0x0000, 0x0000, 0x0000, 
  0x0000, 0x0000, 0x0000, 0x0000, 0x0000, 0x0000, 0x0000, 0x0000, 0xcb20, 0x0000, 0x0018, 0x4869, 0xfb40, 0xffed, 0x07ff, 0x681f, 
  0xfb40, 0xffed, 0x07ff, 0x681f, 0xfb40, 0xffed, 0x07ff, 0x681f, 0xfb60, 0xfeeb, 0x0ead, 0x28ee, 0x0000, 0x07ea, 0x000f, 0x0000, 
  0x0000, 0x07ff, 0x0000, 0x0000, 0x91c2, 0x1f8c, 0x071f, 0x681f, 0xfb40, 0xffed, 0x07ff, 0x681f, 0xfb40, 0xffed, 0x07ff, 0x681f, 
  0xc281, 0xd800, 0x30e0, 0x0000, 0x0000, 0x0000, 0x0000, 0x0000, 0x0000, 0x0000, 0x0000, 0x0000, 0x0000, 0x0000, 0x0000, 0x0000, 
  0x0000, 0x07ef, 0x0020, 0x0000, 0xe2e1, 0x7fee, 0x07ff, 0x681f, 0xfb40, 0xffed, 0x07ff, 0x681f, 0xfb40, 0xffed, 0x07ff, 0x681f, 
  0xdae0, 0xa800, 0x001f, 0x7800, 0x79e0, 0x0000, 0x0000, 0x0000, 0x0000, 0x0000, 0x0000, 0x0000, 0x0000, 0x0000, 0x0000, 0x0000, 
  0x0000, 0x0000, 0x0000, 0x0000, 0x0000, 0x0000, 0x0000, 0x0000, 0x0000, 0x0000, 0x0000, 0x0000, 0x0000, 0x0000, 0x0000, 0x0000, 
  0x0000, 0x0000, 0x001f, 0xf800, 0x0000, 0x066a, 0x0ebf, 0x681f, 0xfb40, 0xffed, 0x07ff, 0x681f, 0xfb40, 0xffed, 0x07ff, 0x681f, 
  0xfb60, 0xfe0a, 0x0fab, 0x2927, 0x0000, 0x05e7, 0x0020, 0x0000, 0x0000, 0x0000, 0x0000, 0x0000, 0x0000, 0x0000, 0x0000, 0x0000, 
  0x0000, 0x0000, 0x0000, 0x0000, 0x0000, 0x0000, 0x0000, 0x0000, 0x0000, 0x0000, 0x0000, 0x0000, 0x0000, 0x0000, 0x0000, 0x0000, 
  0x0000, 0x0000, 0x0000, 0x0000, 0x0000, 0x0000, 0x0000, 0x0000, 0x0000, 0x0000, 0x0000, 0x0000, 0x0000, 0x0000, 0x0000, 0x0000, 
  0x0000, 0x0000, 0x0000, 0x0000, 0xcb20, 0x0000, 0x0018, 0x504f, 0xfb60, 0xffed, 0x07df, 0x681f, 0xfb40, 0xffed, 0x07ff, 0x681f, 
  0xeb00, 0xfcc8, 0x11a0, 0x0000, 0xaaa0, 0x0000, 0x0000, 0x0000, 0x0000, 0x0000, 0x0000, 0x0000, 0x0000, 0x0000, 0x0000, 0x0000, 
  0x0000, 0x0000, 0x0013, 0x3000, 0x0000, 0x0487, 0x12fe, 0x603f, 0xfb60, 0xffed, 0x07ff, 0x681f, 0xfb40, 0xffed, 0x07df, 0x681f, 
  0xca81, 0x4800, 0x0017, 0x3800, 0x0000, 0x0000, 0x0000, 0x0000, 0xfb40, 0xe7ed, 0x07ff, 0x681f, 0xfb40, 0xffed, 0x07ff, 0x681f, 
  0xfb40, 0xffed, 0x07ff, 0x681f, 0xfb40, 0xffed, 0x07ff, 0x681f, 0xfb40, 0xffed, 0x07ff, 0x681f, 0xfb40, 0xffed, 0x07ff, 0x681f, 
  0xfb40, 0xffed, 0x07ff, 0x681f, 0xfb40, 0xffed, 0x07ff, 0x681f, 0xfb40, 0xffed, 0x07df, 0x681f, 0xfb60, 0xffed, 0x07ff, 0x683f, 
  0xdac1, 0xf5c9, 0x0d92, 0x3885, 0x0000, 0x07ff, 0x0019, 0x6000, 0x52aa, 0x0000, 0x0000, 0x0000, 0x0000, 0x0000, 0x0000, 0x0000, 
  0x0000, 0x0000, 0x0000, 0x0000, 0x0000, 0x0000, 0x0000, 0x0000, 0x0000, 0x0000, 0x0000, 0x0000, 0x0000, 0x0000, 0x0000, 0x0000, 
  0x0000, 0x0000, 0x0000, 0x0000, 0x0000, 0x0000, 0x0000, 0x0000, 0x0000, 0x0000, 0x0000, 0x0000, 0x0000, 0x0000, 0x0000, 0x0000, 
  0x0000, 0x0000, 0x0000, 0x0000, 0x0000, 0x0000, 0x0013, 0x3000, 0x0000, 0x0447, 0x129c, 0x603f, 0xfb60, 0xffed, 0x07ff, 0x681f, 
  0xfb40, 0xffed, 0x07ff, 0x681f, 0xfb40, 0xffed, 0x07ff, 0x681f, 0xfb40, 0xffee, 0x07de, 0x603f, 0xb261, 0x9203, 0x2940, 0x0000, 
  0xfbe0, 0x07ef, 0x0000, 0x0000, 0xba81, 0xd7ee, 0x07ff, 0x601f, 0xfb40, 0xffed, 0x07ff, 0x681f, 0xfb40, 0xffed, 0x07fc, 0x605f, 
  0x89e3, 0x2800, 0x000f, 0x7800, 0x0000, 0x0000, 0x0000, 0x0000, 0x0000, 0x0000, 0x0000, 0x0000, 0x0000, 0x0000, 0x0000, 0x0000, 
  0x0000, 0x07e0, 0x0000, 0x0000, 0x6144, 0x1eeb, 0x0f5f, 0x681f, 0xfb40, 0xffed, 0x07ff, 0x681f, 0xfb40, 0xffed, 0x07ff, 0x681f, 
  0xfb60, 0xfecb, 0x0ce0, 0x0000, 0xffe0, 0x0000, 0x0000, 0x0000, 0x0000, 0x0000, 0x0000, 0x0000, 0x0000, 0x0000, 0x0000, 0x0000, 
  0x0000, 0x0000, 0x0000, 0x0000, 0x0000, 0x0000, 0x0000, 0x0000, 0x0000, 0x0000, 0x0000, 0x0000, 0x0000, 0x0000, 0x0000, 0x0000, 
  0x0000, 0x07ef, 0x0000, 0x0000, 0xc261, 0x67ed, 0x07ff, 0x681f, 0xfb40, 0xffed, 0x07ff, 0x681f, 0xfb40, 0xffed, 0x07ff, 0x681f, 
  0xba62, 0xfa64, 0x2240, 0x0000, 0x9980, 0x0000, 0x0000, 0x0000, 0x0000, 0x0000, 0x0000, 0x0000, 0x0000, 0x0000, 0x0000, 0x0000, 
  0x0000, 0x0000, 0x0000, 0x0000, 0x0000, 0x0000, 0x0000, 0x0000, 0x0000, 0x0000, 0x0000, 0x0000, 0x0000, 0x0000, 0x0000, 0x0000, 
  0x0000, 0x0000, 0x0000, 0x0000, 0x0000, 0x0000, 0x0000, 0x0000, 0x0000, 0x0000, 0x0000, 0x0000, 0x0000, 0x0000, 0x0000, 0x0000, 
  0x0000, 0x0000, 0x0000, 0x0000, 0x9980, 0x0000, 0x0010, 0x38cf, 0xfb40, 0xffed, 0x07df, 0x681f, 0xfb40, 0xffed, 0x07ff, 0x681f, 
  0xf340, 0xfda9, 0x09a0, 0x0000, 0xaaa0, 0x0000, 0x0000, 0x0000, 0x0000, 0x0000, 0x0000, 0x0000, 0x0000, 0x0000, 0x0000, 0x0000, 
  0x0000, 0x0000, 0x0013, 0x3000, 0x0000, 0x0487, 0x12fe, 0x603f, 0xfb60, 0xffed, 0x07ff, 0x681f, 0xfb40, 0xffed, 0x07df, 0x681f, 
  0xca81, 0x4800, 0x0017, 0x3800, 0x0000, 0x0000, 0x0000, 0x0000, 0xfb40, 0xe7ed, 0x07ff, 0x681f, 0xfb40, 0xffed, 0x07ff, 0x681f, 
  0xfb40, 0xffed, 0x07ff, 0x681f, 0xfb40, 0xffed, 0x07ff, 0x681f, 0xfb40, 0xffed, 0x07ff, 0x681f, 0xfb40, 0xffed, 0x07ff, 0x681f, 
  0xfb40, 0xffed, 0x07ff, 0x681f, 0xfb40, 0xffed, 0x07ff, 0x681f, 0xfb60, 0xffee, 0x07ff, 0x681f, 0xeb00, 0xf569, 0x1736, 0x486a, 
  0x5944, 0x4000, 0x0000, 0x0000, 0xfbe0, 0x07ea, 0x0000, 0x0000, 0x0000, 0x0000, 0x0000, 0x0000, 0x0000, 0x0000, 0x0000, 0x0000, 
  0x0000, 0x0000, 0x0000, 0x0000, 0x0000, 0x0000, 0x0000, 0x0000, 0x0000, 0x0000, 0x0000, 0x0000, 0x0000, 0x0000, 0x0000, 0x0000, 
  0x0000, 0x0000, 0x0000, 0x0000, 0x0000, 0x0000, 0x0000, 0x0000, 0x0000, 0x0000, 0x0000, 0x0000, 0x0000, 0x0000, 0x0000, 0x0000, 
  0x0000, 0x0000, 0x0000, 0x0000, 0x0000, 0x054a, 0x0000, 0x0000, 0x81a2, 0x46cb, 0x07df, 0x681f, 0xfb40, 0xffed, 0x07ff, 0x681f, 
  0xfb40, 0xffed, 0x07ff, 0x681f, 0xfb40, 0xffed, 0x07ff, 0x681f, 0xfb40, 0xffed, 0x07ff, 0x681f, 0xfb60, 0xfe6a, 0x0f75, 0x4066, 
  0x000f, 0x0800, 0xf833, 0x408b, 0xf320, 0xffed, 0x07ff, 0x681f, 0xfb40, 0xffed, 0x07ff, 0x681f, 0xfb40, 0xffed, 0x07f5, 0x4893, 
  0x0000, 0x07ef, 0x0000, 0x0000, 0x0000, 0x0000, 0x0000, 0x0000, 0x0000, 0x0000, 0x0000, 0x0000, 0x0000, 0x0000, 0x0000, 0x0000, 
  0x0000, 0x0000, 0x001f, 0x7800, 0x0000, 0x03e6, 0x1c9e, 0x683f, 0xfb60, 0xffed, 0x07ff, 0x681f, 0xfb40, 0xffed, 0x07ff, 0x681f, 
  0xfb40, 0xffed, 0x07fc, 0x5835, 0x4924, 0x3800, 0x0015, 0x5000, 0x0000, 0x0000, 0x0000, 0x0000, 0x0000, 0x0000, 0x0000, 0x0000, 
  0x0000, 0x0000, 0x0000, 0x0000, 0x0000, 0x0000, 0x0000, 0x0000, 0x0000, 0x0000, 0x0000, 0x0000, 0x0000, 0x0000, 0x0000, 0x0000, 
  0x7800, 0x0000, 0x0007, 0x1145, 0xcac1, 0xffed, 0x07ff, 0x681f, 0xfb40, 0xffed, 0x07ff, 0x681f, 0xfb40, 0xffed, 0x07f9, 0x505f, 
  0x4905, 0x4000, 0x000f, 0x3800, 0x0000, 0x0000, 0x0000, 0x0000, 0x0000, 0x0000, 0x0000, 0x0000, 0x0000, 0x0000, 0x0000, 0x0000, 
  0x0000, 0x0000, 0x0000, 0x0000, 0x0000, 0x0000, 0x0000, 0x0000, 0x0000, 0x0000, 0x0000, 0x0000, 0x0000, 0x0000, 0x0000, 0x0000, 
  0x0000, 0x0000, 0x0000, 0x0000, 0x0000, 0x0000, 0x0000, 0x0000, 0x0000, 0x0000, 0x0000, 0x0000, 0x0000, 0x0000, 0x0000, 0x0000, 
  0x0000, 0x0000, 0x0000, 0x0000, 0x6186, 0x0000, 0x000a, 0x292f, 0xeb01, 0xffed, 0x07df, 0x681f, 0xfb40, 0xffed, 0x07ff, 0x681f, 
  0xfb40, 0xfe8b, 0x09a0, 0x0000, 0xfaa0, 0x0000, 0x0000, 0x0000, 0x0000, 0x0000, 0x0000, 0x0000, 0x0000, 0x0000, 0x0000, 0x0000, 
  0x0000, 0x0000, 0x0013, 0x3000, 0x0000, 0x0487, 0x12fe, 0x603f, 0xfb60, 0xffed, 0x07ff, 0x681f, 0xfb40, 0xffed, 0x07df, 0x681f, 
  0xca81, 0x4800, 0x0017, 0x3800, 0x0000, 0x0000, 0x0000, 0x0000, 0xfb40, 0xe7ed, 0x07ff, 0x681f, 0xfb40, 0xffed, 0x07ff, 0x681f, 
  0xfb40, 0xffed, 0x07ff, 0x681f, 0xfb40, 0xffed, 0x07ff, 0x681f, 0xfb40, 0xffed, 0x07ff, 0x681f, 0xfb40, 0xffed, 0x07ff, 0x681f, 
  0xfb40, 0xffed, 0x07df, 0x681f, 0xfb60, 0xffed, 0x07ff, 0x681f, 0xe301, 0xff4c, 0x0535, 0x4072, 0x58e3, 0x1000, 0xf800, 0x0000, 
  0x0000, 0x05e7, 0x0020, 0x0000, 0x0000, 0x0000, 0x0000, 0x0000, 0x0000, 0x0000, 0x0000, 0x0000, 0x0000, 0x0000, 0x0000, 0x0000, 
  0x0000, 0x0000, 0x0000, 0x0000, 0x0000, 0x0000, 0x0000, 0x0000, 0x0000, 0x0000, 0x0000, 0x0000, 0x0000, 0x0000, 0x0000, 0x0000, 
  0x0000, 0x0000, 0x0000, 0x0000, 0x0000, 0x0000, 0x0000, 0x0000, 0x0000, 0x0000, 0x0000, 0x0000, 0x0000, 0x0000, 0x0000, 0x0000, 
  0x0000, 0x0000, 0x0000, 0x0000, 0x9980, 0x0000, 0x000f, 0x30a9, 0xdae0, 0xffed, 0x07ff, 0x681f, 0xfb40, 0xffed, 0x07ff, 0x681f, 
  0xfb40, 0xffed, 0x07ff, 0x681f, 0xfb40, 0xffed, 0x07ff, 0x681f, 0xfb40, 0xffed, 0x07ff, 0x681f, 0xfb40, 0xffed, 0x07ff, 0x681f, 
  0x9202, 0xf942, 0x2fd8, 0x507f, 0xfb60, 0xffed, 0x07ff, 0x681f, 0xfb40, 0xffed, 0x07ff, 0x601f, 0xfb80, 0xfeec, 0x0ea0, 0x0000, 
  0xffe0, 0x0000, 0x0000, 0x0000, 0x0000, 0x0000, 0x0000, 0x0000, 0x0000, 0x0000, 0x0000, 0x0000, 0x0000, 0x0000, 0x0000, 0x0000, 
  0x0000, 0x0000, 0x0000, 0x0000, 0xfaa0, 0x0000, 0x0017, 0x4872, 0xfb60, 0xffed, 0x07df, 0x681f, 0xfb40, 0xffed, 0x07ff, 0x681f, 
  0xfb40, 0xffed, 0x07df, 0x681f, 0xd2c1, 0xfcc8, 0x12a0, 0x0000, 0xcb20, 0x07ef, 0x0035, 0x5000, 0x0000, 0x0000, 0x0000, 0x0000, 
  0x0000, 0x0000, 0x0000, 0x0000, 0x0000, 0x0000, 0x0000, 0x0000, 0x0000, 0x0000, 0x0000, 0x0000, 0x0000, 0x0000, 0x0000, 0x0000, 
  0xfbe0, 0x0000, 0x0016, 0x4888, 0xfb20, 0xffed, 0x07ff, 0x681f, 0xfb40, 0xffed, 0x07ff, 0x681f, 0xfb40, 0xff4c, 0x07b2, 0x38a9, 
  0x0000, 0x04c6, 0x0020, 0x0000, 0x0000, 0x0000, 0x0000, 0x0000, 0x0000, 0x0000, 0x0000, 0x0000, 0x0000, 0x0000, 0x0000, 0x0000, 
  0x0000, 0x0000, 0x0000, 0x0000, 0x0000, 0x0000, 0x0000, 0x0000, 0x0000, 0x0000, 0x0000, 0x0000, 0x0000, 0x0000, 0x0000, 0x0000, 
  0x0000, 0x0000, 0x0000, 0x0000, 0x0000, 0x0000, 0x0000, 0x0000, 0x0000, 0x0000, 0x0000, 0x0000, 0x0000, 0x0000, 0x0000, 0x0000, 
  0x0000, 0x0000, 0x0000, 0x0000, 0x6186, 0x0000, 0x000a, 0x212f, 0xeb01, 0xffed, 0x07df, 0x681f, 0xfb40, 0xffed, 0x07ff, 0x681f, 
  0xfb40, 0xfeeb, 0x01a0, 0x0000, 0xfaa0, 0x0000, 0x0000, 0x0000, 0x0000, 0x0000, 0x0000, 0x0000, 0x0000, 0x0000, 0x0000, 0x0000, 
  0x0000, 0x0000, 0x0013, 0x3000, 0x0000, 0x0487, 0x12fe, 0x603f, 0xfb60, 0xffed, 0x07ff, 0x681f, 0xfb40, 0xffed, 0x07df, 0x681f, 
  0xca81, 0x4800, 0x0017, 0x3800, 0x0000, 0x0000, 0x0000, 0x0000, 0xfb40, 0xe7ed, 0x07ff, 0x681f, 0xfb40, 0xffed, 0x07ff, 0x681f, 
  0xfb40, 0xffed, 0x07ff, 0x681f, 0xfb40, 0xffed, 0x07df, 0x681f, 0xfb40, 0xffed, 0x07df, 0x681f, 0xfb40, 0xffed, 0x07df, 0x681f, 
  0xfb60, 0xffed, 0x07fd, 0x603e, 0xd2c0, 0xd508, 0x1736, 0x488b, 0x91e2, 0x31c3, 0x1840, 0x0000, 0x0000, 0x0000, 0x0017, 0x3800, 
  0x79e7, 0x0000, 0x0000, 0x0000, 0x0000, 0x0000, 0x0000, 0x0000, 0x0000, 0x0000, 0x0000, 0x0000, 0x0000, 0x0000, 0x0000, 0x0000, 
  0x0000, 0x0000, 0x0000, 0x0000, 0x0000, 0x0000, 0x0000, 0x0000, 0x0000, 0x0000, 0x0000, 0x0000, 0x0000, 0x0000, 0x0000, 0x0000, 
  0x0000, 0x0000, 0x0000, 0x0000, 0x0000, 0x0000, 0x0000, 0x0000, 0x0000, 0x0000, 0x0000, 0x0000, 0x0000, 0x0000, 0x0000, 0x0000, 
  0x0000, 0x0000, 0x0015, 0x5000, 0x0000, 0x0325, 0x227a, 0x585f, 0xfb60, 0xffcc, 0x07ff, 0x681f, 0xfb40, 0xffed, 0x07ff, 0x681f, 
  0xfb40, 0xffed, 0x07df, 0x681f, 0xfb40, 0xffed, 0x07ff, 0x681f, 0xfb40, 0xffed, 0x07ff, 0x681f, 0xfb40, 0xffed, 0x07ff, 0x681f, 
  0xfb60, 0xff4c, 0x07ff, 0x681f, 0xfb40, 0xffed, 0x07ff, 0x681f, 0xfb40, 0xffed, 0x07ff, 0x681f, 0xf320, 0xfd28, 0x1260, 0x0000, 
  0xaaa0, 0x0000, 0x0000, 0x0000, 0x0000, 0x0000, 0x0000, 0x0000, 0x0000, 0x0000, 0x0000, 0x0000, 0x0000, 0x0000, 0x0000, 0x0000, 
  0x0000, 0x0000, 0x0000, 0x0000, 0x0000, 0x05e7, 0x3820, 0x0000, 0xd2c1, 0x97ed, 0x07ff, 0x681f, 0xfb40, 0xffed, 0x07ff, 0x681f, 
  0xfb40, 0xffed, 0x07ff, 0x681f, 0xfb60, 0xff8c, 0x07d8, 0x5072, 0x79a3, 0x2000, 0x001f, 0x7800, 0xb9e0, 0x0000, 0x0000, 0x0000, 
  0x0000, 0x0000, 0x0000, 0x0000, 0x0000, 0x0000, 0x0000, 0x0000, 0x0000, 0x0000, 0x0000, 0x0000, 0x0000, 0x0000, 0x0000, 0x0000, 
  0xfbe0, 0x0000, 0x0016, 0x489a, 0xfb60, 0xffed, 0x07ff, 0x681f, 0xfb40, 0xffed, 0x07ff, 0x681f, 0xfb80, 0xfe4a, 0x0c20, 0x0000, 
  0xb244, 0x0000, 0x0000, 0x0000, 0x0000, 0x0000, 0x0000, 0x0000, 0x0000, 0x0000, 0x0000, 0x0000, 0x0000, 0x0000, 0x0000, 0x0000, 
  0x0000, 0x0000, 0x0000, 0x0000, 0x0000, 0x0000, 0x0000, 0x0000, 0x0000, 0x0000, 0x0000, 0x0000, 0x0000, 0x0000, 0x0000, 0x0000, 
  0x0000, 0x0000, 0x0000, 0x0000, 0x0000, 0x0000, 0x0000, 0x0000, 0x0000, 0x0000, 0x0000, 0x0000, 0x0000, 0x0000, 0x0000, 0x0000, 
  0x0000, 0x0000, 0x0000, 0x0000, 0x6186, 0x0000, 0x0009, 0x212f, 0xeb01, 0xffed, 0x07df, 0x681f, 0xfb40, 0xffed, 0x07ff, 0x681f, 
  0xfb40, 0xfeeb, 0x01a0, 0x0000, 0xfaa0, 0x0000, 0x0000, 0x0000, 0x0000, 0x0000, 0x0000, 0x0000, 0x0000, 0x0000, 0x0000, 0x0000, 
  0x0000, 0x0000, 0x0013, 0x3000, 0x0000, 0x0487, 0x12fe, 0x603f, 0xfb60, 0xffed, 0x07ff, 0x681f, 0xfb40, 0xffed, 0x07df, 0x681f, 
  0xca81, 0x4800, 0x0017, 0x3800, 0x0000, 0x0000, 0x0000, 0x0000, 0xfb40, 0xe7ed, 0x07ff, 0x681f, 0xfb40, 0xffed, 0x07ff, 0x681f, 
  0xfb40, 0xffed, 0x07ff, 0x681f, 0xfb60, 0xffed, 0x07ff, 0x681f, 0xfb60, 0xffed, 0x07fe, 0x601f, 0xe300, 0xfe4a, 0x0ff8, 0x5076, 
  0xdae0, 0x7467, 0x146c, 0x28ea, 0x0000, 0x03e0, 0x7800, 0x0000, 0x0000, 0x05ef, 0x002f, 0x3800, 0x0000, 0x0000, 0x0000, 0x0000, 
  0x0000, 0x0000, 0x0000, 0x0000, 0x0000, 0x0000, 0x0000, 0x0000, 0x0000, 0x0000, 0x0000, 0x0000, 0x0000, 0x0000, 0x0000, 0x0000, 
  0x0000, 0x0000, 0x0000, 0x0000, 0x0000, 0x0000, 0x0000, 0x0000, 0x0000, 0x0000, 0x0000, 0x0000, 0x0000, 0x0000, 0x0000, 0x0000, 
  0x0000, 0x0000, 0x0000, 0x0000, 0x0000, 0x0000, 0x0000, 0x0000, 0x0000, 0x0000, 0x0000, 0x0000, 0x0000, 0x0000, 0x0000, 0x0000, 
  0x0000, 0x04c6, 0x0020, 0x0000, 0x89c2, 0x566b, 0x0fff, 0x681f, 0xfb40, 0xffed, 0x07ff, 0x681f, 0xfb40, 0xffed, 0x07ff, 0x681f, 
  0xfb40, 0xff2c, 0x0ff7, 0x487f, 0xfb60, 0xffed, 0x07ff, 0x681f, 0xfb40, 0xffed, 0x07ff, 0x681f, 0xfb40, 0xffed, 0x07ff, 0x681f, 
  0xfb40, 0xffed, 0x07ff, 0x681f, 0xfb40, 0xffed, 0x07ff, 0x681f, 0xfb40, 0xffed, 0x07df, 0x681f, 0xc281, 0x9000, 0x0019, 0x6000, 
  0x0000, 0x0000, 0x0000, 0x0000, 0x0000, 0x0000, 0x0000, 0x0000, 0x0000, 0x0000, 0x0000, 0x0000, 0x0000, 0x0000, 0x0000, 0x0000, 
  0x0000, 0x0000, 0x0000, 0x0000, 0x0000, 0x03e0, 0x0017, 0x3800, 0x0000, 0x068b, 0x0d9f, 0x701f, 0xfb40, 0xffed, 0x07ff, 0x681f, 
  0xfb40, 0xffed, 0x07ff, 0x681f, 0xfb40, 0xffed, 0x07ff, 0x681f, 0xeb00, 0xed08, 0x1464, 0x1183, 0x0000, 0x0000, 0x0000, 0x0000, 
  0xfbe0, 0x05e7, 0x002f, 0x3800, 0xf800, 0x0000, 0x0000, 0x0000, 0x0000, 0x0000, 0x0000, 0x0000, 0x0000, 0x0000, 0x0000, 0x0000, 
  0xfbe0, 0x0000, 0x001b, 0x583a, 0xfb60, 0xffed, 0x07ff, 0x681f, 0xfb40, 0xffed, 0x07ff, 0x681f, 0xe300, 0xe161, 0x2880, 0x0000, 
  0x0000, 0x0000, 0x0000, 0x0000, 0x0000, 0x0000, 0x0000, 0x0000, 0x0000, 0x0000, 0x0000, 0x0000, 0x0000, 0x0000, 0x0000, 0x0000, 
  0x0000, 0x0000, 0x0000, 0x0000, 0x0000, 0x0000, 0x0000, 0x0000, 0x0000, 0x0000, 0x0000, 0x0000, 0x0000, 0x0000, 0x0000, 0x0000, 
  0x0000, 0x0000, 0x0000, 0x0000, 0x0000, 0x0000, 0x0000, 0x0000, 0x0000, 0x0000, 0x0000, 0x0000, 0x0000, 0x0000, 0x0000, 0x0000, 
  0x0000, 0x0000, 0x0000, 0x0000, 0x6186, 0x0000, 0x000b, 0x292f, 0xeb21, 0xffed, 0x07df, 0x681f, 0xfb40, 0xffed, 0x07ff, 0x681f, 
  0xfb40, 0xfe8b, 0x09a0, 0x0000, 0xaaa0, 0x0000, 0x0000, 0x0000, 0x0000, 0x0000, 0x0000, 0x0000, 0x0000, 0x0000, 0x0000, 0x0000, 
  0x0000, 0x0000, 0x0013, 0x3000, 0x0000, 0x0487, 0x12fe, 0x603f, 0xfb60, 0xffed, 0x07ff, 0x681f, 0xfb40, 0xffed, 0x07df, 0x681f, 
  0xca81, 0x4800, 0x0017, 0x3800, 0x0000, 0x0000, 0x0000, 0x0000, 0xfb40, 0xe7ed, 0x07ff, 0x681f, 0xfb40, 0xffed, 0x07ff, 0x681f, 
  0xfb40, 0xff6d, 0x07bf, 0x6819, 0xfb00, 0xceeb, 0x0677, 0x4879, 0x8a03, 0xdc67, 0x1c5f, 0x7003, 0x91e3, 0x2a03, 0x2140, 0x09e2, 
  0x0000, 0x0000, 0x0000, 0x0000, 0x0000, 0x0000, 0x001f, 0xa800, 0xb9e0, 0x0000, 0x0000, 0x0000, 0x0000, 0x0000, 0x0000, 0x0000, 
  0x0000, 0x0000, 0x0000, 0x0000, 0x0000, 0x0000, 0x0000, 0x0000, 0x0000, 0x0000, 0x0000, 0x0000, 0x0000, 0x0000, 0x0000, 0x0000, 
  0x0000, 0x0000, 0x0000, 0x0000, 0x0000, 0x0000, 0x0000, 0x0000, 0x0000, 0x0000, 0x0000, 0x0000, 0x0000, 0x0000, 0x0000, 0x0000, 
  0x0000, 0x0000, 0x0000, 0x0000, 0x0000, 0x0000, 0x0000, 0x0000, 0x0000, 0x0000, 0x0000, 0x0000, 0x0000, 0x0000, 0x0000, 0x0000, 
  0xc980, 0x0000, 0x0010, 0x3889, 0xdae0, 0xffed, 0x07ff, 0x601f, 0xfb40, 0xffed, 0x07ff, 0x681f, 0xfb40, 0xffed, 0x07ff, 0x681f, 
  0xfb40, 0xfc47, 0x1ce0, 0x0301, 0xca80, 0x6f6c, 0x07ff, 0x681f, 0xfb40, 0xffed, 0x07ff, 0x681f, 0xfb40, 0xffed, 0x07ff, 0x681f, 
  0xfb40, 0xffed, 0x07ff, 0x681f, 0xfb40, 0xffed, 0x07ff, 0x681f, 0xfb40, 0xffed, 0x07fa, 0x585d, 0x38a5, 0x1000, 0x0000, 0x0000, 
  0x0000, 0x0000, 0x0000, 0x0000, 0x0000, 0x0000, 0x0000, 0x0000, 0x0000, 0x0000, 0x0000, 0x0000, 0x0000, 0x0000, 0x0000, 0x0000, 
  0x0000, 0x0000, 0x0000, 0x0000, 0x0000, 0x0000, 0x000f, 0x0000, 0x0000, 0x0183, 0x29da, 0x5854, 0xfb80, 0xffed, 0x07df, 0x681f, 
  0xfb40, 0xffed, 0x07ff, 0x681f, 0xfb40, 0xffed, 0x07ff, 0x681f, 0xfb60, 0xffed, 0x07fb, 0x585d, 0xaa41, 0x92e5, 0x20a0, 0x0000, 
  0xf800, 0x0000, 0x0000, 0x0000, 0xfd40, 0x07ef, 0x0037, 0x3800, 0x79e0, 0x03e7, 0x002f, 0x3800, 0x79e0, 0x05e7, 0x0036, 0x4800, 
  0x0000, 0x0365, 0x1a1c, 0x583f, 0xfb60, 0xffed, 0x07ff, 0x681f, 0xfb40, 0xffed, 0x07ff, 0x681f, 0xd2c0, 0xd800, 0x001f, 0xf800, 
  0x0000, 0x0000, 0x0000, 0x0000, 0x0000, 0x0000, 0x0000, 0x0000, 0x0000, 0x0000, 0x0000, 0x0000, 0x0000, 0x0000, 0x0000, 0x0000, 
  0x0000, 0x0000, 0x0000, 0x0000, 0x0000, 0x0000, 0x0000, 0x0000, 0x0000, 0x0000, 0x0000, 0x0000, 0x0000, 0x0000, 0x0000, 0x0000, 
  0x0000, 0x0000, 0x0000, 0x0000, 0x0000, 0x0000, 0x0000, 0x0000, 0x0000, 0x0000, 0x0000, 0x0000, 0x0000, 0x0000, 0x0000, 0x0000, 
  0x0000, 0x0000, 0x0000, 0x0000, 0x9980, 0x0000, 0x0013, 0x408f, 0xfb40, 0xffed, 0x07df, 0x681f, 0xfb40, 0xffed, 0x07ff, 0x681f, 
  0xf320, 0xfd89, 0x11a0, 0x0000, 0xaaa0, 0x0000, 0x0000, 0x0000, 0x0000, 0x0000, 0x0000, 0x0000, 0x0000, 0x0000, 0x0000, 0x0000, 
  0x0000, 0x0000, 0x0013, 0x3000, 0x0000, 0x0487, 0x12fe, 0x603f, 0xfb60, 0xffed, 0x07ff, 0x681f, 0xfb40, 0xffed, 0x07df, 0x681f, 
  0xca81, 0x4800, 0x0017, 0x3800, 0x0000, 0x0000, 0x0000, 0x0000, 0xfb40, 0xe7ed, 0x07ff, 0x681f, 0xfb40, 0xffed, 0x07ff, 0x681f, 
  0xf340, 0xfbe7, 0x1b60, 0x0000, 0xfbe0, 0x0000, 0x0000, 0x0000, 0x0000, 0x0000, 0x0000, 0x0000, 0x0000, 0x0000, 0x001f, 0x7800, 
  0xb9e0, 0x03e7, 0x002a, 0x5000, 0x0000, 0x0000, 0x0000, 0x0000, 0x0000, 0x0000, 0x0000, 0x0000, 0x0000, 0x0000, 0x0000, 0x0000, 
  0x0000, 0x0000, 0x0000, 0x0000, 0x0000, 0x0000, 0x0000, 0x0000, 0x0000, 0x0000, 0x0000, 0x0000, 0x0000, 0x0000, 0x0000, 0x0000, 
  0x0000, 0x0000, 0x0000, 0x0000, 0x0000, 0x0000, 0x0000, 0x0000, 0x0000, 0x0000, 0x0000, 0x0000, 0x0000, 0x0000, 0x0000, 0x0000, 
  0x0000, 0x0000, 0x0000, 0x0000, 0x0000, 0x0000, 0x0000, 0x0000, 0x0000, 0x0000, 0x0000, 0x0000, 0x0000, 0x0000, 0x0019, 0x3000, 
  0x0000, 0x04c8, 0x125b, 0x583f, 0xfb60, 0xffec, 0x07ff, 0x681f, 0xfb40, 0xffed, 0x07ff, 0x681f, 0xfb40, 0xffed, 0x07de, 0x683f, 
  0x9202, 0xa000, 0x001f, 0x7800, 0x0000, 0x0386, 0x1a39, 0x5057, 0xfb40, 0xffed, 0x07df, 0x681f, 0xfb40, 0xffed, 0x07ff, 0x681f, 
  0xfb40, 0xffed, 0x07ff, 0x681f, 0xfb40, 0xffed, 0x07ff, 0x681f, 0xfb40, 0xffac, 0x07f0, 0x38d1, 0x0000, 0x07ef, 0x0000, 0x0000, 
  0x0000, 0x0000, 0x0000, 0x0000, 0x0000, 0x0000, 0x0000, 0x0000, 0x0000, 0x0000, 0x0000, 0x0000, 0x0000, 0x0000, 0x0000, 0x0000, 
  0x0000, 0x0000, 0x0000, 0x0000, 0x0000, 0x0000, 0x0000, 0x0000, 0x7800, 0x054a, 0x0000, 0x0000, 0xdae1, 0x97ed, 0x07ff, 0x681f, 
  0xfb40, 0xffed, 0x07ff, 0x681f, 0xfb40, 0xffed, 0x07ff, 0x681f, 0xfb40, 0xffed, 0x07df, 0x681f, 0xfb60, 0xff2c, 0x0756, 0x487c, 
  0xc281, 0x5528, 0x11e9, 0x1909, 0x1865, 0x1000, 0x0000, 0x0000, 0x0000, 0x0000, 0x0000, 0x0000, 0x0000, 0x0000, 0x0013, 0x3000, 
  0x0000, 0x04c8, 0x1bbf, 0x683f, 0xfb40, 0xffed, 0x07ff, 0x681f, 0xfb40, 0xffed, 0x07ff, 0x681f, 0xeb00, 0xd800, 0x001f, 0x0000, 
  0x0000, 0x0000, 0x0000, 0x0000, 0x0000, 0x0000, 0x0000, 0x0000, 0x0000, 0x0000, 0x0000, 0x0000, 0x0000, 0x0000, 0x0000, 0x0000, 
  0x0000, 0x0000, 0x0000, 0x0000, 0x0000, 0x0000, 0x0000, 0x0000, 0x0000, 0x0000, 0x0000, 0x0000, 0x0000, 0x0000, 0x0000, 0x0000, 
  0x0000, 0x0000, 0x0000, 0x0000, 0x0000, 0x0000, 0x0000, 0x0000, 0x0000, 0x0000, 0x0000, 0x0000, 0x0000, 0x0000, 0x0000, 0x0000, 
  0x0000, 0x0000, 0x0000, 0x0000, 0xffe0, 0x0000, 0x0017, 0x4853, 0xfb60, 0xffed, 0x07df, 0x681f, 0xfb40, 0xffed, 0x07ff, 0x681f, 
  0xe301, 0xfc67, 0x19a0, 0x0000, 0xaaa0, 0x0000, 0x0000, 0x0000, 0x0000, 0x0000, 0x0000, 0x0000, 0x0000, 0x0000, 0x0000, 0x0000, 
  0x0000, 0x0000, 0x0013, 0x3000, 0x0000, 0x04e7, 0x12ff, 0x603f, 0xfb60, 0xffed, 0x07ff, 0x681f, 0xfb40, 0xffed, 0x07df, 0x681f, 
  0xca81, 0x4800, 0x0017, 0x3800, 0x0000, 0x0000, 0x0000, 0x0000, 0xfb40, 0xe7ed, 0x07ff, 0x681f, 0xfb40, 0xffed, 0x07ff, 0x681f, 
  0xf340, 0xfe6b, 0x0940, 0x0000, 0xfbe0, 0x07ef, 0x003f, 0x7800, 0xfbe0, 0x07ef, 0x0037, 0x3800, 0xb9e0, 0x03e7, 0x002f, 0x0000, 
  0x0000, 0x0000, 0x0000, 0x0000, 0x0000, 0x0000, 0x0000, 0x0000, 0x0000, 0x0000, 0x0000, 0x0000, 0x0000, 0x0000, 0x0000, 0x0000, 
  0x0000, 0x0000, 0x0000, 0x0000, 0x0000, 0x0000, 0x0000, 0x0000, 0x0000, 0x0000, 0x0000, 0x0000, 0x0000, 0x0000, 0x0000, 0x0000, 
  0x0000, 0x0000, 0x0000, 0x0000, 0x0000, 0x0000, 0x0000, 0x0000, 0x0000, 0x0000, 0x0000, 0x0000, 0x0000, 0x0000, 0x0000, 0x0000, 
  0x0000, 0x0000, 0x0000, 0x0000, 0x0000, 0x0000, 0x0000, 0x0000, 0x0000, 0x0000, 0x0000, 0x0000, 0x7800, 0x07ea, 0x0000, 0x0000, 
  0xb241, 0x572b, 0x07df, 0x681f, 0xfb20, 0xffed, 0x07ff, 0x681f, 0xfb40, 0xffed, 0x07ff, 0x681f, 0xfb40, 0xffcd, 0x07f3, 0x4093, 
  0x0000, 0x07ef, 0x002c, 0x3000, 0xcb20, 0x0000, 0x0003, 0x00e1, 0x81c3, 0x9f0c, 0x0f3f, 0x701f, 0xfb40, 0xffed, 0x07ff, 0x681f, 
  0xfb40, 0xffed, 0x07ff, 0x681f, 0xfb40, 0xffed, 0x07ff, 0x681f, 0xfb80, 0xfecb, 0x0d80, 0x0000, 0xcb20, 0x0000, 0x0000, 0x0000, 
  0x0000, 0x0000, 0x0000, 0x0000, 0x0000, 0x0000, 0x0000, 0x0000, 0x0000, 0x0000, 0x0000, 0x0000, 0x0000, 0x0000, 0x0000, 0x0000, 
  0x0000, 0x0000, 0x0000, 0x0000, 0x0000, 0x0000, 0x0000, 0x0000, 0x0000, 0x02aa, 0x5017, 0x7800, 0x0000, 0x05ea, 0x0cbf, 0x683f, 
  0xfb60, 0xffed, 0x07ff, 0x681f, 0xfb40, 0xffed, 0x07ff, 0x681f, 0xfb40, 0xffed, 0x07ff, 0x681f, 0xfb40, 0xffed, 0x07ff, 0x681f, 
  0xfb60, 0xffac, 0x07fb, 0x587f, 0xeb00, 0xbfcc, 0x051a, 0x5015, 0xaa21, 0xa4a8, 0x1532, 0x38b4, 0xa222, 0xa5a9, 0x0d3b, 0x5815, 
  0xfb20, 0xa78c, 0x067f, 0x681f, 0xfb40, 0xffed, 0x07ff, 0x681f, 0xfb40, 0xffed, 0x07ff, 0x681f, 0xf320, 0xe000, 0xf800, 0x0000, 
  0x0000, 0x0000, 0x0000, 0x0000, 0x0000, 0x0000, 0x0000, 0x0000, 0x0000, 0x0000, 0x0000, 0x0000, 0x0000, 0x0000, 0x0000, 0x0000, 
  0x0000, 0x0000, 0x0000, 0x0000, 0x0000, 0x0000, 0x0000, 0x0000, 0x0000, 0x0000, 0x0000, 0x0000, 0x0000, 0x0000, 0x0000, 0x0000, 
  0x0000, 0x0000, 0x0000, 0x0000, 0x0000, 0x0000, 0x0000, 0x0000, 0x0000, 0x0000, 0x0000, 0x0000, 0x0000, 0x0000, 0x0000, 0x0000, 
  0x0000, 0x0000, 0x000f, 0x0000, 0x0000, 0x02e4, 0x2119, 0x587f, 0xfb60, 0xffed, 0x07ff, 0x681f, 0xfb40, 0xffed, 0x07ff, 0x701f, 
  0xdae0, 0xb800, 0xb820, 0x0000, 0x0000, 0x0000, 0x0000, 0x0000, 0x0000, 0x0000, 0x0000, 0x0000, 0x0000, 0x0000, 0x0000, 0x0000, 
  0x0000, 0x0000, 0x0013, 0x3000, 0x0000, 0x0508, 0x12ff, 0x683f, 0xfb60, 0xffed, 0x07ff, 0x681f, 0xfb40, 0xffed, 0x07df, 0x681f, 
  0xca81, 0x4800, 0x0017, 0x3800, 0x0000, 0x0000, 0x0000, 0x0000, 0xfb40, 0xe7ed, 0x07ff, 0x681f, 0xfb40, 0xffed, 0x07ff, 0x681f, 
  0xf340, 0xfe2a, 0x0960, 0x0000, 0xfbe0, 0x0000, 0x0000, 0x0000, 0x0000, 0x0000, 0x0000, 0x0000, 0x0000, 0x0000, 0x0000, 0x0000, 
  0x0000, 0x0000, 0x0000, 0x0000, 0x0000, 0x0000, 0x0000, 0x0000, 0x0000, 0x0000, 0x0000, 0x0000, 0x0000, 0x0000, 0x0000, 0x0000, 
  0x0000, 0x0000, 0x0000, 0x0000, 0x0000, 0x0000, 0x0000, 0x0000, 0x0000, 0x0000, 0x0000, 0x0000, 0x0000, 0x0000, 0x0000, 0x0000, 
  0x0000, 0x0000, 0x0000, 0x0000, 0x0000, 0x0000, 0x0000, 0x0000, 0x0000, 0x0000, 0x0000, 0x0000, 0x0000, 0x0000, 0x0000, 0x0000, 
  0x0000, 0x0000, 0x0000, 0x0000, 0x0000, 0x0000, 0x0000, 0x0000, 0x0000, 0x0000, 0x0000, 0x0000, 0xcb20, 0x0000, 0x001a, 0x5849, 
  0xfb40, 0xffed, 0x07ff, 0x601f, 0xfb40, 0xffed, 0x07ff, 0x681f, 0xfb40, 0xffed, 0x07ff, 0x681f, 0xfb60, 0xfd68, 0x0d00, 0x0000, 
  0xfaa0, 0x07e0, 0x0000, 0x0000, 0x0000, 0x054a, 0x0017, 0x3800, 0x0000, 0x0366, 0x195a, 0x5030, 0xfb40, 0xffee, 0x07ff, 0x681f, 
  0xfb40, 0xffed, 0x07ff, 0x681f, 0xfb40, 0xffed, 0x07ff, 0x681f, 0xe2e0, 0xf325, 0x19e0, 0x0000, 0x7800, 0x0000, 0x0000, 0x0000, 
  0x0000, 0x0000, 0x0000, 0x0000, 0x0000, 0x0000, 0x0000, 0x0000, 0x0000, 0x0000, 0x0000, 0x0000, 0x0000, 0x0000, 0x0000, 0x0000, 
  0x0000, 0x0000, 0x0000, 0x0000, 0x0000, 0x0000, 0x0000, 0x0000, 0x0000, 0x0000, 0x0000, 0x0000, 0xf9e0, 0x0000, 0x0012, 0x40b2, 
  0xe301, 0xffed, 0x07ff, 0x681f, 0xfb40, 0xffed, 0x07ff, 0x681f, 0xfb40, 0xffed, 0x07ff, 0x681f, 0xfb40, 0xffed, 0x07ff, 0x681f, 
  0xfb40, 0xffed, 0x07df, 0x681f, 0xfb80, 0xffee, 0x07ff, 0x681f, 0xfb60, 0xffed, 0x07ff, 0x681f, 0xfb60, 0xffed, 0x07ff, 0x701f, 
  0xfb80, 0xffed, 0x07ff, 0x681f, 0xfb40, 0xffed, 0x07ff, 0x681f, 0xfb40, 0xffed, 0x07ff, 0x681f, 0xf320, 0xfba6, 0x1be0, 0x0000, 
  0x6180, 0x0000, 0x0000, 0x0000, 0x0000, 0x0000, 0x0000, 0x0000, 0x0000, 0x0000, 0x0000, 0x0000, 0x0000, 0x0000, 0x0000, 0x0000, 
  0x0000, 0x0000, 0x0000, 0x0000, 0x0000, 0x0000, 0x0000, 0x0000, 0x0000, 0x0000, 0x0000, 0x0000, 0x0000, 0x0000, 0x0000, 0x0000, 
  0x0000, 0x0000, 0x0000, 0x0000, 0x0000, 0x0000, 0x0000, 0x0000, 0x0000, 0x0000, 0x0000, 0x0000, 0x0000, 0x0000, 0x0000, 0x0000, 
  0x0000, 0x0000, 0x0015, 0x5000, 0x0000, 0x0569, 0x0adf, 0x681f, 0xfb40, 0xffed, 0x07ff, 0x681f, 0xfb40, 0xffed, 0x07df, 0x681f, 
  0xd2c1, 0x9000, 0x0019, 0x6000, 0x0000, 0x0000, 0x0000, 0x0000, 0x0000, 0x0000, 0x0000, 0x0000, 0x0000, 0x0000, 0x0000, 0x0000, 
  0x0000, 0x0000, 0x0013, 0x3000, 0x0000, 0x0508, 0x12ff, 0x683f, 0xfb60, 0xffed, 0x07ff, 0x681f, 0xfb40, 0xffed, 0x07df, 0x681f, 
  0xca81, 0x4800, 0x0017, 0x3800, 0x0000, 0x0000, 0x0000, 0x0000, 0xfb40, 0xe7ed, 0x07ff, 0x681f, 0xfb40, 0xffed, 0x07ff, 0x681f, 
  0xf340, 0xfe6b, 0x0940, 0x0000, 0xfbe0, 0x0000, 0x0000, 0x0000, 0x0000, 0x0000, 0x0000, 0x0000, 0x0000, 0x0000, 0x0000, 0x0000, 
  0x0000, 0x0000, 0x0000, 0x0000, 0x0000, 0x0000, 0x0000, 0x0000, 0x0000, 0x0000, 0x0000, 0x0000, 0x0000, 0x0000, 0x0000, 0x0000, 
  0x0000, 0x0000, 0x0000, 0x0000, 0x0000, 0x0000, 0x0000, 0x0000, 0x0000, 0x0000, 0x0000, 0x0000, 0x0000, 0x0000, 0x0000, 0x0000, 
  0x0000, 0x0000, 0x0000, 0x0000, 0x0000, 0x0000, 0x0000, 0x0000, 0x0000, 0x0000, 0x0000, 0x0000, 0x0000, 0x0000, 0x0000, 0x0000, 
  0x0000, 0x0000, 0x0000, 0x0000, 0x0000, 0x0000, 0x0000, 0x0000, 0x0000, 0x054a, 0x0000, 0x0000, 0x0867, 0x1467, 0x169e, 0x681f, 
  0xfb60, 0xffed, 0x07ff, 0x681f, 0xfb40, 0xffed, 0x07ff, 0x681f, 0xfb40, 0xffed, 0x07df, 0x683f, 0xb241, 0x9800, 0x0017, 0x3800, 
  0x0000, 0x0000, 0x0000, 0x0000, 0x0000, 0x0000, 0x0000, 0x0000, 0x79e7, 0x05e7, 0x0020, 0x0000, 0x99e2, 0x6f2c, 0x069f, 0x681f, 
  0xfb60, 0xffed, 0x07ff, 0x681f, 0xfb40, 0xffed, 0x07df, 0x683f, 0xc282, 0x5800, 0x0017, 0x3800, 0x0000, 0x0000, 0x0000, 0x0000, 
  0x0000, 0x0000, 0x0000, 0x0000, 0x0000, 0x0000, 0x0000, 0x0000, 0x0000, 0x0000, 0x0000, 0x0000, 0x0000, 0x0000, 0x0000, 0x0000, 
  0x0000, 0x0000, 0x0000, 0x0000, 0x0000, 0x0000, 0x0000, 0x0000, 0x0000, 0x0000, 0x0000, 0x0000, 0xf800, 0x0000, 0x0000, 0x0161, 
  0x6184, 0x45c9, 0x0e7e, 0x681f, 0xfb60, 0xffed, 0x07ff, 0x681f, 0xfb40, 0xffed, 0x07ff, 0x681f, 0xfb40, 0xffed, 0x07ff, 0x681f, 
  0xfb40, 0xffed, 0x07ff, 0x681f, 0xfb40, 0xffed, 0x07df, 0x681f, 0xfb40, 0xffed, 0x07df, 0x681f, 0xfb40, 0xffed, 0x07df, 0x681f, 
  0xfb40, 0xffed, 0x07ff, 0x681f, 0xfb40, 0xffed, 0x07ff, 0x681f, 0xfb40, 0xffed, 0x07ff, 0x681f, 0xfb60, 0xfce8, 0x1420, 0x0000, 
  0x9980, 0x0000, 0x0000, 0x0000, 0x0000, 0x0000, 0x0000, 0x0000, 0x0000, 0x0000, 0x0000, 0x0000, 0x0000, 0x0000, 0x0000, 0x0000, 
  0x0000, 0x0000, 0x0000, 0x0000, 0x0000, 0x0000, 0x0000, 0x0000, 0x0000, 0x0000, 0x0000, 0x0000, 0x0000, 0x0000, 0x0000, 0x0000, 
  0x0000, 0x0000, 0x0000, 0x0000, 0x0000, 0x0000, 0x0000, 0x0000, 0x0000, 0x0000, 0x0000, 0x0000, 0x0000, 0x0000, 0x0000, 0x0000, 
  0x0000, 0x0000, 0x001f, 0xf800, 0x0000, 0x072b, 0x065f, 0x681f, 0xfb40, 0xffed, 0x07ff, 0x681f, 0xfb40, 0xffed, 0x07df, 0x683f, 
  0x81c2, 0x8800, 0x000f, 0x3800, 0x0000, 0x0000, 0x0000, 0x0000, 0x0000, 0x0000, 0x0000, 0x0000, 0x0000, 0x0000, 0x0000, 0x0000, 
  0x0000, 0x0000, 0x0013, 0x3000, 0x0000, 0x0508, 0x12ff, 0x683f, 0xfb60, 0xffed, 0x07ff, 0x681f, 0xfb40, 0xffed, 0x07df, 0x681f, 
  0xca81, 0x4800, 0x0017, 0x3800, 0x0000, 0x0000, 0x0000, 0x0000, 0xfb40, 0xe7ed, 0x07ff, 0x681f, 0xfb40, 0xffed, 0x07ff, 0x681f, 
  0xf340, 0xfe6b, 0x0940, 0x0000, 0xfbe0, 0x0000, 0x0000, 0x0000, 0x0000, 0x0000, 0x0000, 0x0000, 0x0000, 0x0000, 0x0000, 0x0000, 
  0x0000, 0x0000, 0x0000, 0x0000, 0x0000, 0x0000, 0x0000, 0x0000, 0x0000, 0x0000, 0x0000, 0x0000, 0x0000, 0x0000, 0x0000, 0x0000, 
  0x0000, 0x0000, 0x0000, 0x0000, 0x0000, 0x0000, 0x0000, 0x0000, 0x0000, 0x0000, 0x0000, 0x0000, 0x0000, 0x0000, 0x0000, 0x0000, 
  0x0000, 0x0000, 0x0000, 0x0000, 0x0000, 0x0000, 0x0000, 0x0000, 0x0000, 0x0000, 0x0000, 0x0000, 0x0000, 0x0000, 0x0000, 0x0000, 
  0x0000, 0x0000, 0x0000, 0x0000, 0x0000, 0x0000, 0x0000, 0x0000, 0x0000, 0x0000, 0x000b, 0x28e2, 0xba61, 0xcfed, 0x07ff, 0x681f, 
  0xfb40, 0xffed, 0x07ff, 0x681f, 0xfb40, 0xffed, 0x07ff, 0x681f, 0xfb60, 0xffcd, 0x07f3, 0x4094, 0x0000, 0x07ef, 0x001f, 0x0000, 
  0x0000, 0x0000, 0x0000, 0x0000, 0x0000, 0x0000, 0x0000, 0x0000, 0x0000, 0x02aa, 0x001f, 0x7800, 0x0000, 0x0589, 0x1073, 0x4098, 
  0xeb20, 0xffee, 0x07ff, 0x681f, 0xfb40, 0xffed, 0x07f9, 0x507a, 0x0007, 0x0800, 0x0000, 0x0000, 0x0000, 0x0000, 0x0000, 0x0000, 
  0x0000, 0x0000, 0x0000, 0x0000, 0x0000, 0x0000, 0x0000, 0x0000, 0x0000, 0x0000, 0x0000, 0x0000, 0x0000, 0x0000, 0x0000, 0x0000, 
  0x0000, 0x0000, 0x0000, 0x0000, 0x0000, 0x0000, 0x0000, 0x0000, 0x0000, 0x0000, 0x0000, 0x0000, 0x0000, 0x0000, 0x000a, 0x5000, 
  0xaaa0, 0x0000, 0x0016, 0x486a, 0xd2c1, 0xffed, 0x07ff, 0x681f, 0xfb40, 0xffed, 0x07ff, 0x681f, 0xfb40, 0xffed, 0x07ff, 0x681f, 
  0xfb40, 0xffed, 0x07ff, 0x681f, 0xfb40, 0xffed, 0x07ff, 0x681f, 0xfb40, 0xffed, 0x07ff, 0x681f, 0xfb40, 0xffed, 0x07ff, 0x681f, 
  0xfb40, 0xffed, 0x07ff, 0x681f, 0xfb40, 0xffed, 0x07ff, 0x681f, 0xfb40, 0xffed, 0x07ff, 0x681f, 0xfb60, 0xfe8a, 0x0420, 0x0000, 
  0xcb20, 0x0000, 0x0000, 0x0000, 0x0000, 0x0000, 0x0000, 0x0000, 0x0000, 0x0000, 0x0000, 0x0000, 0x0000, 0x0000, 0x0000, 0x0000, 
  0x0000, 0x0000, 0x0000, 0x0000, 0x0000, 0x0000, 0x0000, 0x0000, 0x0000, 0x0000, 0x0000, 0x0000, 0x0000, 0x0000, 0x0000, 0x0000, 
  0x0000, 0x0000, 0x0000, 0x0000, 0x0000, 0x0000, 0x0000, 0x0000, 0x0000, 0x0000, 0x0000, 0x0000, 0x0000, 0x0000, 0x0000, 0x0000, 
  0x0000, 0x07ea, 0x0000, 0x0000, 0xb241, 0xa7ed, 0x07ff, 0x681f, 0xfb40, 0xffed, 0x07ff, 0x681f, 0xfb40, 0xffed, 0x07fc, 0x603c, 
  0x000f, 0x0000, 0x0000, 0x0000, 0x0000, 0x0000, 0x0000, 0x0000, 0x0000, 0x0000, 0x0000, 0x0000, 0x0000, 0x0000, 0x0000, 0x0000, 
  0x0000, 0x0000, 0x0013, 0x3000, 0x0000, 0x0508, 0x12ff, 0x683f, 0xfb60, 0xffed, 0x07ff, 0x681f, 0xfb40, 0xffed, 0x07df, 0x681f, 
  0xca81, 0x4800, 0x0017, 0x3800, 0x0000, 0x0000, 0x0000, 0x0000, 0xfb40, 0xe7ed, 0x07ff, 0x681f, 0xfb40, 0xffed, 0x07ff, 0x681f, 
  0xf340, 0xfe6b, 0x0940, 0x0000, 0xfbe0, 0x0000, 0x0000, 0x0000, 0x0000, 0x0000, 0x0000, 0x0000, 0x0000, 0x0000, 0x0000, 0x0000, 
  0x0000, 0x0000, 0x0000, 0x0000, 0x0000, 0x0000, 0x0000, 0x0000, 0x0000, 0x0000, 0x0000, 0x0000, 0x0000, 0x0000, 0x0000, 0x0000, 
  0x0000, 0x0000, 0x0000, 0x0000, 0x0000, 0x0000, 0x0000, 0x0000, 0x0000, 0x0000, 0x0000, 0x0000, 0x0000, 0x0000, 0x0000, 0x0000, 
  0x0000, 0x0000, 0x0000, 0x0000, 0x0000, 0x0000, 0x0000, 0x0000, 0x0000, 0x0000, 0x0000, 0x0000, 0x0000, 0x0000, 0x0000, 0x0000, 
  0x0000, 0x0000, 0x0000, 0x0000, 0x0000, 0x0000, 0x000f, 0x7800, 0x0000, 0x064a, 0x089b, 0x583a, 0xfb60, 0xffed, 0x07df, 0x681f, 
  0xfb40, 0xffed, 0x07ff, 0x681f, 0xfb40, 0xffed, 0x07ff, 0x681f, 0xfb40, 0xfce8, 0x14e0, 0x0000, 0xf9e0, 0x0000, 0x0000, 0x0000, 
  0x0000, 0x0000, 0x0000, 0x0000, 0x0000, 0x0000, 0x0000, 0x0000, 0x0000, 0x0000, 0x0000, 0x0000, 0xaaa0, 0x06aa, 0x0020, 0x0000, 
  0xa222, 0x362a, 0x0fbf, 0x681f, 0xfb80, 0xff4c, 0x0fed, 0x30ee, 0x0000, 0x054a, 0x0000, 0x0000, 0x0000, 0x0000, 0x0000, 0x0000, 
  0x0000, 0x0000, 0x0000, 0x0000, 0x0000, 0x0000, 0x0000, 0x0000, 0x0000, 0x0000, 0x0000, 0x0000, 0x0000, 0x0000, 0x0000, 0x0000, 
  0x0000, 0x0000, 0x0000, 0x0000, 0x0000, 0x0000, 0x0000, 0x0000, 0x0000, 0x0000, 0x0000, 0x0000, 0x0000, 0x0000, 0x0000, 0x0000, 
  0x79e7, 0x07ff, 0x0000, 0x02a0, 0x30a4, 0x2508, 0x14fa, 0x585e, 0xfb40, 0xffed, 0x07ff, 0x681f, 0xfb40, 0xffed, 0x07df, 0x681f, 
  0xfb40, 0xffed, 0x07ff, 0x681f, 0xfb40, 0xffed, 0x07ff, 0x681f, 0xfb40, 0xffed, 0x07ff, 0x681f, 0xfb40, 0xffed, 0x07ff, 0x681f, 
  0xfb40, 0xffed, 0x07ff, 0x681f, 0xfb40, 0xffed, 0x07ff, 0x681f, 0xfb40, 0xffed, 0x07ff, 0x681f, 0xfb80, 0xff8c, 0x0420, 0x0000, 
  0xfb20, 0x0000, 0x0000, 0x0000, 0x0000, 0x0000, 0x0000, 0x0000, 0x0000, 0x0000, 0x0000, 0x0000, 0x0000, 0x0000, 0x0000, 0x0000, 
  0x0000, 0x0000, 0x0000, 0x0000, 0x0000, 0x0000, 0x0000, 0x0000, 0x0000, 0x0000, 0x0000, 0x0000, 0x0000, 0x0000, 0x0000, 0x0000, 
  0x0000, 0x0000, 0x0000, 0x0000, 0x0000, 0x0000, 0x0000, 0x0000, 0xb9e0, 0x03e7, 0x002f, 0x3800, 0xb9e0, 0x07ef, 0x0039, 0x6000, 
  0xfbe0, 0x0000, 0x0010, 0x38d4, 0xf340, 0xffed, 0x07ff, 0x681f, 0xfb40, 0xffed, 0x07ff, 0x681f, 0xfb20, 0xffee, 0x07fc, 0x602d, 
  0x0000, 0x07ea, 0x0000, 0x0000, 0x0000, 0x0000, 0x0000, 0x0000, 0x0000, 0x0000, 0x0000, 0x0000, 0x0000, 0x0000, 0x0000, 0x0000, 
  0x0000, 0x0000, 0x0013, 0x3000, 0x0000, 0x0508, 0x12ff, 0x683f, 0xfb60, 0xffed, 0x07ff, 0x681f, 0xfb40, 0xffed, 0x07df, 0x681f, 
  0xca81, 0x4800, 0x0017, 0x3800, 0x0000, 0x0000, 0x0000, 0x0000, 0xfb40, 0xe7ed, 0x07ff, 0x681f, 0xfb40, 0xffed, 0x07ff, 0x681f, 
  0xf340, 0xfe6b, 0x0940, 0x0000, 0xfbe0, 0x0000, 0x0000, 0x0000, 0x0000, 0x0000, 0x0000, 0x0000, 0x0000, 0x0000, 0x0000, 0x0000, 
  0x0000, 0x0000, 0x0000, 0x0000, 0x0000, 0x0000, 0x0000, 0x0000, 0x0000, 0x0000, 0x0000, 0x0000, 0x0000, 0x0000, 0x0000, 0x0000, 
  0x0000, 0x0000, 0x0000, 0x0000, 0x0000, 0x0000, 0x0000, 0x0000, 0x0000, 0x0000, 0x0000, 0x0000, 0x0000, 0x0000, 0x0000, 0x0000, 
  0x0000, 0x0000, 0x0000, 0x0000, 0x0000, 0x0000, 0x0000, 0x0000, 0x0000, 0x0000, 0x0000, 0x0000, 0x0000, 0x0000, 0x0000, 0x0000, 
  0x0000, 0x0000, 0x0000, 0x0000, 0x0000, 0x03e7, 0x0020, 0x0000, 0x81c2, 0x770c, 0x075f, 0x681f, 0xfb40, 0xffed, 0x07ff, 0x681f, 
  0xfb40, 0xffed, 0x07ff, 0x681f, 0xfb40, 0xffed, 0x07dd, 0x605f, 0x81c3, 0x9800, 0x001f, 0xf800, 0x7800, 0x0000, 0x0000, 0x0000, 
  0x0000, 0x0000, 0x0000, 0x0000, 0x0000, 0x0000, 0x0000, 0x0000, 0x0000, 0x0000, 0x0000, 0x0000, 0x0000, 0x03e0, 0x001f, 0x7800, 
  0x0000, 0x0000, 0x38d6, 0x4870, 0xf321, 0xfe6a, 0x0c40, 0x0000, 0xfbe0, 0x0000, 0x0000, 0x0000, 0x0000, 0x0000, 0x0000, 0x0000, 
  0x0000, 0x0000, 0x0000, 0x0000, 0x0000, 0x0000, 0x0000, 0x0000, 0x0000, 0x0000, 0x0000, 0x0000, 0x0000, 0x0000, 0x0000, 0x0000, 
  0x0000, 0x0000, 0x0000, 0x0000, 0x0000, 0x0000, 0x0000, 0x0000, 0x0000, 0x0000, 0x0000, 0x0000, 0x0000, 0x0000, 0x0000, 0x0000, 
  0x0000, 0x0000, 0x001f, 0x7800, 0x52a0, 0x0000, 0x000a, 0x2125, 0x9a02, 0x868b, 0x0d9d, 0x603f, 0xfb60, 0xffee, 0x07ff, 0x681f, 
  0xfb40, 0xffed, 0x07df, 0x681f, 0xfb40, 0xffed, 0x07ff, 0x681f, 0xfb40, 0xffed, 0x07ff, 0x681f, 0xfb40, 0xffed, 0x07ff, 0x681f, 
  0xfb40, 0xffed, 0x07ff, 0x681f, 0xfb40, 0xffed, 0x07ff, 0x681f, 0xfb40, 0xffed, 0x07ff, 0x681f, 0xfb60, 0xfe8b, 0x0620, 0x01c1, 
  0x0000, 0x07e0, 0x0000, 0x0000, 0x0000, 0x0000, 0x0000, 0x0000, 0x0000, 0x0000, 0x0000, 0x0000, 0x0000, 0x0000, 0x0000, 0x0000, 
  0x0000, 0x0000, 0x0000, 0x0000, 0x0000, 0x0000, 0x0000, 0x0000, 0x0000, 0x0000, 0x0000, 0x0000, 0x0000, 0x0000, 0x0000, 0x0000, 
  0x0000, 0x0000, 0x0000, 0x0000, 0x0000, 0x0000, 0x000f, 0x7be0, 0x0000, 0x0000, 0x0000, 0x0000, 0x0000, 0x0000, 0x001f, 0x07e0, 
  0x0000, 0x05a9, 0x0d1e, 0x683f, 0xfb60, 0xffed, 0x07ff, 0x681f, 0xfb40, 0xffed, 0x07ff, 0x681f, 0xfb60, 0xff6c, 0x06f0, 0x30a3, 
  0x0000, 0x03ef, 0x0000, 0x0000, 0x0000, 0x0000, 0x0000, 0x0000, 0x0000, 0x0000, 0x0000, 0x0000, 0x0000, 0x0000, 0x0000, 0x0000, 
  0x0000, 0x0000, 0x0013, 0x3000, 0x0000, 0x0508, 0x12ff, 0x683f, 0xfb60, 0xffed, 0x07ff, 0x681f, 0xfb40, 0xffed, 0x07df, 0x681f, 
  0xca81, 0x4800, 0x0017, 0x3800, 0x0000, 0x0000, 0x0000, 0x0000, 0xfb40, 0xe7ed, 0x07ff, 0x681f, 0xfb40, 0xffed, 0x07ff, 0x681f, 
  0xf340, 0xfe6b, 0x0940, 0x0000, 0xfbe0, 0x0000, 0x0000, 0x0000, 0x0000, 0x0000, 0x0000, 0x0000, 0x0000, 0x0000, 0x0000, 0x0000, 
  0x0000, 0x0000, 0x0000, 0x0000, 0x0000, 0x0000, 0x0000, 0x0000, 0x0000, 0x0000, 0x0000, 0x0000, 0x0000, 0x0000, 0x0000, 0x0000, 
  0x0000, 0x0000, 0x0000, 0x0000, 0x0000, 0x0000, 0x0000, 0x0000, 0x0000, 0x0000, 0x0000, 0x0000, 0x0000, 0x0000, 0x0000, 0x0000, 
  0x0000, 0x0000, 0x0000, 0x0000, 0x0000, 0x0000, 0x0000, 0x0000, 0x0000, 0x0000, 0x0000, 0x0000, 0x0000, 0x0000, 0x0000, 0x0000, 
  0x0000, 0x0000, 0x0000, 0x0000, 0x0000, 0x066c, 0x0020, 0x0000, 0xb262, 0x97ee, 0x07ff, 0x681f, 0xfb40, 0xffed, 0x07ff, 0x681f, 
  0xfb40, 0xffed, 0x07ff, 0x681f, 0xfb60, 0xff8c, 0x06ce, 0x30ed, 0x0006, 0x07ef, 0x0000, 0x0000, 0x0000, 0x0000, 0x0000, 0x0000, 
  0x0000, 0x0000, 0x0000, 0x0000, 0x0000, 0x0000, 0x0000, 0x0000, 0x0000, 0x0000, 0x0000, 0x0000, 0x0000, 0x0000, 0x0000, 0x0000, 
  0x7800, 0x03e0, 0x0000, 0x0000, 0x5124, 0x7a84, 0x21e0, 0x0000, 0x7800, 0x0000, 0x0000, 0x0000, 0x0000, 0x0000, 0x0000, 0x0000, 
  0x0000, 0x0000, 0x0000, 0x0000, 0x0000, 0x0000, 0x0000, 0x0000, 0x0000, 0x0000, 0x0000, 0x0000, 0x0000, 0x0000, 0x0000, 0x0000, 
  0x0000, 0x0000, 0x0000, 0x0000, 0x0000, 0x0000, 0x0000, 0x0000, 0x0000, 0x0000, 0x0000, 0x0000, 0x0000, 0x0000, 0x0000, 0x0000, 
  0x0000, 0x0000, 0x0000, 0x0000, 0x79e7, 0x07ef, 0x003f, 0xa800, 0x0000, 0x0264, 0x20b4, 0x4083, 0xaa61, 0x7ecb, 0x069f, 0x601c, 
  0xfb60, 0xffee, 0x07ff, 0x701f, 0xfb60, 0xffed, 0x07ff, 0x681f, 0xfb40, 0xffed, 0x07ff, 0x681f, 0xfb40, 0xffed, 0x07ff, 0x681f, 
  0xfb60, 0xffed, 0x07ff, 0x681f, 0xfb40, 0xffed, 0x07ff, 0x681f, 0xfb40, 0xffed, 0x07ff, 0x681f, 0xfb40, 0xff2c, 0x0ff4, 0x40a5, 
  0x0000, 0x07ef, 0x0000, 0x0000, 0x0000, 0x0000, 0x0000, 0x0000, 0x0000, 0x0000, 0x0000, 0x0000, 0x0000, 0x0000, 0x0000, 0x0000, 
  0x0000, 0x0000, 0x0000, 0x0000, 0x0000, 0x0000, 0x0000, 0x0000, 0x0000, 0x0000, 0x0000, 0x0000, 0x0000, 0x0000, 0x0000, 0x0000, 
  0x0000, 0x0000, 0x0000, 0x0000, 0x0000, 0x0000, 0x0015, 0x5000, 0x91e1, 0x3345, 0x19ca, 0x2927, 0x89a2, 0x3ecb, 0x01b3, 0x40b8, 
  0xe2e0, 0xdfed, 0x07df, 0x681f, 0xfb40, 0xffed, 0x07ff, 0x681f, 0xfb40, 0xffed, 0x07ff, 0x681f, 0xfb60, 0xfda9, 0x0c20, 0x0000, 
  0xb9e0, 0x0000, 0x0000, 0x0000, 0x0000, 0x0000, 0x0000, 0x0000, 0x0000, 0x0000, 0x0000, 0x0000, 0x0000, 0x0000, 0x0000, 0x0000, 
  0x0000, 0x0000, 0x0013, 0x3000, 0x0000, 0x0508, 0x12ff, 0x683f, 0xfb60, 0xffed, 0x07ff, 0x681f, 0xfb40, 0xffed, 0x07df, 0x681f, 
  0xca81, 0x4800, 0x0017, 0x3800, 0x0000, 0x0000, 0x0000, 0x0000, 0xfb40, 0xe7ed, 0x07ff, 0x681f, 0xfb40, 0xffed, 0x07ff, 0x681f, 
  0xf340, 0xfe6b, 0x0940, 0x0000, 0xfbe0, 0x0000, 0x0000, 0x0000, 0x0000, 0x0000, 0x0000, 0x0000, 0x0000, 0x0000, 0x0000, 0x0000, 
  0x0000, 0x0000, 0x0000, 0x0000, 0x0000, 0x0000, 0x0000, 0x0000, 0x0000, 0x0000, 0x0000, 0x0000, 0x0000, 0x0000, 0x0000, 0x0000, 
  0x0000, 0x0000, 0x0000, 0x0000, 0x0000, 0x0000, 0x0000, 0x0000, 0x0000, 0x0000, 0x0000, 0x0000, 0x0000, 0x0000, 0x0000, 0x0000, 
  0x0000, 0x0000, 0x0000, 0x0000, 0x0000, 0x0000, 0x0000, 0x0000, 0x0000, 0x0000, 0x0000, 0x0000, 0x0000, 0x0000, 0x0000, 0x0000, 
  0x0000, 0x0000, 0x0000, 0x0000, 0x0000, 0x0000, 0x0000, 0x0000, 0x2045, 0x168b, 0x0f7f, 0x681f, 0xfb40, 0xffed, 0x07ff, 0x681f, 
  0xfb40, 0xffed, 0x07ff, 0x681f, 0xdac0, 0xfd08, 0x0940, 0x0000, 0xaaa0, 0x0000, 0x0000, 0x0000, 0x0000, 0x0000, 0x0000, 0x0000, 
  0x0000, 0x0000, 0x0000, 0x0000, 0x0000, 0x0000, 0x0000, 0x0000, 0x0000, 0x0000, 0x0000, 0x0000, 0x0000, 0x0000, 0x0000, 0x0000, 
  0x0000, 0x02aa, 0x501f, 0x7800, 0x0000, 0x07e0, 0x001f, 0x0000, 0x0000, 0x0000, 0x0000, 0x0000, 0x0000, 0x0000, 0x0000, 0x0000, 
  0x0000, 0x0000, 0x0000, 0x0000, 0x0000, 0x0000, 0x0000, 0x0000, 0x0000, 0x0000, 0x0000, 0x0000, 0x0000, 0x0000, 0x0000, 0x0000, 
  0x0000, 0x0000, 0x0000, 0x0000, 0x0000, 0x0000, 0x0000, 0x0000, 0x0000, 0x0000, 0x0000, 0x0000, 0x0000, 0x0000, 0x0000, 0x0000, 
  0x0000, 0x0000, 0x0000, 0x0000, 0x0000, 0x0000, 0x001f, 0x0000, 0x9980, 0x07ef, 0x0000, 0x0000, 0x7800, 0x0000, 0x000e, 0x28c7, 
  0xaa21, 0x77ac, 0x02d8, 0x5053, 0xb282, 0xfe6a, 0x0fdb, 0x583f, 0xdae0, 0xfeeb, 0x07db, 0x603f, 0xdae0, 0xfeeb, 0x07da, 0x583f, 
  0xc2a1, 0xfd49, 0x17d9, 0x505f, 0xfb40, 0xffed, 0x07ff, 0x681f, 0xfb40, 0xffed, 0x07ff, 0x681f, 0xfb40, 0xffac, 0x07ef, 0x38d1, 
  0x0000, 0x07ef, 0x0000, 0x0000, 0x0000, 0x0000, 0x0000, 0x0000, 0x0000, 0x0000, 0x0000, 0x0000, 0x0000, 0x0000, 0x0000, 0x0000, 
  0x0000, 0x0000, 0x0000, 0x0000, 0x0000, 0x0000, 0x0000, 0x0000, 0x0000, 0x0000, 0x0000, 0x0000, 0x0000, 0x0000, 0x0000, 0x0000, 
  0x0000, 0x0000, 0x0000, 0x0000, 0xaaa0, 0x0000, 0x000e, 0x30ed, 0xe2e0, 0xfeeb, 0x0ffa, 0x587f, 0xe300, 0xffed, 0x07ff, 0x681f, 
  0xfb60, 0xffed, 0x07ff, 0x681f, 0xfb40, 0xffed, 0x07ff, 0x681f, 0xfb40, 0xffcc, 0x07ff, 0x681f, 0xba61, 0xf080, 0x2060, 0x0000, 
  0x0000, 0x0000, 0x0000, 0x0000, 0x0000, 0x0000, 0x0000, 0x0000, 0x0000, 0x0000, 0x0000, 0x0000, 0x0000, 0x0000, 0x0000, 0x0000, 
  0x0000, 0x0000, 0x0013, 0x3000, 0x0000, 0x0508, 0x12ff, 0x683f, 0xfb60, 0xffed, 0x07ff, 0x681f, 0xfb40, 0xffed, 0x07df, 0x681f, 
  0xca81, 0x4800, 0x0017, 0x3800, 0x0000, 0x0000, 0x0000, 0x0000, 0xfb40, 0xe7ed, 0x07ff, 0x681f, 0xfb40, 0xffed, 0x07ff, 0x681f, 
  0xf340, 0xfe6b, 0x0940, 0x0000, 0xfbe0, 0x0000, 0x0000, 0x0000, 0x0000, 0x0000, 0x0000, 0x0000, 0x0000, 0x0000, 0x0000, 0x0000, 
  0x0000, 0x0000, 0x0000, 0x0000, 0x0000, 0x0000, 0x0000, 0x0000, 0x0000, 0x0000, 0x0000, 0x0000, 0x0000, 0x0000, 0x0000, 0x0000, 
  0x0000, 0x0000, 0x0000, 0x0000, 0x0000, 0x0000, 0x0000, 0x0000, 0x0000, 0x0000, 0x0000, 0x0000, 0x0000, 0x0000, 0x0000, 0x0000, 
  0x0000, 0x0000, 0x0000, 0x0000, 0x0000, 0x0000, 0x0000, 0x0000, 0x0000, 0x0000, 0x0000, 0x0000, 0x0000, 0x0000, 0x0000, 0x0000, 
  0x0000, 0x0000, 0x0000, 0x0000, 0x0000, 0x0000, 0x001f, 0x7800, 0x0000, 0x0488, 0x145f, 0x681f, 0xfb40, 0xffed, 0x07ff, 0x681f, 
  0xfb40, 0xffed, 0x07ff, 0x681f, 0xdac0, 0xfc66, 0x18bf, 0xf800, 0x0000, 0x0000, 0x0000, 0x0000, 0x0000, 0x0000, 0x0000, 0x0000, 
  0x0000, 0x0000, 0x0000, 0x0000, 0x0000, 0x0000, 0x0000, 0x0000, 0x0000, 0x0000, 0x0000, 0x0000, 0x0000, 0x0000, 0x0000, 0x0000, 
  0x0000, 0x0000, 0x0000, 0x0000, 0x79e7, 0x03e0, 0x0000, 0x0000, 0x0000, 0x0000, 0x0000, 0x0000, 0x0000, 0x0000, 0x0000, 0x0000, 
  0x0000, 0x0000, 0x0000, 0x0000, 0x0000, 0x0000, 0x0000, 0x0000, 0x0000, 0x0000, 0x0000, 0x0000, 0x0000, 0x0000, 0x0000, 0x0000, 
  0x0000, 0x0000, 0x0000, 0x0000, 0x0000, 0x0000, 0x0000, 0x0000, 0x0000, 0x0000, 0x0000, 0x0000, 0x0000, 0x0000, 0x0000, 0x0000, 
  0x0000, 0x0000, 0x0000, 0x0000, 0x0000, 0x0000, 0x0000, 0x0000, 0x0000, 0x0000, 0x0000, 0x0000, 0x0000, 0x0000, 0x0000, 0x0000, 
  0x0000, 0x0000, 0x0000, 0x0240, 0x0007, 0x1263, 0x18af, 0x30c2, 0x99e3, 0x14c9, 0x18b3, 0x48c2, 0x9a63, 0x1467, 0x18ac, 0x30c2, 
  0x38a5, 0x1000, 0x7855, 0x4087, 0xfb40, 0xffed, 0x07df, 0x681f, 0xfb40, 0xffed, 0x07ff, 0x681f, 0xfb40, 0xffed, 0x07f5, 0x48b9, 
  0x0000, 0x054a, 0x0000, 0x0000, 0x0000, 0x0000, 0x0000, 0x0000, 0x0000, 0x0000, 0x0000, 0x0000, 0x0000, 0x0000, 0x0000, 0x0000, 
  0x0000, 0x0000, 0x0000, 0x0000, 0x0000, 0x0000, 0x0000, 0x0000, 0x0000, 0x0000, 0x0000, 0x0000, 0x0000, 0x0000, 0x0000, 0x0000, 
  0x0000, 0x0000, 0x0000, 0x0000, 0x9980, 0x0000, 0x0011, 0x38f5, 0xfb60, 0xffed, 0x07df, 0x681f, 0xfb60, 0xffed, 0x07ff, 0x681f, 
  0xfb40, 0xffed, 0x07ff, 0x681f, 0xfb40, 0xffed, 0x07ff, 0x681f, 0xfb20, 0xffed, 0x07fb, 0x585f, 0x6963, 0x4800, 0x0015, 0x5000, 
  0x0000, 0x0000, 0x0000, 0x0000, 0x0000, 0x0000, 0x0000, 0x0000, 0x0000, 0x0000, 0x0000, 0x0000, 0x0000, 0x0000, 0x0000, 0x0000, 
  0x0000, 0x0000, 0x0013, 0x3000, 0x0000, 0x0508, 0x12ff, 0x683f, 0xfb60, 0xffed, 0x07ff, 0x681f, 0xfb40, 0xffed, 0x07df, 0x681f, 
  0xca81, 0x4800, 0x0017, 0x3800, 0x0000, 0x0000, 0x0000, 0x0000, 0xfb40, 0xe7ed, 0x07ff, 0x681f, 0xfb40, 0xffed, 0x07ff, 0x681f, 
  0xf340, 0xfe6b, 0x0940, 0x0000, 0xfbe0, 0x0000, 0x0000, 0x0000, 0x0000, 0x0000, 0x0000, 0x0000, 0x0000, 0x0000, 0x0000, 0x0000, 
  0x0000, 0x0000, 0x0000, 0x0000, 0x0000, 0x0000, 0x0000, 0x0000, 0x0000, 0x0000, 0x0000, 0x0000, 0x0000, 0x0000, 0x0000, 0x0000, 
  0x0000, 0x0000, 0x0000, 0x0000, 0x0000, 0x0000, 0x0000, 0x0000, 0x0000, 0x0000, 0x0000, 0x0000, 0x0000, 0x0000, 0x0000, 0x0000, 
  0x0000, 0x0000, 0x0000, 0x0000, 0x0000, 0x0000, 0x0000, 0x0000, 0x0000, 0x0000, 0x0000, 0x0000, 0x0000, 0x0000, 0x0000, 0x0000, 
  0x0000, 0x0000, 0x0000, 0x0000, 0x0000, 0x0000, 0x000a, 0x5000, 0x0000, 0x0142, 0x2998, 0x507e, 0xfb60, 0xffed, 0x07ff, 0x681f, 
  0xfb40, 0xffed, 0x07ff, 0x681f, 0xfb60, 0xfdc9, 0x0d00, 0x0000, 0xc980, 0x0000, 0x0000, 0x0000, 0x0000, 0x0000, 0x0000, 0x0000, 
  0x0000, 0x0000, 0x0000, 0x0000, 0x0000, 0x0000, 0x0000, 0x0000, 0x0000, 0x0000, 0x0000, 0x0000, 0x0000, 0x0000, 0x0000, 0x0000, 
  0x0000, 0x0000, 0x0000, 0x0000, 0x0000, 0x0000, 0x0000, 0x0000, 0x0000, 0x0000, 0x0000, 0x0000, 0x0000, 0x0000, 0x0000, 0x0000, 
  0x0000, 0x0000, 0x0000, 0x0000, 0x0000, 0x0000, 0x0000, 0x0000, 0x0000, 0x0000, 0x0000, 0x0000, 0x0000, 0x0000, 0x0000, 0x0000, 
  0x0000, 0x0000, 0x0000, 0x0000, 0x0000, 0x0000, 0x0000, 0x0000, 0x0000, 0x0000, 0x0000, 0x0000, 0x0000, 0x0000, 0x0000, 0x0000, 
  0x0000, 0x0000, 0x0000, 0x0000, 0x0000, 0x0000, 0x0000, 0x0000, 0x0000, 0x0000, 0x0000, 0x0000, 0x0000, 0x0000, 0x000f, 0x7800, 
  0xb9e0, 0x07ef, 0x003f, 0x5000, 0x0000, 0x0000, 0x0000, 0x0000, 0x0000, 0x0000, 0x0000, 0x0000, 0x0000, 0x0000, 0x0000, 0x0000, 
  0x7be0, 0x0000, 0x000c, 0x28c5, 0xd2c1, 0xffee, 0x07ff, 0x681f, 0xfb40, 0xffed, 0x07ff, 0x681f, 0xfb40, 0xffed, 0x07fb, 0x583a, 
  0x0000, 0x07ef, 0x0000, 0x0000, 0x0000, 0x0000, 0x0000, 0x0000, 0x0000, 0x0000, 0x0000, 0x0000, 0x0000, 0x0000, 0x0000, 0x0000, 
  0x0000, 0x0000, 0x0000, 0x0000, 0x0000, 0x0000, 0x0000, 0x0000, 0x0000, 0x0000, 0x0000, 0x0000, 0x0000, 0x0000, 0x0000, 0x0000, 
  0x0000, 0x0000, 0x0000, 0x0000, 0x9980, 0x0000, 0x0015, 0x4895, 0xfb60, 0xffed, 0x07df, 0x681f, 0xfb40, 0xffed, 0x07ff, 0x681f, 
  0xfb40, 0xffed, 0x07ff, 0x681f, 0xfb40, 0xffed, 0x07ff, 0x681f, 0xfb60, 0xff4c, 0x07f6, 0x486a, 0x0000, 0x07ef, 0x0000, 0x0000, 
  0x0000, 0x0000, 0x0000, 0x0000, 0x0000, 0x0000, 0x0000, 0x0000, 0x0000, 0x0000, 0x0000, 0x0000, 0x0000, 0x0000, 0x0000, 0x0000, 
  0x0000, 0x0000, 0x0013, 0x3000, 0x0000, 0x0508, 0x12ff, 0x683f, 0xfb60, 0xffed, 0x07ff, 0x681f, 0xfb40, 0xffed, 0x07df, 0x681f, 
  0xca81, 0x4800, 0x0017, 0x3800, 0x0000, 0x0000, 0x0000, 0x0000, 0xfb40, 0xe7ed, 0x07ff, 0x681f, 0xfb40, 0xffed, 0x07ff, 0x681f, 
  0xf340, 0xfe6b, 0x0940, 0x0000, 0xfbe0, 0x0000, 0x0000, 0x0000, 0x0000, 0x0000, 0x0000, 0x0000, 0x0000, 0x0000, 0x0000, 0x0000, 
  0x0000, 0x0000, 0x0000, 0x0000, 0x0000, 0x0000, 0x0000, 0x0000, 0x0000, 0x0000, 0x0000, 0x0000, 0x0000, 0x0000, 0x0000, 0x0000, 
  0x0000, 0x0000, 0x0000, 0x0000, 0x0000, 0x0000, 0x0000, 0x0000, 0x0000, 0x0000, 0x0000, 0x0000, 0x0000, 0x0000, 0x0000, 0x0000, 
  0x0000, 0x0000, 0x0000, 0x0000, 0x0000, 0x0000, 0x0000, 0x0000, 0x0000, 0x0000, 0x0000, 0x0000, 0x0000, 0x0000, 0x0000, 0x0000, 
  0x0000, 0x0000, 0x0000, 0x0000, 0x0000, 0x0000, 0x0000, 0x0000, 0x9980, 0x0000, 0x0011, 0x38d4, 0xfb60, 0xffed, 0x07df, 0x681f, 
  0xfb40, 0xffed, 0x07ff, 0x681f, 0xfb60, 0xff2c, 0x0790, 0x38c5, 0x0000, 0x054a, 0x0000, 0x0000, 0x0000, 0x0000, 0x0000, 0x0000, 
  0x0000, 0x0000, 0x0000, 0x0000, 0x0000, 0x0000, 0x0000, 0x0000, 0x0000, 0x0000, 0x0000, 0x0000, 0x0000, 0x0000, 0x0000, 0x0000, 
  0x0000, 0x0000, 0x0000, 0x0000, 0x0000, 0x0000, 0x0000, 0x0000, 0x0000, 0x0000, 0x0000, 0x0000, 0x0000, 0x0000, 0x0000, 0x0000, 
  0x0000, 0x0000, 0x0000, 0x0000, 0x0000, 0x0000, 0x0000, 0x0000, 0x0000, 0x0000, 0x0000, 0x0000, 0x0000, 0x0000, 0x0000, 0x0000, 
  0x0000, 0x0000, 0x0000, 0x0000, 0x0000, 0x0000, 0x0000, 0x0000, 0x0000, 0x0000, 0x0000, 0x0000, 0x0000, 0x0000, 0x0000, 0x0000, 
  0x0000, 0x0000, 0x0000, 0x0000, 0x0000, 0x0000, 0x0000, 0x0000, 0x0000, 0x0000, 0x0000, 0x0000, 0x0000, 0x0000, 0x0000, 0x0000, 
  0x0000, 0x0000, 0x0000, 0x0000, 0x0000, 0x0000, 0x0000, 0x0000, 0x0000, 0x0000, 0x0000, 0x0000, 0x0000, 0x0000, 0x0000, 0x0000, 
  0x0000, 0x02aa, 0x0000, 0x0000, 0x5924, 0x55e9, 0x0e3f, 0x681f, 0xfb40, 0xffed, 0x07ff, 0x681f, 0xfb40, 0xffed, 0x07dd, 0x603f, 
  0x7183, 0x6800, 0x000c, 0x3000, 0x0000, 0x0000, 0x0000, 0x0000, 0x0000, 0x0000, 0x0000, 0x0000, 0x0000, 0x0000, 0x0000, 0x0000, 
  0x0000, 0x0000, 0x0000, 0x0000, 0x0000, 0x0000, 0x0000, 0x0000, 0x0000, 0x0000, 0x0000, 0x0000, 0x0000, 0x0000, 0x0000, 0x0000, 
  0x0000, 0x0000, 0x0000, 0x0000, 0xcb20, 0x0000, 0x001c, 0x5815, 0xfb80, 0xffed, 0x07df, 0x681f, 0xfb40, 0xffed, 0x07ff, 0x681f, 
  0xfb40, 0xffed, 0x07ff, 0x681f, 0xfb40, 0xffed, 0x07df, 0x681f, 0xdae1, 0xfd69, 0x0a20, 0x0000, 0xb9e0, 0x0000, 0x0000, 0x0000, 
  0x0000, 0x0000, 0x0000, 0x0000, 0x0000, 0x0000, 0x0000, 0x0000, 0x0000, 0x0000, 0x0000, 0x0000, 0x0000, 0x0000, 0x0000, 0x0000, 
  0x0000, 0x0000, 0x0013, 0x3000, 0x0000, 0x0508, 0x12ff, 0x683f, 0xfb60, 0xffed, 0x07ff, 0x681f, 0xfb40, 0xffed, 0x07df, 0x681f, 
  0xca81, 0x4800, 0x0017, 0x3800, 0x0000, 0x0000, 0x0000, 0x0000, 0xfb40, 0xe7ed, 0x07ff, 0x681f, 0xfb40, 0xffed, 0x07ff, 0x681f, 
  0xf340, 0xfe6b, 0x0940, 0x0000, 0xfbe0, 0x0000, 0x0000, 0x0000, 0x0000, 0x0000, 0x0000, 0x0000, 0x0000, 0x0000, 0x0000, 0x0000, 
  0x0000, 0x0000, 0x0000, 0x0000, 0x0000, 0x0000, 0x0000, 0x0000, 0x0000, 0x0000, 0x0000, 0x0000, 0x0000, 0x0000, 0x0000, 0x0000, 
  0x0000, 0x0000, 0x0000, 0x0000, 0x0000, 0x0000, 0x0000, 0x0000, 0x0000, 0x0000, 0x0000, 0x0000, 0x0000, 0x0000, 0x0000, 0x0000, 
  0x0000, 0x0000, 0x0000, 0x0000, 0x0000, 0x0000, 0x0000, 0x0000, 0x0000, 0x0000, 0x0000, 0x0000, 0x0000, 0x0000, 0x0000, 0x0000, 
  0x0000, 0x0000, 0x0000, 0x0000, 0x0000, 0x0000, 0x0000, 0x0000, 0x0000, 0x0000, 0x0000, 0x02e1, 0xe300, 0xbfee, 0x07ff, 0x601f, 
  0xfb40, 0xffed, 0x07ff, 0x681f, 0xfb40, 0xffed, 0x07f9, 0x5071, 0x0000, 0x07ea, 0x0000, 0x0000, 0x0000, 0x0000, 0x0000, 0x0000, 
  0x0000, 0x0000, 0x0000, 0x0000, 0x0000, 0x0000, 0x0000, 0x0000, 0x0000, 0x0000, 0x0000, 0x0000, 0x0000, 0x0000, 0x0000, 0x0000, 
  0x0000, 0x0000, 0x0000, 0x0000, 0x0000, 0x0000, 0x0000, 0x0000, 0x0000, 0x0000, 0x0000, 0x0000, 0x0000, 0x0000, 0x0000, 0x0000, 
  0x0000, 0x0000, 0x0000, 0x0000, 0x0000, 0x0000, 0x0000, 0x0000, 0x0000, 0x0000, 0x0000, 0x0000, 0x0000, 0x0000, 0x0000, 0x0000, 
  0x0000, 0x0000, 0x0000, 0x0000, 0x0000, 0x0000, 0x0000, 0x0000, 0x0000, 0x0000, 0x0000, 0x0000, 0x0000, 0x0000, 0x0000, 0x0000, 
  0x0000, 0x0000, 0x0000, 0x0000, 0x0000, 0x0000, 0x0000, 0x0000, 0x0000, 0x0000, 0x0000, 0x0000, 0x0000, 0x0000, 0x0000, 0x0000, 
  0x0000, 0x0000, 0x0000, 0x0000, 0x0000, 0x0000, 0x0000, 0x0000, 0x0000, 0x0000, 0x0000, 0x0000, 0x0000, 0x0000, 0x0000, 0x0000, 
  0x0000, 0x0000, 0x001f, 0x5000, 0x0000, 0x068a, 0x09ff, 0x681f, 0xfb40, 0xffed, 0x07ff, 0x681f, 0xfb40, 0xffed, 0x07df, 0x701f, 
  0xcac1, 0x8000, 0x001f, 0xa800, 0x0000, 0x0000, 0x0000, 0x0000, 0x0000, 0x0000, 0x0000, 0x0000, 0x0000, 0x0000, 0x0000, 0x0000, 
  0x0000, 0x0000, 0x0000, 0x0000, 0x0000, 0x0000, 0x0000, 0x0000, 0x0000, 0x0000, 0x0000, 0x0000, 0x0000, 0x0000, 0x0000, 0x0000, 
  0x0000, 0x0000, 0x0000, 0x0000, 0xfbe0, 0x0000, 0x001d, 0x6017, 0xfb80, 0xffed, 0x07df, 0x681f, 0xfb40, 0xffed, 0x07ff, 0x681f, 
  0xfb40, 0xffed, 0x07df, 0x681f, 0xfb60, 0xffed, 0x07d6, 0x487d, 0x6983, 0x4800, 0x0013, 0x3000, 0x0000, 0x0000, 0x0000, 0x0000, 
  0x0000, 0x0000, 0x0000, 0x0000, 0x0000, 0x0000, 0x0000, 0x0000, 0x0000, 0x0000, 0x0000, 0x0000, 0x0000, 0x0000, 0x0000, 0x0000, 
  0x0000, 0x0000, 0x0013, 0x3000, 0x0000, 0x0508, 0x12ff, 0x683f, 0xfb60, 0xffed, 0x07ff, 0x681f, 0xfb40, 0xffed, 0x07df, 0x681f, 
  0xca81, 0x4800, 0x0017, 0x3800, 0x0000, 0x0000, 0x0000, 0x0000, 0xfb40, 0xe7ed, 0x07ff, 0x681f, 0xfb40, 0xffed, 0x07ff, 0x681f, 
  0xf340, 0xfe6b, 0x0940, 0x0000, 0xfbe0, 0x0000, 0x0000, 0x0000, 0x0000, 0x0000, 0x0000, 0x0000, 0x0000, 0x0000, 0x0000, 0x0000, 
  0x0000, 0x0000, 0x0000, 0x0000, 0x0000, 0x0000, 0x0000, 0x0000, 0x0000, 0x0000, 0x0000, 0x0000, 0x0000, 0x0000, 0x0000, 0x0000, 
  0x0000, 0x0000, 0x0000, 0x0000, 0x0000, 0x0000, 0x0000, 0x0000, 0x0000, 0x0000, 0x0000, 0x0000, 0x0000, 0x0000, 0x0000, 0x0000, 
  0x0000, 0x0000, 0x0000, 0x0000, 0x0000, 0x0000, 0x0000, 0x0000, 0x0000, 0x0000, 0x0000, 0x0000, 0x0000, 0x0000, 0x0000, 0x0000, 
  0x0000, 0x0000, 0x0000, 0x0000, 0x0000, 0x0000, 0x0000, 0x0000, 0x0000, 0x05e7, 0x0020, 0x0000, 0xaa22, 0x57ac, 0x07ff, 0x681f, 
  0xfb40, 0xffed, 0x07ff, 0x681f, 0xfb40, 0xffed, 0x07fe, 0x603e, 0x9a02, 0x1000, 0x001f, 0x0000, 0x0000, 0x0000, 0x0000, 0x0000, 
  0x0000, 0x0000, 0x0000, 0x0000, 0x0000, 0x0000, 0x0000, 0x0000, 0x0000, 0x0000, 0x0000, 0x0000, 0x0000, 0x0000, 0x0000, 0x0000, 
  0x0000, 0x0000, 0x0000, 0x0000, 0x0000, 0x0000, 0x0000, 0x0000, 0x0000, 0x0000, 0x0000, 0x0000, 0x0000, 0x0000, 0x0000, 0x0000, 
  0x0000, 0x0000, 0x0000, 0x0000, 0x0000, 0x0000, 0x0000, 0x0000, 0x0000, 0x0000, 0x0000, 0x0000, 0x0000, 0x0000, 0x0000, 0x0000, 
  0x0000, 0x0000, 0x0000, 0x0000, 0x0000, 0x0000, 0x0000, 0x0000, 0x0000, 0x0000, 0x0000, 0x0000, 0x0000, 0x0000, 0x0000, 0x0000, 
  0x0000, 0x0000, 0x0000, 0x0000, 0x0000, 0x0000, 0x0000, 0x0000, 0x0000, 0x0000, 0x0000, 0x0000, 0x0000, 0x0000, 0x0000, 0x0000, 
  0x0000, 0x0000, 0x0000, 0x0000, 0x0000, 0x0000, 0x0000, 0x0000, 0x0000, 0x0000, 0x0000, 0x0000, 0x0000, 0x0000, 0x0000, 0x0000, 
  0x0000, 0x0000, 0x0015, 0x5000, 0x0000, 0x0345, 0x221b, 0x587f, 0xfb60, 0xffed, 0x07ff, 0x681f, 0xfb40, 0xffed, 0x07ff, 0x681f, 
  0xdac1, 0xfbe6, 0x18e0, 0x0000, 0xf800, 0x0000, 0x0000, 0x0000, 0x0000, 0x0000, 0x0000, 0x0000, 0x0000, 0x0000, 0x0000, 0x0000, 
  0x0000, 0x0000, 0x0000, 0x0000, 0x0000, 0x0000, 0x0000, 0x0000, 0x0000, 0x0000, 0x0000, 0x0000, 0x0000, 0x0000, 0x0000, 0x0000, 
  0x0000, 0x0000, 0x000f, 0x3800, 0x0000, 0x0345, 0x1a7c, 0x585f, 0xfb60, 0xf7ed, 0x07df, 0x681f, 0xfb40, 0xffed, 0x07df, 0x681f, 
  0xfb60, 0xffed, 0x07ff, 0x701f, 0xeb00, 0xdd69, 0x0ba0, 0x0000, 0xfbe0, 0x03e0, 0x0000, 0x0000, 0x0000, 0x0000, 0x0000, 0x0000, 
  0x0000, 0x0000, 0x0000, 0x0000, 0x0000, 0x0000, 0x0000, 0x0000, 0x0000, 0x0000, 0x0000, 0x0000, 0x0000, 0x0000, 0x0000, 0x0000, 
  0x0000, 0x0000, 0x0013, 0x3000, 0x0000, 0x0508, 0x12ff, 0x683f, 0xfb60, 0xffed, 0x07ff, 0x681f, 0xfb40, 0xffed, 0x07df, 0x681f, 
  0xca81, 0x4800, 0x0017, 0x3800, 0x0000, 0x0000, 0x0000, 0x0000, 0xfb40, 0xe7ed, 0x07ff, 0x681f, 0xfb40, 0xffed, 0x07ff, 0x681f, 
  0xf340, 0xfe6b, 0x0940, 0x0000, 0xfbe0, 0x0000, 0x0000, 0x0000, 0x0000, 0x0000, 0x0000, 0x0000, 0x0000, 0x0000, 0x0000, 0x0000, 
  0x0000, 0x0000, 0x0000, 0x0000, 0x0000, 0x0000, 0x0000, 0x0000, 0x0000, 0x0000, 0x0000, 0x0000, 0x0000, 0x0000, 0x0000, 0x0000, 
  0x0000, 0x0000, 0x0000, 0x0000, 0x0000, 0x0000, 0x0000, 0x0000, 0x0000, 0x0000, 0x0000, 0x0000, 0x0000, 0x0000, 0x0000, 0x0000, 
  0x0000, 0x0000, 0x0000, 0x0000, 0x0000, 0x0000, 0x0000, 0x0000, 0x0000, 0x0000, 0x0000, 0x0000, 0x0000, 0x0000, 0x0000, 0x0000, 
  0x0000, 0x0000, 0x0000, 0x0000, 0x0000, 0x0000, 0x0000, 0x0000, 0x0000, 0x0000, 0x001f, 0x7800, 0x0000, 0x068b, 0x0ddf, 0x681f, 
  0xfb40, 0xffed, 0x07ff, 0x681f, 0xfb40, 0xffed, 0x07ff, 0x681f, 0xba61, 0xc800, 0x4860, 0x0000, 0x0000, 0x0000, 0x0000, 0x0000, 
  0x0000, 0x0000, 0x0000, 0x0000, 0x0000, 0x0000, 0x0000, 0x0000, 0x0000, 0x0000, 0x0000, 0x0000, 0x0000, 0x0000, 0x0000, 0x0000, 
  0x0000, 0x0000, 0x0000, 0x0000, 0x0000, 0x0000, 0x0000, 0x0000, 0x0000, 0x0000, 0x0000, 0x0000, 0x0000, 0x0000, 0x0000, 0x0000, 
  0x0000, 0x0000, 0x0000, 0x0000, 0x0000, 0x0000, 0x0000, 0x0000, 0x0000, 0x0000, 0x0000, 0x0000, 0x0000, 0x0000, 0x0000, 0x0000, 
  0x0000, 0x0000, 0x0000, 0x0000, 0x0000, 0x0000, 0x0000, 0x0000, 0x0000, 0x0000, 0x0000, 0x0000, 0x0000, 0x0000, 0x0000, 0x0000, 
  0x0000, 0x0000, 0x0000, 0x0000, 0x0000, 0x0000, 0x0000, 0x0000, 0x0000, 0x0000, 0x0000, 0x0000, 0x0000, 0x0000, 0x0000, 0x0000, 
  0x0000, 0x0000, 0x0000, 0x0000, 0x0000, 0x0000, 0x0000, 0x0000, 0x0000, 0x0000, 0x0000, 0x0000, 0x0000, 0x0000, 0x0000, 0x0000, 
  0x0000, 0x0000, 0x0000, 0x0000, 0xffe0, 0x0000, 0x0019, 0x5076, 0xfb60, 0xffed, 0x07df, 0x681f, 0xfb40, 0xffed, 0x07ff, 0x681f, 
  0xfb60, 0xfd08, 0x14e0, 0x0000, 0xb9e0, 0x0000, 0x0000, 0x0000, 0x0000, 0x0000, 0x0000, 0x0000, 0x0000, 0x0000, 0x0000, 0x0000, 
  0x0000, 0x0000, 0x0000, 0x0000, 0x0000, 0x0000, 0x0000, 0x0000, 0x0000, 0x0000, 0x0000, 0x0000, 0x0000, 0x0000, 0x0000, 0x0000, 
  0x0000, 0x0000, 0x0017, 0x3800, 0x0000, 0x05a9, 0x127f, 0x685f, 0xfb80, 0xffed, 0x07ff, 0x681f, 0xfb60, 0xffed, 0x07fe, 0x685f, 
  0xeb00, 0xe60a, 0x0f16, 0x486c, 0x81e1, 0x1000, 0x001f, 0xf800, 0xaaa0, 0x0000, 0x0000, 0x0000, 0x0000, 0x0000, 0x0000, 0x0000, 
  0x0000, 0x0000, 0x0000, 0x0000, 0x0000, 0x0000, 0x0000, 0x0000, 0x0000, 0x0000, 0x0000, 0x0000, 0x0000, 0x0000, 0x0000, 0x0000, 
  0x0000, 0x0000, 0x0013, 0x3000, 0x0000, 0x0508, 0x12ff, 0x683f, 0xfb60, 0xffed, 0x07ff, 0x681f, 0xfb40, 0xffed, 0x07df, 0x681f, 
  0xca81, 0x4800, 0x0017, 0x3800, 0x0000, 0x0000, 0x0000, 0x0000, 0xfb40, 0xe7ed, 0x07ff, 0x681f, 0xfb40, 0xffed, 0x07ff, 0x681f, 
  0xf340, 0xfe6b, 0x0940, 0x0000, 0xfbe0, 0x0000, 0x0000, 0x0000, 0x0000, 0x0000, 0x0000, 0x0000, 0x0000, 0x0000, 0x0000, 0x0000, 
  0x0000, 0x0000, 0x0000, 0x0000, 0x0000, 0x0000, 0x0000, 0x0000, 0x0000, 0x0000, 0x0000, 0x0000, 0x0000, 0x0000, 0x0000, 0x0000, 
  0x0000, 0x0000, 0x0000, 0x0000, 0x0000, 0x0000, 0x0000, 0x0000, 0x0000, 0x0000, 0x0000, 0x0000, 0x0000, 0x0000, 0x0000, 0x0000, 
  0x0000, 0x0000, 0x0000, 0x0000, 0x0000, 0x0000, 0x0000, 0x0000, 0x0000, 0x0000, 0x0000, 0x0000, 0x0000, 0x0000, 0x0000, 0x0000, 
  0x0000, 0x0000, 0x0000, 0x0000, 0x0000, 0x0000, 0x0000, 0x0000, 0x0000, 0x0000, 0x000f, 0x7800, 0x0000, 0x04c8, 0x19dd, 0x603f, 
  0xfb40, 0xffed, 0x07ff, 0x681f, 0xfb40, 0xffed, 0x07ff, 0x681f, 0xfb40, 0xfcc8, 0x12a0, 0x0000, 0xaaa0, 0x0000, 0x0000, 0x0000, 
  0x0000, 0x0000, 0x0000, 0x0000, 0x0000, 0x0000, 0x0000, 0x0000, 0x0000, 0x0000, 0x0000, 0x0000, 0x0000, 0x0000, 0x0000, 0x0000, 
  0x0000, 0x0000, 0x0000, 0x0000, 0x0000, 0x0000, 0x0000, 0x0000, 0x0000, 0x0000, 0x0000, 0x0000, 0x0000, 0x0000, 0x0000, 0x0000, 
  0x0000, 0x0000, 0x0000, 0x0000, 0x0000, 0x0000, 0x0000, 0x0000, 0x0000, 0x0000, 0x0000, 0x0000, 0x0000, 0x0000, 0x0000, 0x0000, 
  0x0000, 0x0000, 0x0000, 0x0000, 0x0000, 0x0000, 0x0000, 0x0000, 0x0000, 0x0000, 0x0000, 0x0000, 0x0000, 0x0000, 0x0000, 0x0000, 
  0x0000, 0x0000, 0x0000, 0x0000, 0x0000, 0x0000, 0x0000, 0x0000, 0x0000, 0x0000, 0x0000, 0x0000, 0x0000, 0x0000, 0x0000, 0x0000, 
  0x0000, 0x0000, 0x0000, 0x0000, 0x0000, 0x0000, 0x0000, 0x0000, 0x0000, 0x0000, 0x0000, 0x0000, 0x0000, 0x0000, 0x0000, 0x0000, 
  0x0000, 0x0000, 0x0000, 0x0000, 0xaaa0, 0x0000, 0x0013, 0x4089, 0xf320, 0xffed, 0x07ff, 0x681f, 0xfb40, 0xffed, 0x07ff, 0x681f, 
  0xfb60, 0xfeab, 0x0f45, 0x1964, 0x0000, 0x03e0, 0x0000, 0x0000, 0x0000, 0x0000, 0x0000, 0x0000, 0x0000, 0x0000, 0x0000, 0x0000, 
  0x0000, 0x0000, 0x0000, 0x0000, 0x0000, 0x0000, 0x0000, 0x0000, 0x0000, 0x0000, 0x0000, 0x0000, 0x0000, 0x0000, 0x0000, 0x0000, 
  0x0000, 0x0000, 0x000f, 0x0000, 0x0000, 0x0365, 0x2133, 0x38b0, 0xba81, 0x7dea, 0x0bf7, 0x586f, 0xbaa1, 0x7d89, 0x0bcf, 0x30f0, 
  0x5124, 0x2800, 0x0000, 0x0000, 0xfbe0, 0x05e7, 0x0020, 0x0000, 0x0000, 0x0000, 0x0000, 0x0000, 0x0000, 0x0000, 0x0000, 0x0000, 
  0x0000, 0x0000, 0x0000, 0x0000, 0x0000, 0x0000, 0x0000, 0x0000, 0x0000, 0x0000, 0x0000, 0x0000, 0x0000, 0x0000, 0x0000, 0x0000, 
  0x0000, 0x0000, 0x0013, 0x3000, 0x0000, 0x0508, 0x12ff, 0x683f, 0xfb60, 0xffed, 0x07ff, 0x681f, 0xfb40, 0xffed, 0x07df, 0x681f, 
  0xca81, 0x4800, 0x0017, 0x3800, 0x0000, 0x0000, 0x0000, 0x0000, 0xfb40, 0xe7ed, 0x07ff, 0x681f, 0xfb40, 0xffed, 0x07ff, 0x681f, 
  0xf340, 0xfe6b, 0x0940, 0x0000, 0xfbe0, 0x0000, 0x0000, 0x0000, 0x0000, 0x0000, 0x0000, 0x0000, 0x0000, 0x0000, 0x0000, 0x0000, 
  0x0000, 0x0000, 0x0000, 0x0000, 0x0000, 0x0000, 0x0000, 0x0000, 0x0000, 0x0000, 0x0000, 0x0000, 0x0000, 0x0000, 0x0000, 0x0000, 
  0x0000, 0x0000, 0x0000, 0x0000, 0x0000, 0x0000, 0x0000, 0x0000, 0x0000, 0x0000, 0x0000, 0x0000, 0x0000, 0x0000, 0x0000, 0x0000, 
  0x0000, 0x0000, 0x0000, 0x0000, 0x0000, 0x0000, 0x0000, 0x0000, 0x0000, 0x0000, 0x0000, 0x0000, 0x0000, 0x0000, 0x0000, 0x0000, 
  0x0000, 0x0000, 0x0000, 0x0000, 0x0000, 0x0000, 0x0000, 0x0000, 0x0000, 0x0000, 0x0000, 0x0000, 0x0000, 0x0000, 0xf819, 0x5076, 
  0xfb60, 0xffed, 0x07ff, 0x681f, 0xfb40, 0xffed, 0x07ff, 0x681f, 0xfb60, 0xfdea, 0x16e0, 0x0000, 0xffe0, 0x0000, 0x0000, 0x0000, 
  0x0000, 0x0000, 0x0000, 0x0000, 0x0000, 0x0000, 0x0000, 0x0000, 0x0000, 0x0000, 0x0000, 0x0000, 0x0000, 0x0000, 0x0000, 0x0000, 
  0x0000, 0x0000, 0x0000, 0x0000, 0x0000, 0x0000, 0x0000, 0x0000, 0x0000, 0x0000, 0x0000, 0x0000, 0x0000, 0x0000, 0x0000, 0x0000, 
  0x0000, 0x0000, 0x0000, 0x0000, 0x0000, 0x0000, 0x0000, 0x0000, 0x0000, 0x0000, 0x0000, 0x0000, 0x0000, 0x0000, 0x0000, 0x0000, 
  0x0000, 0x0000, 0x0000, 0x0000, 0x0000, 0x0000, 0x0000, 0x0000, 0x0000, 0x0000, 0x0000, 0x0000, 0x0000, 0x0000, 0x0000, 0x0000, 
  0x0000, 0x0000, 0x0000, 0x0000, 0x0000, 0x0000, 0x0000, 0x0000, 0x0000, 0x0000, 0x0000, 0x0000, 0x0000, 0x0000, 0x0000, 0x0000, 
  0x0000, 0x0000, 0x0000, 0x0000, 0x0000, 0x0000, 0x0000, 0x0000, 0x0000, 0x0000, 0x0000, 0x0000, 0x0000, 0x0000, 0x0000, 0x0000, 
  0x0000, 0x0000, 0x0000, 0x0000, 0x0000, 0x0000, 0x0003, 0x01e1, 0xd2c1, 0xefed, 0x07ff, 0x681f, 0xfb40, 0xffed, 0x07ff, 0x681f, 
  0xfb40, 0xffed, 0x07f4, 0x4090, 0x0000, 0x07ea, 0x0000, 0x0000, 0x0000, 0x0000, 0x0000, 0x0000, 0x0000, 0x0000, 0x0000, 0x0000, 
  0x0000, 0x0000, 0x0000, 0x0000, 0x0000, 0x0000, 0x0000, 0x0000, 0x0000, 0x0000, 0x0000, 0x0000, 0x0000, 0x0000, 0x0000, 0x0000, 
  0x0000, 0x0000, 0x0000, 0x0000, 0x0000, 0x0000, 0x0000, 0x0000, 0x0000, 0x0000, 0x0000, 0x0000, 0x0000, 0x0000, 0x0000, 0x0000, 
  0xfbe0, 0x07ef, 0x003f, 0x7800, 0xfbe0, 0x0000, 0x0000, 0x0000, 0x0000, 0x0000, 0x0000, 0x0000, 0x0000, 0x0000, 0x0000, 0x0000, 
  0x0000, 0x0000, 0x0000, 0x0000, 0x0000, 0x0000, 0x0000, 0x0000, 0x0000, 0x0000, 0x0000, 0x0000, 0x0000, 0x0000, 0x0000, 0x0000, 
  0x0000, 0x0000, 0x0013, 0x3000, 0x0000, 0x0508, 0x12ff, 0x683f, 0xfb60, 0xffed, 0x07ff, 0x681f, 0xfb40, 0xffed, 0x07df, 0x681f, 
  0xca81, 0x4800, 0x0017, 0x3800, 0x0000, 0x0000, 0x0000, 0x0000, 0xfb40, 0xe7ed, 0x07ff, 0x681f, 0xfb40, 0xffed, 0x07ff, 0x681f, 
  0xf340, 0xfe6b, 0x0940, 0x0000, 0xfbe0, 0x0000, 0x0000, 0x0000, 0x0000, 0x0000, 0x0000, 0x0000, 0x0000, 0x0000, 0x0000, 0x0000, 
  0x0000, 0x0000, 0x0000, 0x0000, 0x0000, 0x0000, 0x0000, 0x0000, 0x0000, 0x0000, 0x0000, 0x0000, 0x0000, 0x0000, 0x0000, 0x0000, 
  0x0000, 0x0000, 0x0000, 0x0000, 0x0000, 0x0000, 0x000f, 0x7be0, 0x9980, 0x07ff, 0x0000, 0x0000, 0x0000, 0x0000, 0x0000, 0x0000, 
  0x0000, 0x0000, 0x0000, 0x0000, 0x0000, 0x0000, 0x0000, 0x0000, 0x0000, 0x0000, 0x0000, 0x0000, 0x0000, 0x0000, 0x0000, 0x0000, 
  0x0000, 0x0000, 0x0000, 0x0000, 0x0000, 0x0000, 0x0000, 0x0000, 0x0000, 0x0000, 0x0000, 0x0000, 0x79e0, 0x0000, 0x0010, 0x38ca, 
  0xeb20, 0xffed, 0x07ff, 0x681f, 0xfb40, 0xffed, 0x07ff, 0x681f, 0xfb40, 0xff8c, 0x07f1, 0x38ce, 0x0000, 0x03e7, 0x0020, 0x0000, 
  0x0000, 0x0000, 0x0000, 0x0000, 0x0000, 0x0000, 0x0000, 0x0000, 0x0000, 0x0000, 0x0000, 0x0000, 0x0000, 0x0000, 0x0000, 0x0000, 
  0x0000, 0x0000, 0x0000, 0x0000, 0x0000, 0x0000, 0x0000, 0x0000, 0x0000, 0x0000, 0x0000, 0x0000, 0x0000, 0x0000, 0x0000, 0x0000, 
  0x0000, 0x0000, 0x0000, 0x0000, 0x0000, 0x0000, 0x0000, 0x0000, 0x0000, 0x0000, 0x0000, 0x0000, 0x0000, 0x0000, 0x0000, 0x0000, 
  0x0000, 0x0000, 0x0000, 0x0000, 0x0000, 0x0000, 0x0000, 0x0000, 0x0000, 0x0000, 0x0000, 0x0000, 0x0000, 0x0000, 0x0000, 0x0000, 
  0x0000, 0x0000, 0x0000, 0x0000, 0x0000, 0x0000, 0x0000, 0x0000, 0x0000, 0x0000, 0x0000, 0x0000, 0x0000, 0x0000, 0x0000, 0x0000, 
  0x0000, 0x0000, 0x0000, 0x0000, 0x0000, 0x0000, 0x0000, 0x0000, 0x0000, 0x0000, 0x0000, 0x0000, 0x0000, 0x0000, 0x0000, 0x0000, 
  0x0000, 0x0000, 0x0000, 0x0000, 0x0000, 0x07ff, 0x0000, 0x0000, 0xaa42, 0x97ee, 0x07ff, 0x681f, 0xfb40, 0xffed, 0x07ff, 0x681f, 
  0xfb40, 0xffed, 0x07fa, 0x585e, 0x50e5, 0x1000, 0x0000, 0x0000, 0x0000, 0x0000, 0x0000, 0x0000, 0x0000, 0x0000, 0x0000, 0x0000, 
  0x0000, 0x0000, 0x0000, 0x0000, 0x0000, 0x0000, 0x0000, 0x0000, 0x0000, 0x0000, 0x0000, 0x0000, 0x0000, 0x0000, 0x0000, 0x0000, 
  0x0000, 0x0000, 0x0000, 0x0000, 0x0000, 0x07e0, 0x0017, 0x3800, 0xb9e0, 0x05e7, 0x0037, 0x3800, 0xb9e0, 0x05e7, 0x002f, 0x3800, 
  0x7800, 0x0000, 0x0000, 0x0000, 0x0000, 0x0000, 0x0000, 0x0000, 0x0000, 0x0000, 0x0000, 0x0000, 0x0000, 0x0000, 0x0000, 0x0000, 
  0x0000, 0x0000, 0x0000, 0x0000, 0x0000, 0x0000, 0x0000, 0x0000, 0x0000, 0x0000, 0x0000, 0x0000, 0x0000, 0x0000, 0x0000, 0x0000, 
  0x0000, 0x0000, 0x0013, 0x3000, 0x0000, 0x0508, 0x12ff, 0x683f, 0xfb60, 0xffed, 0x07ff, 0x681f, 0xfb40, 0xffed, 0x07df, 0x681f, 
  0xca81, 0x4800, 0x0017, 0x3800, 0x0000, 0x0000, 0x0000, 0x0000, 0xfb40, 0xe7ed, 0x07ff, 0x681f, 0xfb40, 0xffed, 0x07ff, 0x681f, 
  0xf340, 0xfe6b, 0x0940, 0x0000, 0xfbe0, 0x0000, 0x0000, 0x0000, 0x0000, 0x0000, 0x0000, 0x0000, 0x0000, 0x0000, 0x0000, 0x0000, 
  0x0000, 0x0000, 0x0000, 0x0000, 0x0000, 0x0000, 0x0000, 0x0000, 0x0000, 0x0000, 0x0000, 0x0000, 0x0000, 0x0000, 0x0000, 0x0000, 
  0x0000, 0x0000, 0x0000, 0x0000, 0x03ef, 0x04c6, 0x002f, 0x0000, 0x0000, 0x0000, 0x5000, 0x03e0, 0x52aa, 0x0000, 0x0000, 0x0000, 
  0x0000, 0x0000, 0x0000, 0x0000, 0x0000, 0x0000, 0x0000, 0x0000, 0x0000, 0x0000, 0x0000, 0x0000, 0x0000, 0x0000, 0x0000, 0x0000, 
  0x0000, 0x0000, 0x0000, 0x0000, 0x0000, 0x0000, 0x0000, 0x0000, 0x0000, 0x0000, 0x0000, 0x0000, 0x0000, 0x07ea, 0x0000, 0x0000, 
  0xba61, 0xcfed, 0x07ff, 0x681f, 0xfb40, 0xffed, 0x07ff, 0x681f, 0xfb40, 0xffed, 0x07f8, 0x505a, 0x0007, 0x1000, 0x001f, 0x0000, 
  0x0000, 0x0000, 0x0000, 0x0000, 0x0000, 0x0000, 0x0000, 0x0000, 0x0000, 0x0000, 0x0000, 0x0000, 0x0000, 0x0000, 0x0000, 0x0000, 
  0x0000, 0x0000, 0x0000, 0x0000, 0x0000, 0x0000, 0x0000, 0x0000, 0x0000, 0x0000, 0x0000, 0x0000, 0x0000, 0x0000, 0x0000, 0x0000, 
  0x0000, 0x0000, 0x0000, 0x0000, 0x0000, 0x0000, 0x0000, 0x0000, 0x0000, 0x0000, 0x0000, 0x0000, 0x0000, 0x0000, 0x0000, 0x0000, 
  0x0000, 0x0000, 0x0000, 0x0000, 0x0000, 0x0000, 0x0000, 0x0000, 0x0000, 0x0000, 0x0000, 0x0000, 0x0000, 0x0000, 0x0000, 0x0000, 
  0x0000, 0x0000, 0x0000, 0x0000, 0x0000, 0x0000, 0x0000, 0x0000, 0x0000, 0x0000, 0x0000, 0x0000, 0x0000, 0x0000, 0x0000, 0x0000, 
  0x0000, 0x0000, 0x0000, 0x0000, 0x0000, 0x0000, 0x0000, 0x0000, 0x0000, 0x0000, 0x0000, 0x0000, 0x0000, 0x0000, 0x0000, 0x0000, 
  0x0000, 0x0000, 0x0000, 0x0000, 0x0000, 0x02aa, 0x0000, 0x0000, 0x5103, 0x36ab, 0x07bf, 0x681f, 0xfb40, 0xffed, 0x07ff, 0x681f, 
  0xfb40, 0xffed, 0x07df, 0x681f, 0xba61, 0xa000, 0x0016, 0x4800, 0x0000, 0x0000, 0x0000, 0x0000, 0x0000, 0x0000, 0x0000, 0x0000, 
  0x0000, 0x0000, 0x0000, 0x0000, 0x0000, 0x0000, 0x0000, 0x0000, 0x0000, 0x0000, 0x0000, 0x0000, 0x0000, 0x0000, 0x0000, 0x0000, 
  0x0000, 0x0000, 0x0000, 0x0000, 0x0000, 0x0000, 0x0000, 0x0000, 0x0000, 0x0000, 0x0000, 0x0000, 0x0000, 0x0000, 0x0000, 0x0000, 
  0x0000, 0x0000, 0x0000, 0x0000, 0x0000, 0x0000, 0x0000, 0x0000, 0x0000, 0x0000, 0x0000, 0x0000, 0x0000, 0x0000, 0x0000, 0x0000, 
  0x0000, 0x0000, 0x0000, 0x0000, 0x0000, 0x0000, 0x0000, 0x0000, 0x0000, 0x0000, 0x0000, 0x0000, 0x0000, 0x0000, 0x0000, 0x0000, 
  0x0000, 0x0000, 0x0013, 0x3000, 0x0000, 0x0508, 0x12ff, 0x683f, 0xfb60, 0xffed, 0x07ff, 0x681f, 0xfb40, 0xffed, 0x07df, 0x681f, 
  0xc281, 0x4800, 0x0017, 0x3800, 0x0000, 0x0000, 0x0000, 0x0000, 0xfb40, 0xe7ed, 0x07ff, 0x681f, 0xfb40, 0xffed, 0x07ff, 0x681f, 
  0xf340, 0xfe6b, 0x0940, 0x0000, 0xfbe0, 0x0000, 0x0000, 0x0000, 0x0000, 0x0000, 0x0000, 0x0000, 0x0000, 0x0000, 0x0000, 0x0000, 
  0x0000, 0x0000, 0x0000, 0x0000, 0x0000, 0x0000, 0x0000, 0x0000, 0x0000, 0x0000, 0x0000, 0x0000, 0x0000, 0x0000, 0x000f, 0x0000, 
  0x79e0, 0x07ef, 0x003f, 0x0000, 0x0000, 0x0000, 0x0007, 0x1966, 0x9203, 0x4d49, 0x15d6, 0x489f, 0x81c2, 0x3000, 0x0015, 0x5000, 
  0x0000, 0x0000, 0x0000, 0x0000, 0x0000, 0x0000, 0x0000, 0x0000, 0x0000, 0x0000, 0x0000, 0x0000, 0x0000, 0x0000, 0x0000, 0x0000, 
  0x0000, 0x0000, 0x0000, 0x0000, 0x0000, 0x0000, 0x0000, 0x0000, 0x0000, 0x0000, 0x0000, 0x0000, 0xb9e0, 0x05e7, 0x0020, 0x0000, 
  0x38c5, 0xcf8c, 0x07ff, 0x681f, 0xfb40, 0xffed, 0x07ff, 0x681f, 0xfb40, 0xffed, 0x07ff, 0x683f, 0xa222, 0x6000, 0x001f, 0x7800, 
  0x0000, 0x0000, 0x0000, 0x0000, 0x0000, 0x0000, 0x0000, 0x0000, 0x0000, 0x0000, 0x0000, 0x0000, 0x0000, 0x0000, 0x0000, 0x0000, 
  0x0000, 0x0000, 0x0000, 0x0000, 0x0000, 0x0000, 0x0000, 0x0000, 0x0000, 0x0000, 0x0000, 0x0000, 0x0000, 0x0000, 0x0000, 0x0000, 
  0x0000, 0x0000, 0x0000, 0x0000, 0x0000, 0x0000, 0x0000, 0x0000, 0x0000, 0x0000, 0x0000, 0x0000, 0x0000, 0x0000, 0x0000, 0x0000, 
  0x0000, 0x0000, 0x0000, 0x0000, 0x0000, 0x0000, 0x0000, 0x0000, 0x0000, 0x0000, 0x0000, 0x0000, 0x0000, 0x0000, 0x0000, 0x0000, 
  0x0000, 0x0000, 0x0000, 0x0000, 0x0000, 0x0000, 0x0000, 0x0000, 0x0000, 0x0000, 0x0000, 0x0000, 0x0000, 0x0000, 0x0000, 0x0000, 
  0x0000, 0x0000, 0x0000, 0x0000, 0x0000, 0x0000, 0x0000, 0x0000, 0x0000, 0x0000, 0x0000, 0x0000, 0x0000, 0x0000, 0x0000, 0x0000, 
  0x0000, 0x0000, 0x0000, 0x0000, 0x0000, 0x0000, 0x0013, 0x3000, 0x0000, 0x04a8, 0x153f, 0x681f, 0xfb40, 0xffed, 0x07ff, 0x681f, 
  0xfb40, 0xffed, 0x07ff, 0x681f, 0xfb40, 0xee09, 0x09a0, 0x0000, 0xfbe0, 0x0000, 0x0000, 0x0000, 0x0000, 0x0000, 0x0000, 0x0000, 
  0x0000, 0x0000, 0x0000, 0x0000, 0x0000, 0x0000, 0x0000, 0x0000, 0x0000, 0x0000, 0x0000, 0x0000, 0x0000, 0x0000, 0x0000, 0x0000, 
  0x0000, 0x0000, 0x0000, 0x0000, 0x0000, 0x0000, 0x0000, 0x0000, 0x0000, 0x0000, 0x0000, 0x0000, 0x0000, 0x0000, 0x0000, 0x0000, 
  0x0000, 0x0000, 0x0000, 0x0000, 0x0000, 0x0000, 0x0000, 0x0000, 0x0000, 0x0000, 0x0000, 0x0000, 0x0000, 0x0000, 0x0000, 0x0000, 
  0x0000, 0x0000, 0x0000, 0x0000, 0x0000, 0x0000, 0x0000, 0x0000, 0x0000, 0x0000, 0x0000, 0x0000, 0x0000, 0x0000, 0x0000, 0x0000, 
  0x0000, 0x0000, 0x0013, 0x3000, 0x0000, 0x0447, 0x12fe, 0x603f, 0xfb60, 0xffed, 0x07ff, 0x681f, 0xfb40, 0xffed, 0x07df, 0x681f, 
  0xdac0, 0x4800, 0x0017, 0x3800, 0x0000, 0x0000, 0x0000, 0x0000, 0xfb40, 0xe7ed, 0x07ff, 0x681f, 0xfb40, 0xffed, 0x07ff, 0x681f, 
  0xf340, 0xfe6b, 0x0940, 0x0000, 0xfbe0, 0x0000, 0x0000, 0x0000, 0x0000, 0x0000, 0x0000, 0x0000, 0x0000, 0x0000, 0x0000, 0x0000, 
  0x0000, 0x0000, 0x0000, 0x0000, 0x0000, 0x0000, 0x0000, 0x0000, 0x0000, 0x0000, 0x0000, 0x0000, 0x0000, 0x04c6, 0x003f, 0x7800, 
  0x0000, 0x03e0, 0x0000, 0x0000, 0x6963, 0x6569, 0x0d9a, 0x585b, 0xf321, 0xffed, 0x07df, 0x701f, 0xb261, 0xa800, 0x001f, 0x7800, 
  0x0000, 0x0000, 0x0000, 0x0000, 0x0000, 0x0000, 0x0000, 0x0000, 0x0000, 0x0000, 0x0000, 0x0000, 0x0000, 0x0000, 0x0000, 0x0000, 
  0x0000, 0x0000, 0x0000, 0x0000, 0x0000, 0x0000, 0x0000, 0x0000, 0x0000, 0x07e0, 0x0017, 0x3800, 0xfbe0, 0x0000, 0x0016, 0x486a, 
  0xc2a1, 0xffcc, 0x07ff, 0x681f, 0xfb40, 0xffed, 0x07ff, 0x681f, 0xfb40, 0xffed, 0x07ff, 0x681f, 0xe301, 0xd000, 0x001f, 0x7800, 
  0x0000, 0x0000, 0x0000, 0x0000, 0x0000, 0x0000, 0x0000, 0x0000, 0x0000, 0x0000, 0x0000, 0x0000, 0x0000, 0x0000, 0x0000, 0x0000, 
  0x0000, 0x0000, 0x0000, 0x0000, 0x0000, 0x0000, 0x0000, 0x0000, 0x0000, 0x0000, 0x0000, 0x0000, 0x0000, 0x0000, 0x0000, 0x0000, 
  0x0000, 0x0000, 0x0000, 0x0000, 0x0000, 0x0000, 0x0000, 0x0000, 0x0000, 0x0000, 0x0000, 0x0000, 0x0000, 0x0000, 0x0000, 0x0000, 
  0x0000, 0x0000, 0x0000, 0x0000, 0x0000, 0x0000, 0x0000, 0x0000, 0x0000, 0x0000, 0x0000, 0x0000, 0x0000, 0x0000, 0x0000, 0x0000, 
  0x0000, 0x0000, 0x0000, 0x0000, 0x0000, 0x0000, 0x0000, 0x0000, 0x0000, 0x0000, 0x0000, 0x0000, 0x0000, 0x0000, 0x0000, 0x0000, 
  0x0000, 0x0000, 0x0000, 0x0000, 0x0000, 0x0000, 0x0000, 0x0000, 0x0000, 0x0000, 0x0000, 0x0000, 0x0000, 0x0000, 0x0000, 0x0000, 
  0x0000, 0x0000, 0x0000, 0x0000, 0x0000, 0x0000, 0x0000, 0x0000, 0x0000, 0x0183, 0x38b8, 0x507f, 0xfb60, 0xffed, 0x07ff, 0x681f, 
  0xfb40, 0xffed, 0x07ff, 0x601f, 0xfb60, 0xfe6b, 0x0fca, 0x2107, 0x0000, 0x03e0, 0x0000, 0x0000, 0x0000, 0x0000, 0x0000, 0x0000, 
  0x0000, 0x0000, 0x0000, 0x0000, 0x0000, 0x0000, 0x0000, 0x0000, 0x0000, 0x0000, 0x0000, 0x0000, 0x0000, 0x0000, 0x0000, 0x0000, 
  0x0000, 0x0000, 0x0000, 0x0000, 0x0000, 0x0000, 0x0000, 0x0000, 0x0000, 0x0000, 0x0000, 0x0000, 0x0000, 0x0000, 0x0000, 0x0000, 
  0x0000, 0x0000, 0x0000, 0x0000, 0x0000, 0x0000, 0x0000, 0x0000, 0x0000, 0x0000, 0x0000, 0x0000, 0x0000, 0x0000, 0x0000, 0x0000, 
  0x0000, 0x0000, 0x0000, 0x0000, 0x0000, 0x0000, 0x0000, 0x0000, 0x0000, 0x0000, 0x0000, 0x0000, 0x0000, 0x0000, 0x0000, 0x0000, 
  0x0000, 0x0000, 0x000c, 0x3180, 0x0000, 0x0264, 0x22fc, 0x585f, 0xfb60, 0xffed, 0x07ff, 0x681f, 0xfb40, 0xffed, 0x07df, 0x681f, 
  0xe320, 0x4800, 0x001f, 0x7800, 0x0000, 0x0000, 0x0000, 0x0000, 0xfb40, 0xe7ed, 0x07ff, 0x681f, 0xfb40, 0xffed, 0x07ff, 0x681f, 
  0xf340, 0xfe6b, 0x0940, 0x0000, 0xfbe0, 0x0000, 0x0000, 0x0000, 0x0000, 0x0000, 0x0000, 0x0000, 0x0000, 0x0000, 0x0000, 0x0000, 
  0x0000, 0x0000, 0x0000, 0x0000, 0x0000, 0x03e7, 0x003f, 0x7800, 0xfbe0, 0x0000, 0x0000, 0x0000, 0x7800, 0x0000, 0x0008, 0x2144, 
  0x79c3, 0x6f8c, 0x02da, 0x503c, 0xfb40, 0xffee, 0x07ff, 0x681f, 0xfb60, 0xffed, 0x07ff, 0x681f, 0xeb00, 0xf3a6, 0x1980, 0x0000, 
  0x7800, 0x0000, 0x0000, 0x0000, 0x0000, 0x0000, 0x0000, 0x0000, 0x0000, 0x0000, 0x0000, 0x0000, 0x0000, 0x0000, 0x0000, 0x0000, 
  0x0000, 0x0000, 0x0000, 0x0000, 0x0000, 0x0000, 0x0017, 0x3800, 0xfbe0, 0x0000, 0x0003, 0x19e1, 0x9202, 0x568a, 0x06bf, 0x681f, 
  0xfb60, 0xffed, 0x07ff, 0x681f, 0xfb40, 0xffed, 0x07ff, 0x681f, 0xfb40, 0xffed, 0x07ff, 0x681f, 0xfb60, 0xfe2a, 0x0b80, 0x0000, 
  0xcb20, 0x0000, 0x0000, 0x0000, 0x0000, 0x0000, 0x0000, 0x0000, 0x0000, 0x0000, 0x0000, 0x0000, 0x0000, 0x0000, 0x0000, 0x0000, 
  0x0000, 0x0000, 0x0000, 0x0000, 0x0000, 0x0000, 0x0000, 0x0000, 0x0000, 0x0000, 0x0000, 0x0000, 0x0000, 0x0000, 0x0000, 0x0000, 
  0x0000, 0x0000, 0x0000, 0x0000, 0x0000, 0x0000, 0x0000, 0x0000, 0x0000, 0x0000, 0x0000, 0x0000, 0x0000, 0x0000, 0x0000, 0x0000, 
  0x0000, 0x0000, 0x0000, 0x0000, 0x0000, 0x0000, 0x0000, 0x0000, 0x0000, 0x0000, 0x0000, 0x0000, 0x0000, 0x0000, 0x0000, 0x0000, 
  0x0000, 0x0000, 0x0000, 0x0000, 0x0000, 0x0000, 0x0000, 0x0000, 0x0000, 0x0000, 0x0000, 0x0000, 0x0000, 0x0000, 0x0000, 0x0000, 
  0x0000, 0x0000, 0x0000, 0x0000, 0x0000, 0x0000, 0x0000, 0x0000, 0x0000, 0x0000, 0x0000, 0x0000, 0x0000, 0x0000, 0x0000, 0x0000, 
  0x0000, 0x0000, 0x0000, 0x0000, 0x0000, 0x0000, 0x0000, 0x0000, 0xfbe0, 0x0000, 0x0012, 0x38af, 0xf320, 0xffed, 0x07df, 0x681f, 
  0xfb40, 0xffed, 0x07ff, 0x681f, 0xfb40, 0xffed, 0x07f9, 0x5074, 0x0000, 0x06cd, 0x0020, 0x0000, 0x0000, 0x0000, 0x0000, 0x0000, 
  0x0000, 0x0000, 0x0000, 0x0000, 0x0000, 0x0000, 0x0000, 0x0000, 0x0000, 0x0000, 0x0000, 0x0000, 0x0000, 0x0000, 0x0000, 0x0000, 
  0x0000, 0x0000, 0x0000, 0x0000, 0x0000, 0x0000, 0x0000, 0x0000, 0x0000, 0x0000, 0x0000, 0x0000, 0x0000, 0x0000, 0x0000, 0x0000, 
  0x0000, 0x0000, 0x0000, 0x0000, 0x0000, 0x0000, 0x0000, 0x0000, 0x0000, 0x0000, 0x0000, 0x0000, 0x0000, 0x0000, 0x0000, 0x0000, 
  0x0000, 0x0000, 0x0000, 0x0000, 0x0000, 0x0000, 0x0000, 0x0000, 0x0000, 0x0000, 0x0000, 0x0000, 0x0000, 0x0000, 0x0000, 0x0000, 
  0x0000, 0x0000, 0x0006, 0x3180, 0x0000, 0x0183, 0x2afb, 0x587f, 0xfb60, 0xffed, 0x07ff, 0x681f, 0xfb40, 0xffed, 0x07df, 0x681f, 
  0xe320, 0x4800, 0x001f, 0x7800, 0x0000, 0x0000, 0x0000, 0x0000, 0xfb40, 0xe7ed, 0x07ff, 0x681f, 0xfb40, 0xffed, 0x07ff, 0x681f, 
  0xf340, 0xfe6b, 0x0940, 0x0000, 0xfbe0, 0x0000, 0x0000, 0x0000, 0x0000, 0x0000, 0x0000, 0x0000, 0x03ef, 0x05e7, 0x003f, 0x7800, 
  0xfbe0, 0x07ef, 0x003f, 0x7800, 0xfbe0, 0x0000, 0x0000, 0x0000, 0x0805, 0x1284, 0x2938, 0x5002, 0xa242, 0x5589, 0x0e3c, 0x585a, 
  0xf341, 0xffee, 0x07ff, 0x681f, 0xfb40, 0xffed, 0x07df, 0x681f, 0xfb40, 0xffed, 0x07ff, 0x681f, 0xfb60, 0xfe4a, 0x0ca0, 0x0000, 
  0xfaa0, 0x0000, 0x0000, 0x0000, 0x0000, 0x0000, 0x0000, 0x0000, 0x0000, 0x0000, 0x0000, 0x0000, 0x0000, 0x0000, 0x0000, 0x0000, 
  0x0000, 0x0000, 0x0000, 0x0000, 0xfaa0, 0x066c, 0x0020, 0x0000, 0x0007, 0x0c27, 0x1a97, 0x5079, 0xf340, 0xffee, 0x07ff, 0x681f, 
  0xfb40, 0xffed, 0x07ff, 0x681f, 0xfb40, 0xffed, 0x07ff, 0x681f, 0xfb40, 0xffed, 0x07ff, 0x681f, 0xfba0, 0xfe8b, 0x0e60, 0x0181, 
  0x0000, 0x07e0, 0x0000, 0x0000, 0x0000, 0x0000, 0x0000, 0x0000, 0x0000, 0x0000, 0x0000, 0x0000, 0x0000, 0x0000, 0x0000, 0x0000, 
  0x0000, 0x0000, 0x0000, 0x0000, 0x0000, 0x0000, 0x0000, 0x0000, 0x0000, 0x0000, 0x0000, 0x0000, 0x0000, 0x0000, 0x0000, 0x0000, 
  0x0000, 0x0000, 0x0000, 0x0000, 0x0000, 0x0000, 0x0000, 0x0000, 0x0000, 0x0000, 0x0000, 0x0000, 0x0000, 0x0000, 0x0000, 0x0000, 
  0x0000, 0x0000, 0x0000, 0x0000, 0x0000, 0x0000, 0x0000, 0x0000, 0x0000, 0x0000, 0x0000, 0x0000, 0x0000, 0x0000, 0x0000, 0x0000, 
  0x0000, 0x0000, 0x0000, 0x0000, 0x0000, 0x0000, 0x0000, 0x0000, 0x0000, 0x0000, 0x0000, 0x0000, 0x0000, 0x0000, 0x0000, 0x0000, 
  0x0000, 0x0000, 0x0000, 0x0000, 0x0000, 0x0000, 0x0000, 0x0000, 0x0000, 0x0000, 0x0000, 0x0000, 0x0000, 0x0000, 0x0000, 0x0000, 
  0x0000, 0x0000, 0x0000, 0x0000, 0x0000, 0x0000, 0x0000, 0x0000, 0x0000, 0x05e7, 0x0020, 0x0000, 0xd2c1, 0xc7ee, 0x07ff, 0x681f, 
  0xfb40, 0xffed, 0x07ff, 0x681f, 0xfb40, 0xffed, 0x07ff, 0x681f, 0xc281, 0x8000, 0x0013, 0x3000, 0x0000, 0x0000, 0x0000, 0x0000, 
  0x0000, 0x0000, 0x0000, 0x0000, 0x0000, 0x0000, 0x0000, 0x0000, 0x0000, 0x0000, 0x0000, 0x0000, 0x0000, 0x0000, 0x0000, 0x0000, 
  0x0000, 0x0000, 0x0000, 0x0000, 0x0000, 0x0000, 0x0000, 0x0000, 0x0000, 0x0000, 0x0000, 0x0000, 0x0000, 0x0000, 0x0000, 0x0000, 
  0x0000, 0x0000, 0x0000, 0x0000, 0x0000, 0x0000, 0x0000, 0x0000, 0x0000, 0x0000, 0x0000, 0x0000, 0x0000, 0x0000, 0x0000, 0x0000, 
  0x0000, 0x0000, 0x0000, 0x0000, 0x0000, 0x0000, 0x0000, 0x0000, 0x0000, 0x0000, 0x0000, 0x0000, 0x0000, 0x0000, 0x0000, 0x0000, 
  0x0000, 0x0000, 0x000c, 0x3180, 0x0000, 0x01c3, 0x2afb, 0x587f, 0xfb60, 0xffed, 0x07ff, 0x681f, 0xfb40, 0xffed, 0x07df, 0x681f, 
  0xe320, 0x4800, 0x001f, 0x7800, 0x0000, 0x0000, 0x0000, 0x0000, 0xfb40, 0xe7ed, 0x07ff, 0x681f, 0xfb40, 0xffed, 0x07ff, 0x681f, 
  0xf340, 0xfe6b, 0x0940, 0x0000, 0xfbe0, 0x0000, 0x0000, 0x0000, 0x0000, 0x0000, 0x0000, 0x0000, 0x0000, 0x0000, 0x0000, 0x0000, 
  0x0000, 0x0000, 0x0000, 0x0000, 0x3945, 0x0c67, 0x13be, 0x600d, 0xc281, 0xbe4a, 0x0ffc, 0x603f, 0xf340, 0xffed, 0x07ff, 0x681f, 
  0xfb40, 0xffed, 0x07df, 0x681f, 0xfb40, 0xffed, 0x07ff, 0x681f, 0xfb40, 0xffed, 0x07ff, 0x681f, 0xfb60, 0xff2c, 0x07f3, 0x40a5, 
  0x0000, 0x03ef, 0x0000, 0x0000, 0x0000, 0x0000, 0x0000, 0x0000, 0x0000, 0x0000, 0x0000, 0x0000, 0x0000, 0x0000, 0x0000, 0x0000, 
  0x0000, 0x0000, 0x001f, 0x7800, 0xffe0, 0x0000, 0x000f, 0x30cb, 0xc281, 0xcf6c, 0x07ff, 0x681f, 0xfb40, 0xffed, 0x07ff, 0x681f, 
  0xfb40, 0xffed, 0x07ff, 0x681f, 0xfb40, 0xffed, 0x07ff, 0x681f, 0xfb40, 0xffed, 0x07ff, 0x681f, 0xeae0, 0xad28, 0x0a00, 0x0000, 
  0xfbe0, 0x0000, 0x0000, 0x0000, 0x0000, 0x0000, 0x0000, 0x0000, 0x0000, 0x0000, 0x0000, 0x0000, 0x0000, 0x0000, 0x0000, 0x0000, 
  0x0000, 0x0000, 0x0000, 0x0000, 0x0000, 0x0000, 0x0000, 0x0000, 0x0000, 0x0000, 0x0000, 0x0000, 0x0000, 0x0000, 0x0000, 0x0000, 
  0x0000, 0x0000, 0x0000, 0x0000, 0x0000, 0x0000, 0x0000, 0x0000, 0x0000, 0x0000, 0x0000, 0x0000, 0x0000, 0x0000, 0x0000, 0x0000, 
  0x0000, 0x0000, 0x0000, 0x0000, 0x0000, 0x0000, 0x0000, 0x0000, 0x0000, 0x0000, 0x0000, 0x0000, 0x0000, 0x0000, 0x0000, 0x0000, 
  0x0000, 0x0000, 0x0000, 0x0000, 0x0000, 0x0000, 0x0000, 0x0000, 0x0000, 0x0000, 0x0000, 0x0000, 0x0000, 0x0000, 0x0000, 0x0000, 
  0x0000, 0x0000, 0x0000, 0x0000, 0x0000, 0x0000, 0x0000, 0x0000, 0x0000, 0x0000, 0x0000, 0x0000, 0x0000, 0x0000, 0x0000, 0x0000, 
  0x0000, 0x0000, 0x0000, 0x0000, 0x0000, 0x0000, 0x0000, 0x0000, 0x0000, 0x03ef, 0x0000, 0x0000, 0x89a2, 0x376c, 0x077f, 0x681f, 
  0xfb40, 0xffed, 0x07ff, 0x681f, 0xfb40, 0xffed, 0x07ff, 0x681f, 0xfb60, 0xfce8, 0x1400, 0x0000, 0xfbe0, 0x0000, 0x0000, 0x0000, 
  0x0000, 0x0000, 0x0000, 0x0000, 0x0000, 0x0000, 0x0000, 0x0000, 0x0000, 0x0000, 0x0000, 0x0000, 0x0000, 0x0000, 0x0000, 0x0000, 
  0x0000, 0x0000, 0x0000, 0x0000, 0x0000, 0x0000, 0x0000, 0x0000, 0x0000, 0x0000, 0x0000, 0x0000, 0x0000, 0x0000, 0x0000, 0x0000, 
  0x0000, 0x0000, 0x0000, 0x0000, 0x0000, 0x0000, 0x0000, 0x0000, 0x0000, 0x0000, 0x0000, 0x0000, 0x0000, 0x0000, 0x0000, 0x0000, 
  0x0000, 0x0000, 0x0000, 0x0000, 0x0000, 0x0000, 0x0000, 0x0000, 0x0000, 0x0000, 0x0000, 0x0000, 0x0000, 0x0000, 0x0000, 0x0000, 
  0x0000, 0x0000, 0x000f, 0x3800, 0x0000, 0x03c6, 0x131d, 0x603f, 0xfb60, 0xffed, 0x07ff, 0x681f, 0xfb40, 0xffed, 0x07df, 0x681f, 
  0xdb00, 0x4800, 0x001f, 0x7800, 0x0000, 0x0000, 0x0000, 0x0000, 0xfb40, 0xe7ed, 0x07ff, 0x681f, 0xfb40, 0xffed, 0x07ff, 0x681f, 
  0xf340, 0xfe6b, 0x0940, 0x0000, 0xfbe0, 0x0000, 0x0000, 0x0000, 0x0000, 0x0000, 0x0000, 0x0000, 0x3905, 0x1468, 0x197a, 0x5025, 
  0x89c2, 0xc549, 0x16bd, 0x581a, 0xfb40, 0xdfcd, 0x07ff, 0x701f, 0xfb80, 0xffed, 0x07ff, 0x681f, 0xfb40, 0xffed, 0x07df, 0x681f, 
  0xfb40, 0xffed, 0x07ff, 0x681f, 0xfb40, 0xffed, 0x07ff, 0x681f, 0xfb40, 0xffed, 0x07ff, 0x681f, 0xfb40, 0xffed, 0x07f8, 0x5056, 
  0x0000, 0x07ea, 0x0000, 0x0000, 0x0000, 0x0000, 0x0000, 0x0000, 0x0000, 0x0000, 0x0000, 0x0000, 0x0000, 0x0000, 0x0015, 0x5000, 
  0xfd40, 0x0000, 0x001f, 0x0000, 0x7983, 0x168a, 0x041e, 0x683f, 0xfb80, 0xffed, 0x07ff, 0x681f, 0xfb40, 0xffed, 0x07ff, 0x681f, 
  0xfb40, 0xffed, 0x07ff, 0x681f, 0xfb40, 0xffed, 0x07ff, 0x681f, 0xfb60, 0xfe8b, 0x0f51, 0x38b0, 0x0000, 0x0000, 0x0000, 0x0000, 
  0x0000, 0x0000, 0x0000, 0x0000, 0x0000, 0x0000, 0x0000, 0x0000, 0x0000, 0x0000, 0x0000, 0x0000, 0x0000, 0x0000, 0x0000, 0x0000, 
  0x0000, 0x0000, 0x0000, 0x0000, 0x0000, 0x0000, 0x0000, 0x0000, 0x0000, 0x0000, 0x0000, 0x0000, 0x0000, 0x0000, 0x0000, 0x0000, 
  0x0000, 0x0000, 0x0000, 0x0000, 0x0000, 0x0000, 0x0000, 0x0000, 0x0000, 0x0000, 0x0000, 0x0000, 0x0000, 0x0000, 0x0000, 0x0000, 
  0x0000, 0x0000, 0x0000, 0x0000, 0x0000, 0x0000, 0x0000, 0x0000, 0x0000, 0x0000, 0x0000, 0x0000, 0x0000, 0x0000, 0x0000, 0x0000, 
  0x0000, 0x0000, 0x0000, 0x0000, 0x0000, 0x0000, 0x0000, 0x0000, 0x0000, 0x0000, 0x0000, 0x0000, 0x0000, 0x0000, 0x0000, 0x0000, 
  0x0000, 0x0000, 0x0000, 0x0000, 0x0000, 0x0000, 0x0000, 0x0000, 0x0000, 0x0000, 0x0000, 0x0000, 0x0000, 0x0000, 0x0000, 0x0000, 
  0x0000, 0x0000, 0x0000, 0x0000, 0x0000, 0x0000, 0x0000, 0x0000, 0x0000, 0x0000, 0x0013, 0x3000, 0x0000, 0x0549, 0x13df, 0x683f, 
  0xfb40, 0xffed, 0x07ff, 0x681f, 0xfb40, 0xffed, 0x07ff, 0x681f, 0xfb60, 0xff6c, 0x07f2, 0x40af, 0x0000, 0x0666, 0x0020, 0x0000, 
  0x0000, 0x0000, 0x0000, 0x0000, 0x0000, 0x0000, 0x0000, 0x0000, 0x0000, 0x0000, 0x0000, 0x0000, 0x0000, 0x0000, 0x0000, 0x0000, 
  0x0000, 0x0000, 0x0000, 0x0000, 0x0000, 0x0000, 0x0000, 0x0000, 0x0000, 0x0000, 0x0000, 0x0000, 0x0000, 0x0000, 0x0000, 0x0000, 
  0x0000, 0x0000, 0x0000, 0x0000, 0x0000, 0x0000, 0x0000, 0x0000, 0x0000, 0x0000, 0x0000, 0x0000, 0x0000, 0x0000, 0x0000, 0x0000, 
  0x0000, 0x0000, 0x0000, 0x0000, 0x0000, 0x0000, 0x0000, 0x0000, 0x0000, 0x0000, 0x0000, 0x0000, 0x0000, 0x0000, 0x0000, 0x0000, 
  0x0000, 0x0000, 0x0019, 0x3000, 0x0000, 0x05e9, 0x0aff, 0x681f, 0xfb40, 0xffed, 0x07ff, 0x681f, 0xfb40, 0xffed, 0x07df, 0x681f, 
  0xca81, 0x4800, 0x0017, 0x3800, 0x0000, 0x0000, 0x0000, 0x0000, 0xfb40, 0xe7ed, 0x07ff, 0x681f, 0xfb40, 0xffed, 0x07ff, 0x681f, 
  0xf340, 0xfe6b, 0x0940, 0x0000, 0xfbe0, 0x0000, 0x0000, 0x0000, 0x0000, 0x0326, 0x3020, 0x0000, 0x7183, 0x7f0c, 0x0fff, 0x681f, 
  0xfb60, 0xffed, 0x07ff, 0x681f, 0xfb60, 0xffed, 0x07df, 0x681f, 0xfb40, 0xffed, 0x07ff, 0x681f, 0xfb40, 0xffed, 0x07ff, 0x681f, 
  0xfb40, 0xffed, 0x07ff, 0x681f, 0xfb40, 0xffed, 0x07ff, 0x681f, 0xfb40, 0xffed, 0x07ff, 0x681f, 0xfb40, 0xffed, 0x07fe, 0x601e, 
  0xba41, 0x3000, 0x001f, 0x7800, 0x0000, 0x0000, 0x0000, 0x0000, 0x0000, 0x0000, 0x0000, 0x0000, 0x0000, 0x05e7, 0x003f, 0x7800, 
  0x0000, 0x03a6, 0x2077, 0x5050, 0xeb00, 0xe7ee, 0x07ff, 0x681f, 0xfb40, 0xffed, 0x07ff, 0x681f, 0xfb40, 0xffed, 0x07ff, 0x681f, 
  0xfb40, 0xffed, 0x07ff, 0x681f, 0xfb60, 0xffed, 0x07f9, 0x505e, 0x9a22, 0x82c4, 0x18e0, 0x0000, 0xcb20, 0x07ef, 0x0000, 0x0000, 
  0x0000, 0x0000, 0x0000, 0x0000, 0x0000, 0x0000, 0x0000, 0x0000, 0x0000, 0x0000, 0x0000, 0x0000, 0x0000, 0x0000, 0x0000, 0x0000, 
  0x0000, 0x0000, 0x0000, 0x0000, 0x0000, 0x0000, 0x0000, 0x0000, 0x0000, 0x0000, 0x0000, 0x0000, 0x0000, 0x0000, 0x0000, 0x0000, 
  0x0000, 0x0000, 0x0000, 0x0000, 0x0000, 0x0000, 0x0000, 0x0000, 0x0000, 0x0000, 0x0000, 0x0000, 0x0000, 0x0000, 0x0000, 0x0000, 
  0x0000, 0x0000, 0x0000, 0x0000, 0x0000, 0x0000, 0x0000, 0x0000, 0x0000, 0x0000, 0x0000, 0x0000, 0x0000, 0x0000, 0x0000, 0x0000, 
  0x0000, 0x0000, 0x0000, 0x0000, 0x0000, 0x0000, 0x0000, 0x0000, 0x0000, 0x0000, 0x0000, 0x0000, 0x0000, 0x0000, 0x0000, 0x0000, 
  0x0000, 0x0000, 0x0000, 0x0000, 0x0000, 0x0000, 0x0000, 0x0000, 0x0000, 0x0000, 0x0000, 0x0000, 0x0000, 0x0000, 0x0000, 0x0000, 
  0x0000, 0x0000, 0x0000, 0x0000, 0x0000, 0x0000, 0x0000, 0x0000, 0x0000, 0x0000, 0x0000, 0x0000, 0xfd40, 0x0000, 0x5858, 0x5076, 
  0xfb80, 0xffed, 0x07ff, 0x681f, 0xfb40, 0xffed, 0x07ff, 0x681f, 0xfb40, 0xffed, 0x07dd, 0x603f, 0x9202, 0x8000, 0x001f, 0x3800, 
  0xaaa0, 0x0000, 0x0000, 0x0000, 0x0000, 0x0000, 0x0000, 0x0000, 0x0000, 0x0000, 0x0000, 0x0000, 0x0000, 0x0000, 0x0000, 0x0000, 
  0x0000, 0x0000, 0x0000, 0x0000, 0x0000, 0x0000, 0x0000, 0x0000, 0x0000, 0x0000, 0x0000, 0x0000, 0x0000, 0x0000, 0x0000, 0x0000, 
  0x0000, 0x0000, 0x0000, 0x0000, 0x0000, 0x0000, 0x0000, 0x0000, 0x0000, 0x0000, 0x0000, 0x0000, 0x0000, 0x0000, 0x0000, 0x0000, 
  0x0000, 0x0000, 0x0000, 0x0000, 0x0000, 0x0000, 0x0000, 0x0000, 0x0000, 0x0000, 0x0000, 0x0000, 0x0000, 0x0000, 0x0000, 0x0000, 
  0x0000, 0x0000, 0x001f, 0x7800, 0x0000, 0x064a, 0x0c3f, 0x701f, 0xfb40, 0xffed, 0x07ff, 0x681f, 0xfb40, 0xffed, 0x07de, 0x603f, 
  0x9a02, 0x4800, 0x0017, 0x3800, 0x0000, 0x0000, 0x0000, 0x0000, 0xfb40, 0xe7ed, 0x07ff, 0x681f, 0xfb40, 0xffed, 0x07ff, 0x681f, 
  0xf340, 0xfe6b, 0x0940, 0x0000, 0xfbe0, 0x0000, 0x0000, 0x0000, 0x0000, 0x04c6, 0x0020, 0x0000, 0x81c2, 0x7fcc, 0x07ff, 0x681e, 
  0xfb40, 0xffed, 0x07df, 0x681f, 0xfb40, 0xffed, 0x07ff, 0x681f, 0xfb40, 0xffed, 0x07ff, 0x681f, 0xfb40, 0xffed, 0x07ff, 0x681f, 
  0xfb40, 0xffed, 0x07ff, 0x681f, 0xfb40, 0xffed, 0x07df, 0x681f, 0xfb40, 0xffed, 0x07ff, 0x681f, 0xfb40, 0xffcc, 0x07ff, 0x681f, 
  0xba81, 0xe840, 0x28a0, 0x0000, 0x0000, 0x0000, 0x0000, 0x0000, 0x0000, 0x03e0, 0x0017, 0x3800, 0xffe0, 0x0000, 0x000e, 0x30c3, 
  0xba81, 0x7eeb, 0x077f, 0x681f, 0xfb60, 0xffed, 0x07df, 0x681f, 0xfb40, 0xffed, 0x07ff, 0x681f, 0xfb40, 0xffed, 0x07ff, 0x681f, 
  0xfb40, 0xffed, 0x07ff, 0x701f, 0xe300, 0xe508, 0x1445, 0x1942, 0x000a, 0x07f5, 0x001f, 0x7800, 0x0000, 0x0000, 0x0000, 0x0000, 
  0x0000, 0x0000, 0x0000, 0x0000, 0x0000, 0x0000, 0x0000, 0x0000, 0x0000, 0x0000, 0x0000, 0x0000, 0x0000, 0x0000, 0x0000, 0x0000, 
  0x0000, 0x0000, 0x0000, 0x0000, 0x0000, 0x0000, 0x0000, 0x0000, 0x0000, 0x0000, 0x0000, 0x0000, 0x0000, 0x0000, 0x0000, 0x0000, 
  0x0000, 0x0000, 0x0000, 0x0000, 0x0000, 0x0000, 0x0000, 0x0000, 0x0000, 0x0000, 0x0000, 0x0000, 0x0000, 0x0000, 0x0000, 0x0000, 
  0x0000, 0x0000, 0x0000, 0x0000, 0x0000, 0x0000, 0x0000, 0x0000, 0x0000, 0x0000, 0x0000, 0x0000, 0x0000, 0x0000, 0x0000, 0x0000, 
  0x0000, 0x0000, 0x0000, 0x0000, 0x0000, 0x0000, 0x0000, 0x0000, 0x0000, 0x0000, 0x0000, 0x0000, 0x0000, 0x0000, 0x0000, 0x0000, 
  0x0000, 0x0000, 0x0000, 0x0000, 0x0000, 0x0000, 0x0000, 0x0000, 0x0000, 0x0000, 0x0000, 0x0000, 0x0000, 0x0000, 0x0000, 0x0000, 
  0x0000, 0x0000, 0x0000, 0x0000, 0x0000, 0x0000, 0x0000, 0x0000, 0x0000, 0x0000, 0x0000, 0x0000, 0xf800, 0x0000, 0x0006, 0x3000, 
  0xeb20, 0xbfee, 0x07ff, 0x681f, 0xfb40, 0xffed, 0x07ff, 0x681f, 0xfb40, 0xffed, 0x07ff, 0x681f, 0xf340, 0xfde9, 0x0be0, 0x0000, 
  0xb9e0, 0x07e0, 0x0000, 0x0000, 0x0000, 0x0000, 0x0000, 0x0000, 0x0000, 0x0000, 0x0000, 0x0000, 0x0000, 0x0000, 0x0000, 0x0000, 
  0x0000, 0x0000, 0x0000, 0x0000, 0x0000, 0x0000, 0x0000, 0x0000, 0x0000, 0x0000, 0x0000, 0x0000, 0x0000, 0x0000, 0x0000, 0x0000, 
  0x0000, 0x0000, 0x0000, 0x0000, 0x0000, 0x0000, 0x0000, 0x0000, 0x0000, 0x0000, 0x0000, 0x0000, 0x0000, 0x0000, 0x0000, 0x0000, 
  0x0000, 0x0000, 0x0000, 0x0000, 0x0000, 0x0000, 0x0000, 0x0000, 0x0000, 0x0000, 0x0000, 0x0000, 0x0000, 0x0000, 0x0000, 0x0000, 
  0x0000, 0x0000, 0x0000, 0x0000, 0x50e5, 0x168b, 0x0fbf, 0x681f, 0xfb40, 0xffed, 0x07ff, 0x681f, 0xfb40, 0xffed, 0x07db, 0x585f, 
  0x5104, 0x4800, 0x000f, 0x3800, 0x0000, 0x0000, 0x0000, 0x0000, 0xfb40, 0xe7ed, 0x07ff, 0x681f, 0xfb40, 0xffed, 0x07ff, 0x681f, 
  0xf340, 0xfe6b, 0x0940, 0x0000, 0xfbe0, 0x0000, 0x0000, 0x0000, 0x0000, 0x04c6, 0x0020, 0x0000, 0x81c3, 0x7fac, 0x07ff, 0x681f, 
  0xfb40, 0xffed, 0x07ff, 0x681f, 0xfb40, 0xffed, 0x07ff, 0x681f, 0xfb40, 0xffed, 0x07ff, 0x681f, 0xfb40, 0xffed, 0x07ff, 0x681f, 
  0xfb40, 0xffed, 0x07df, 0x681f, 0xfb60, 0xffed, 0x07ff, 0x681f, 0xfb40, 0xffed, 0x07ff, 0x681f, 0xfb40, 0xffed, 0x07ff, 0x681f, 
  0xf340, 0xfc07, 0x1be0, 0x0000, 0xaaa0, 0x0000, 0x0000, 0x0000, 0xaaa0, 0x07ef, 0x0000, 0x0000, 0x000f, 0x04e8, 0x143c, 0x603c, 
  0xfb80, 0xffed, 0x07ff, 0x681f, 0xfb40, 0xffed, 0x07ff, 0x681f, 0xfb40, 0xffed, 0x07ff, 0x681f, 0xfb40, 0xffed, 0x07ff, 0x681f, 
  0xfb60, 0xfeeb, 0x07f9, 0x5050, 0x79a3, 0x2000, 0x000f, 0x0000, 0xb9e0, 0x0000, 0x0000, 0x0000, 0x0000, 0x0000, 0x0000, 0x0000, 
  0x0000, 0x0000, 0x0000, 0x0000, 0x0000, 0x0000, 0x0000, 0x0000, 0x0000, 0x0000, 0x0000, 0x0000, 0x0000, 0x0000, 0x0000, 0x0000, 
  0x0000, 0x0000, 0x0000, 0x0000, 0x0000, 0x0000, 0x0000, 0x0000, 0x0000, 0x0000, 0x0000, 0x0000, 0x0000, 0x0000, 0x0000, 0x0000, 
  0x0000, 0x0000, 0x0000, 0x0000, 0x0000, 0x0000, 0x0000, 0x0000, 0x0000, 0x0000, 0x0000, 0x0000, 0x0000, 0x0000, 0x0000, 0x0000, 
  0x0000, 0x0000, 0x0000, 0x0000, 0x0000, 0x0000, 0x0000, 0x0000, 0x0000, 0x0000, 0x0000, 0x0000, 0x0000, 0x0000, 0x0000, 0x0000, 
  0x0000, 0x0000, 0x0000, 0x0000, 0x0000, 0x0000, 0x0000, 0x0000, 0x0000, 0x0000, 0x0000, 0x0000, 0x0000, 0x0000, 0x0000, 0x0000, 
  0x0000, 0x0000, 0x0000, 0x0000, 0x0000, 0x0000, 0x0000, 0x0000, 0x0000, 0x0000, 0x0000, 0x0000, 0x0000, 0x0000, 0x0000, 0x0000, 
  0x0000, 0x0000, 0x0000, 0x0000, 0x0000, 0x0000, 0x0000, 0x0000, 0x0000, 0x0000, 0x0000, 0x0000, 0x0000, 0x03e7, 0x0020, 0x0000, 
  0x7183, 0x5ecb, 0x0fff, 0x681f, 0xfb20, 0xffed, 0x07ff, 0x681f, 0xfb40, 0xffed, 0x07ff, 0x681f, 0xfb40, 0xffcd, 0x07f7, 0x5072, 
  0x38a5, 0x2800, 0x0015, 0x5000, 0x0000, 0x0000, 0x0000, 0x0000, 0x0000, 0x0000, 0x0000, 0x0000, 0x0000, 0x0000, 0x0000, 0x0000, 
  0x0000, 0x0000, 0x0000, 0x0000, 0x0000, 0x0000, 0x0000, 0x0000, 0x0000, 0x0000, 0x0000, 0x0000, 0x0000, 0x0000, 0x0000, 0x0000, 
  0x0000, 0x0000, 0x0000, 0x0000, 0x0000, 0x0000, 0x0000, 0x0000, 0x0000, 0x0000, 0x0000, 0x0000, 0x0000, 0x0000, 0x0000, 0x0000, 
  0x0000, 0x0000, 0x0000, 0x0000, 0x0000, 0x0000, 0x0000, 0x0000, 0x0000, 0x0000, 0x0000, 0x0000, 0x0000, 0x0000, 0x0000, 0x0000, 
  0x0000, 0x04c6, 0x0020, 0x0000, 0x89e2, 0xa7ed, 0x07ff, 0x681f, 0xfb40, 0xffed, 0x07ff, 0x681f, 0xfb40, 0xffee, 0x07fc, 0x5836, 
  0x0000, 0x07f5, 0x0000, 0x0000, 0x0000, 0x0000, 0x0000, 0x0000, 0xfb40, 0xe7ed, 0x07ff, 0x681f, 0xfb40, 0xffed, 0x07ff, 0x681f, 
  0xf340, 0xfe6b, 0x0940, 0x0000, 0xfbe0, 0x0000, 0x0000, 0x0000, 0x0000, 0x04c6, 0x0020, 0x0000, 0x81c3, 0x7fcc, 0x07ff, 0x681f, 
  0xfb40, 0xffed, 0x07ff, 0x681f, 0xfb40, 0xffed, 0x07ff, 0x681f, 0xfb40, 0xffed, 0x07ff, 0x681f, 0xfb40, 0xffed, 0x07ff, 0x681f, 
  0xfb60, 0xff8c, 0x07f9, 0x587e, 0xcaa1, 0xabe6, 0x1d38, 0x507b, 0xfb60, 0xffcd, 0x07ff, 0x681f, 0xfb40, 0xffed, 0x07ff, 0x681f, 
  0xfb60, 0xfe2a, 0x0ec0, 0x0202, 0x0000, 0x03ea, 0x2837, 0x3800, 0x0000, 0x02a4, 0x2112, 0x40af, 0xc281, 0xf7ed, 0x07ff, 0x681f, 
  0xfb40, 0xffed, 0x07ff, 0x681f, 0xfb40, 0xffed, 0x07ff, 0x681f, 0xfb40, 0xffed, 0x07ff, 0x681f, 0xfb40, 0xffee, 0x07fd, 0x603c, 
  0xc281, 0x8aa5, 0x106a, 0x0000, 0xfbe0, 0x054a, 0x0000, 0x0000, 0x0000, 0x0000, 0x0000, 0x0000, 0x0000, 0x0000, 0x0000, 0x0000, 
  0x0000, 0x0000, 0x0000, 0x0000, 0x0000, 0x0000, 0x0000, 0x0000, 0x0000, 0x0000, 0x0000, 0x0000, 0x0000, 0x0000, 0x0000, 0x0000, 
  0x0000, 0x0000, 0x0000, 0x0000, 0x0000, 0x0000, 0x0000, 0x0000, 0x0000, 0x0000, 0x0000, 0x0000, 0x0000, 0x0000, 0x0000, 0x0000, 
  0x0000, 0x0000, 0x0000, 0x0000, 0x0000, 0x0000, 0x0000, 0x0000, 0x0000, 0x0000, 0x0000, 0x0000, 0x0000, 0x0000, 0x0000, 0x0000, 
  0x0000, 0x0000, 0x0000, 0x0000, 0x0000, 0x0000, 0x0000, 0x0000, 0x0000, 0x0000, 0x0000, 0x0000, 0x0000, 0x0000, 0x0000, 0x0000, 
  0x0000, 0x0000, 0x0000, 0x0000, 0x0000, 0x0000, 0x0000, 0x0000, 0x0000, 0x0000, 0x0000, 0x0000, 0x0000, 0x0000, 0x0000, 0x0000, 
  0x0000, 0x0000, 0x0000, 0x0000, 0x0000, 0x0000, 0x0000, 0x0000, 0x0000, 0x0000, 0x0000, 0x0000, 0x0000, 0x0000, 0x0000, 0x0000, 
  0x0000, 0x0000, 0x0000, 0x0000, 0x0000, 0x0000, 0x0000, 0x0000, 0x0000, 0x0000, 0x0000, 0x0000, 0x0000, 0x0000, 0x001f, 0x5000, 
  0x0000, 0x0406, 0x137d, 0x603f, 0xfb60, 0xffed, 0x07ff, 0x681f, 0xfb40, 0xffed, 0x07ff, 0x681f, 0xfb40, 0xffed, 0x07df, 0x681f, 
  0xc282, 0xec06, 0x1980, 0x0000, 0x7be0, 0x0000, 0x0000, 0x0000, 0x0000, 0x0000, 0x0000, 0x0000, 0x0000, 0x0000, 0x0000, 0x0000, 
  0x0000, 0x0000, 0x0000, 0x0000, 0x0000, 0x0000, 0x0000, 0x0000, 0x0000, 0x0000, 0x0000, 0x0000, 0x0000, 0x0000, 0x0000, 0x0000, 
  0x0000, 0x0000, 0x0000, 0x0000, 0x0000, 0x0000, 0x0000, 0x0000, 0x0000, 0x0000, 0x0000, 0x0000, 0x0000, 0x0000, 0x0000, 0x0000, 
  0x0000, 0x0000, 0x0000, 0x0000, 0x0000, 0x0000, 0x0000, 0x0000, 0x0000, 0x0000, 0x0000, 0x0000, 0x0000, 0x0000, 0x0000, 0x0000, 
  0x52a0, 0x0000, 0x000d, 0x2905, 0xd2c1, 0xf7ed, 0x07ff, 0x681f, 0xfb40, 0xffed, 0x07ff, 0x681f, 0xfb40, 0xffed, 0x07f7, 0x4848, 
  0x0000, 0x07ef, 0x0000, 0x0000, 0x0000, 0x0000, 0x0000, 0x0000, 0xfb40, 0xe7ed, 0x07ff, 0x681f, 0xfb40, 0xffed, 0x07ff, 0x681f, 
  0xf340, 0xfe6b, 0x0940, 0x0000, 0xfbe0, 0x0000, 0x0000, 0x0000, 0x0000, 0x04c6, 0x0020, 0x0000, 0x81c3, 0x7fcc, 0x07ff, 0x681f, 
  0xfb40, 0xffed, 0x07ff, 0x681f, 0xfb40, 0xffed, 0x07ff, 0x681f, 0xfb60, 0xffee, 0x07ff, 0x701f, 0xfb60, 0xffac, 0x0756, 0x487f, 
  0xb261, 0x74a8, 0x1247, 0x2128, 0x0000, 0x0000, 0x0011, 0x38c6, 0xf320, 0xffed, 0x07ff, 0x681f, 0xfb40, 0xffed, 0x07ff, 0x681f, 
  0xfb40, 0xffed, 0x07f4, 0x40ac, 0x0000, 0x066c, 0x0020, 0x0000, 0x81c2, 0x866b, 0x0eff, 0x683f, 0xfb60, 0xffed, 0x07df, 0x681f, 
  0xfb40, 0xffed, 0x07ff, 0x681f, 0xfb40, 0xffed, 0x07ff, 0x681f, 0xfb40, 0xffed, 0x07ff, 0x701f, 0xfb40, 0xfeab, 0x03f1, 0x40a4, 
  0x0000, 0x07e0, 0x0017, 0x7800, 0x7800, 0x0000, 0x0000, 0x0000, 0x0000, 0x0000, 0x0000, 0x0000, 0x0000, 0x0000, 0x0000, 0x0000, 
  0x0000, 0x0000, 0x0000, 0x0000, 0x0000, 0x0000, 0x0000, 0x0000, 0x0000, 0x0000, 0x0000, 0x0000, 0x0000, 0x0000, 0x0000, 0x0000, 
  0x0000, 0x0000, 0x0000, 0x0000, 0x0000, 0x0000, 0x0000, 0x0000, 0x0000, 0x0000, 0x0000, 0x0000, 0x0000, 0x0000, 0x0000, 0x0000, 
  0x0000, 0x0000, 0x0000, 0x0000, 0x0000, 0x0000, 0x0000, 0x0000, 0x0000, 0x0000, 0x0000, 0x0000, 0x0000, 0x0000, 0x0000, 0x0000, 
  0x0000, 0x0000, 0x0000, 0x0000, 0x0000, 0x0000, 0x0000, 0x0000, 0x0000, 0x0000, 0x0000, 0x0000, 0x0000, 0x0000, 0x0000, 0x0000, 
  0x0000, 0x0000, 0x0000, 0x0000, 0x0000, 0x0000, 0x0000, 0x0000, 0x0000, 0x0000, 0x0000, 0x0000, 0x0000, 0x0000, 0x0000, 0x0000, 
  0x0000, 0x0000, 0x0000, 0x0000, 0x0000, 0x0000, 0x0000, 0x0000, 0x0000, 0x0000, 0x0000, 0x0000, 0x0000, 0x0000, 0x0000, 0x0000, 
  0x0000, 0x0000, 0x0000, 0x0000, 0x0000, 0x0000, 0x0000, 0x0000, 0x0000, 0x0000, 0x0000, 0x0000, 0x0000, 0x0000, 0x0000, 0x0000, 
  0x9b20, 0x0000, 0x0015, 0x408d, 0xf320, 0xffed, 0x07df, 0x681f, 0xfb40, 0xffed, 0x07ff, 0x681f, 0xfb40, 0xffed, 0x07ff, 0x681f, 
  0xfb80, 0xff6c, 0x0774, 0x408d, 0x20c6, 0x1000, 0x0019, 0x6000, 0x7800, 0x0000, 0x0000, 0x0000, 0x0000, 0x0000, 0x0000, 0x0000, 
  0x0000, 0x0000, 0x0000, 0x0000, 0x0000, 0x0000, 0x0000, 0x0000, 0x0000, 0x0000, 0x0000, 0x0000, 0x0000, 0x0000, 0x0000, 0x0000, 
  0x0000, 0x0000, 0x0000, 0x0000, 0x0000, 0x0000, 0x0000, 0x0000, 0x0000, 0x0000, 0x0000, 0x0000, 0x0000, 0x0000, 0x0000, 0x0000, 
  0x0000, 0x0000, 0x0000, 0x0000, 0x0000, 0x0000, 0x0000, 0x0000, 0x0000, 0x0000, 0x0000, 0x0000, 0x0000, 0x0000, 0x000f, 0x7800, 
  0xfb20, 0x0000, 0x001e, 0x6011, 0xfb80, 0xffed, 0x07ff, 0x681f, 0xfb40, 0xffed, 0x07ff, 0x681f, 0xfb60, 0xfeab, 0x0fcc, 0x28e2, 
  0x0000, 0x07e0, 0x0000, 0x0000, 0x0000, 0x0000, 0x0000, 0x0000, 0xfb40, 0xe7ed, 0x07ff, 0x681f, 0xfb40, 0xffed, 0x07ff, 0x681f, 
  0xf340, 0xfe6b, 0x0940, 0x0000, 0xfbe0, 0x0000, 0x0000, 0x0000, 0x0000, 0x04c6, 0x0020, 0x0000, 0x81c3, 0x7fcc, 0x07ff, 0x681f, 
  0xfb40, 0xffed, 0x07ff, 0x681f, 0xfb40, 0xffed, 0x07fe, 0x603f, 0xd2e1, 0xff6c, 0x053a, 0x5034, 0x99e2, 0x6800, 0x0009, 0x2240, 
  0x001f, 0x0000, 0x001f, 0x0000, 0xb9e0, 0x066c, 0x0020, 0x0000, 0xaa42, 0xb7ed, 0x07ff, 0x681f, 0xfb40, 0xffed, 0x07ff, 0x681f, 
  0xfb40, 0xffed, 0x07f8, 0x507e, 0x1066, 0x6be7, 0x1abd, 0x6014, 0xfb80, 0xffee, 0x07df, 0x681f, 0xfb40, 0xffed, 0x07ff, 0x681f, 
  0xfb40, 0xffed, 0x07ff, 0x681f, 0xfb40, 0xffed, 0x07ff, 0x681f, 0xfb60, 0xff8c, 0x07f9, 0x5059, 0x7183, 0x5800, 0x0013, 0x6000, 
  0xb9e0, 0x0000, 0x0000, 0x0000, 0x0000, 0x0000, 0x0000, 0x0000, 0x0000, 0x0000, 0x0000, 0x0000, 0x0000, 0x0000, 0x0000, 0x0000, 
  0x0000, 0x0000, 0x0000, 0x0000, 0x0000, 0x0000, 0x0000, 0x0000, 0x0000, 0x0000, 0x0000, 0x0000, 0x0000, 0x0000, 0x0000, 0x0000, 
  0x0000, 0x0000, 0x0000, 0x0000, 0x0000, 0x0000, 0x0000, 0x0000, 0x0000, 0x0000, 0x0000, 0x0000, 0x0000, 0x0000, 0x0000, 0x0000, 
  0x0000, 0x0000, 0x0000, 0x0000, 0x0000, 0x0000, 0x0000, 0x0000, 0x0000, 0x0000, 0x0000, 0x0000, 0x0000, 0x0000, 0x0000, 0x0000, 
  0x0000, 0x0000, 0x0000, 0x0000, 0x0000, 0x0000, 0x0000, 0x0000, 0x0000, 0x0000, 0x0000, 0x0000, 0x0000, 0x0000, 0x0000, 0x0000, 
  0x0000, 0x0000, 0x0000, 0x0000, 0x0000, 0x0000, 0x0000, 0x0000, 0x0000, 0x0000, 0x0000, 0x0000, 0x0000, 0x0000, 0x0000, 0x0000, 
  0x0000, 0x0000, 0x0000, 0x0000, 0x0000, 0x0000, 0x0000, 0x0000, 0x0000, 0x0000, 0x0000, 0x0000, 0x0000, 0x0000, 0x0000, 0x0000, 
  0x0000, 0x0000, 0x0000, 0x0000, 0x0000, 0x0000, 0x0000, 0x0000, 0x0000, 0x0000, 0x0000, 0x0000, 0x0000, 0x0000, 0x0000, 0x0000, 
  0x0000, 0x066c, 0x0020, 0x0000, 0xa222, 0x6f8c, 0x07ff, 0x681f, 0xfb20, 0xffed, 0x07ff, 0x681f, 0xfb40, 0xffed, 0x07ff, 0x681f, 
  0xfb20, 0xffed, 0x07ff, 0x683f, 0xcaa1, 0xb407, 0x18ea, 0x2940, 0xffe0, 0x066c, 0x002f, 0x3800, 0x0000, 0x0000, 0x0000, 0x0000, 
  0x0000, 0x0000, 0x0000, 0x0000, 0x0000, 0x0000, 0x0000, 0x0000, 0x0000, 0x0000, 0x0000, 0x0000, 0x0000, 0x0000, 0x0000, 0x0000, 
  0x0000, 0x0000, 0x0000, 0x0000, 0x0000, 0x0000, 0x0000, 0x0000, 0x0000, 0x0000, 0x0000, 0x0000, 0x0000, 0x0000, 0x0000, 0x0000, 
  0x0000, 0x0000, 0x0000, 0x0000, 0x0000, 0x0000, 0x0000, 0x0000, 0x0000, 0x0000, 0x0000, 0x0000, 0x0000, 0x066c, 0x003f, 0xa800, 
  0x0000, 0x06eb, 0x043f, 0x681f, 0xfb40, 0xffed, 0x07ff, 0x681f, 0xfb40, 0xffed, 0x07ff, 0x681f, 0xfb60, 0xfd69, 0x1440, 0x0000, 
  0xfbe0, 0x0000, 0x0000, 0x0000, 0x0000, 0x0000, 0x0000, 0x0000, 0xfb40, 0xe7ed, 0x07ff, 0x681f, 0xfb40, 0xffed, 0x07ff, 0x681f, 
  0xf340, 0xfe6b, 0x0940, 0x0000, 0xfbe0, 0x0000, 0x0000, 0x0000, 0x0000, 0x04c6, 0x0020, 0x0000, 0x81c3, 0x7fcc, 0x07ff, 0x681f, 
  0xfb40, 0xffed, 0x07ff, 0x681f, 0xfb40, 0xffac, 0x07f6, 0x484c, 0x40e5, 0x3263, 0x3040, 0x0000, 0x0000, 0x0000, 0x0000, 0x0000, 
  0xfd40, 0x05e7, 0x002a, 0x52a0, 0x0000, 0x054a, 0x0000, 0x0000, 0x5944, 0x468b, 0x0fff, 0x681f, 0xfb40, 0xffed, 0x07ff, 0x681f, 
  0xfb40, 0xffed, 0x07ff, 0x681f, 0xba62, 0xff4c, 0x0fff, 0x681f, 0xfb40, 0xffed, 0x07ff, 0x681f, 0xfb40, 0xffed, 0x07ff, 0x681f, 
  0xfb40, 0xffed, 0x07ff, 0x681f, 0xfb40, 0xffed, 0x07fe, 0x603f, 0xba81, 0xd488, 0x1267, 0x1962, 0x0000, 0x07ef, 0x003f, 0x7800, 
  0x0000, 0x0000, 0x0000, 0x0000, 0x0000, 0x0000, 0x0000, 0x0000, 0x0000, 0x0000, 0x0000, 0x0000, 0x0000, 0x0000, 0x0000, 0x0000, 
  0x0000, 0x0000, 0x0000, 0x0000, 0x0000, 0x0000, 0x0000, 0x0000, 0x0000, 0x0000, 0x0000, 0x0000, 0x0000, 0x0000, 0x0000, 0x0000, 
  0x0000, 0x0000, 0x0000, 0x0000, 0x0000, 0x0000, 0x0000, 0x0000, 0x0000, 0x0000, 0x0000, 0x0000, 0x0000, 0x0000, 0x0000, 0x0000, 
  0x0000, 0x0000, 0x0000, 0x0000, 0x0000, 0x0000, 0x0000, 0x0000, 0x0000, 0x0000, 0x0000, 0x0000, 0x0000, 0x0000, 0x0000, 0x0000, 
  0x0000, 0x0000, 0x0000, 0x0000, 0x0000, 0x0000, 0x0000, 0x0000, 0x0000, 0x0000, 0x0000, 0x0000, 0x0000, 0x0000, 0x0000, 0x0000, 
  0x0000, 0x0000, 0x0000, 0x0000, 0x0000, 0x0000, 0x0000, 0x0000, 0x0000, 0x0000, 0x0000, 0x0000, 0x0000, 0x0000, 0x0000, 0x0000, 
  0x0000, 0x0000, 0x0000, 0x0000, 0x0000, 0x0000, 0x0000, 0x0000, 0x0000, 0x0000, 0x0000, 0x0000, 0x0000, 0x0000, 0x0000, 0x0000, 
  0x0000, 0x0000, 0x0000, 0x0000, 0x0000, 0x0000, 0x0000, 0x0000, 0x0000, 0x0000, 0x0000, 0x0000, 0x0000, 0x0000, 0x0000, 0x0000, 
  0x0000, 0x0000, 0x0019, 0x3000, 0x0000, 0x0467, 0x133b, 0x585f, 0xfb60, 0xffed, 0x07ff, 0x681f, 0xfb40, 0xffed, 0x07ff, 0x681f, 
  0xfb40, 0xffed, 0x07ff, 0x681f, 0xfb60, 0xff2c, 0x07f7, 0x5053, 0x7183, 0x2800, 0x000a, 0x5000, 0xb9e0, 0x03e7, 0x3820, 0x0000, 
  0x0000, 0x0000, 0x0000, 0x0000, 0x0000, 0x0000, 0x0000, 0x0000, 0x0000, 0x0000, 0x0000, 0x0000, 0x0000, 0x0000, 0x0000, 0x0000, 
  0x0000, 0x0000, 0x0000, 0x0000, 0x0000, 0x0000, 0x0000, 0x0000, 0x0000, 0x0000, 0x0000, 0x0000, 0x0000, 0x0000, 0x0000, 0x0000, 
  0x0000, 0x0000, 0x0000, 0x0000, 0x0000, 0x0000, 0x0000, 0x0000, 0x0000, 0x0000, 0x001f, 0x0000, 0x9980, 0x0000, 0x000a, 0x20e7, 
  0xd2c1, 0xa7ed, 0x07ff, 0x681f, 0xfb40, 0xffed, 0x07ff, 0x681f, 0xfb40, 0xffed, 0x07ff, 0x681f, 0xcaa1, 0xe9c3, 0x2960, 0x0000, 
  0x7800, 0x0000, 0x0000, 0x0000, 0x0000, 0x0000, 0x0000, 0x0000, 0xfb40, 0xe7ed, 0x07ff, 0x681f, 0xfb40, 0xffed, 0x07ff, 0x681f, 
  0xf340, 0xfe6b, 0x0940, 0x0000, 0xfbe0, 0x0000, 0x0000, 0x0000, 0x0000, 0x04c6, 0x0020, 0x0000, 0x81c3, 0x7fcc, 0x07ff, 0x681f, 
  0xfb40, 0xffed, 0x07ff, 0x681f, 0xfb60, 0xff6c, 0x07f5, 0x4046, 0x0000, 0x06aa, 0x003f, 0x3800, 0x52a0, 0x0000, 0x0000, 0x0000, 
  0x0000, 0x0000, 0x0000, 0x0000, 0x0000, 0x0000, 0x0013, 0x3000, 0x0000, 0x0528, 0x157f, 0x681f, 0xfb40, 0xffed, 0x07ff, 0x681f, 
  0xfb40, 0xffed, 0x07ff, 0x681f, 0xfb60, 0xffed, 0x07df, 0x681f, 0xfb40, 0xffed, 0x07ff, 0x681f, 0xfb40, 0xffed, 0x07ff, 0x681f, 
  0xfb40, 0xffed, 0x07ff, 0x701f, 0xfb60, 0xfe8b, 0x0631, 0x38ab, 0x0000, 0x07e0, 0x001f, 0x5000, 0xaaa0, 0x0000, 0x0000, 0x0000, 
  0x0000, 0x0000, 0x0000, 0x0000, 0x0000, 0x0000, 0x0000, 0x0000, 0x0000, 0x0000, 0x0000, 0x0000, 0x0000, 0x0000, 0x0000, 0x0000, 
  0x0000, 0x0000, 0x0000, 0x0000, 0x0000, 0x0000, 0x0000, 0x0000, 0x0000, 0x0000, 0x0000, 0x0000, 0x0000, 0x0000, 0x0000, 0x0000, 
  0x0000, 0x0000, 0x0000, 0x0000, 0x0000, 0x0000, 0x0000, 0x0000, 0x0000, 0x0000, 0x0000, 0x0000, 0x0000, 0x0000, 0x0000, 0x0000, 
  0x0000, 0x0000, 0x0000, 0x0000, 0x0000, 0x0000, 0x0000, 0x0000, 0x0000, 0x0000, 0x0000, 0x0000, 0x0000, 0x0000, 0x0000, 0x0000, 
  0x0000, 0x0000, 0x0000, 0x0000, 0x0000, 0x0000, 0x0000, 0x0000, 0x0000, 0x0000, 0x0000, 0x0000, 0x0000, 0x0000, 0x0000, 0x0000, 
  0x0000, 0x0000, 0x0000, 0x0000, 0x0000, 0x0000, 0x0000, 0x0000, 0x0000, 0x0000, 0x0000, 0x0000, 0x0000, 0x0000, 0x0000, 0x0000, 
  0x0000, 0x0000, 0x0000, 0x0000, 0x0000, 0x0000, 0x0000, 0x0000, 0x0000, 0x0000, 0x0000, 0x0000, 0x0000, 0x0000, 0x0000, 0x0000, 
  0x0000, 0x0000, 0x0000, 0x0000, 0x0000, 0x0000, 0x0000, 0x0000, 0x0000, 0x0000, 0x0000, 0x0000, 0x0000, 0x0000, 0x0000, 0x0000, 
  0x0000, 0x0000, 0x0000, 0x0000, 0xcb20, 0x0000, 0x000e, 0x30ed, 0xd2e1, 0xffee, 0x07ff, 0x681f, 0xfb40, 0xffed, 0x07ff, 0x681f, 
  0xfb40, 0xffed, 0x07ff, 0x681f, 0xfb40, 0xffed, 0x07ff, 0x701f, 0xeb00, 0xf568, 0x0d0c, 0x20e4, 0x3807, 0x0000, 0x0000, 0x0000, 
  0xfd40, 0x05e7, 0x0020, 0x0000, 0x0000, 0x0000, 0x0000, 0x0000, 0x0000, 0x0000, 0x0000, 0x0000, 0x0000, 0x0000, 0x0000, 0x0000, 
  0x0000, 0x0000, 0x0000, 0x0000, 0x0000, 0x0000, 0x0000, 0x0000, 0x0000, 0x0000, 0x0000, 0x0000, 0x0000, 0x0000, 0x0000, 0x0000, 
  0x0000, 0x0000, 0x0000, 0x0000, 0x0000, 0x0000, 0x0000, 0x0000, 0xb9e0, 0x07ff, 0x0000, 0x0000, 0x0008, 0x0c47, 0x125b, 0x585d, 
  0xfb80, 0xffed, 0x07ff, 0x681f, 0xfb40, 0xffed, 0x07ff, 0x681f, 0xfb40, 0xffed, 0x07df, 0x683f, 0xc281, 0x3800, 0x0015, 0x5000, 
  0x0000, 0x0000, 0x0000, 0x0000, 0x0000, 0x0000, 0x0000, 0x0000, 0xfb40, 0xe7ed, 0x07ff, 0x681f, 0xfb40, 0xffed, 0x07ff, 0x681f, 
  0xf340, 0xfe6b, 0x0940, 0x0000, 0xfbe0, 0x0000, 0x0000, 0x0000, 0x0000, 0x04c6, 0x0020, 0x0000, 0x81c3, 0x7fcc, 0x07ff, 0x681f, 
  0xfb40, 0xffed, 0x07ff, 0x681f, 0xfb60, 0xff8c, 0x07f6, 0x4846, 0x0000, 0x054a, 0x0000, 0x0000, 0x0000, 0x0000, 0x0000, 0x0000, 
  0x0000, 0x0000, 0x0000, 0x0000, 0x0000, 0x0000, 0x000f, 0x0000, 0x0000, 0x02c4, 0x217b, 0x585f, 0xfb40, 0xffed, 0x07ff, 0x681f, 
  0xfb40, 0xffed, 0x07ff, 0x681f, 0xfb40, 0xffed, 0x07ff, 0x681f, 0xfb40, 0xffed, 0x07ff, 0x681f, 0xfb40, 0xffed, 0x07ff, 0x681f, 
  0xfb60, 0xffed, 0x07dc, 0x603a, 0xc281, 0x5122, 0x2060, 0x0000, 0xffe0, 0x05e7, 0x003f, 0x0000, 0x0000, 0x0000, 0x0000, 0x0000, 
  0x0000, 0x0000, 0x0000, 0x0000, 0x0000, 0x0000, 0x0000, 0x0000, 0x0000, 0x0000, 0x0000, 0x0000, 0x0000, 0x0000, 0x0000, 0x0000, 
  0x0000, 0x0000, 0x0000, 0x0000, 0x0000, 0x0000, 0x0000, 0x0000, 0x0000, 0x0000, 0x0000, 0x0000, 0x0000, 0x0000, 0x0000, 0x0000, 
  0x0000, 0x0000, 0x0000, 0x0000, 0x0000, 0x0000, 0x0000, 0x0000, 0x0000, 0x0000, 0x0000, 0x0000, 0x0000, 0x0000, 0x0000, 0x0000, 
  0x0000, 0x0000, 0x0000, 0x0000, 0x0000, 0x0000, 0x0000, 0x0000, 0x0000, 0x0000, 0x0000, 0x0000, 0x0000, 0x0000, 0x0000, 0x0000, 
  0x0000, 0x0000, 0x0000, 0x0000, 0x0000, 0x0000, 0x0000, 0x0000, 0x0000, 0x0000, 0x0000, 0x0000, 0x0000, 0x0000, 0x0000, 0x0000, 
  0x0000, 0x0000, 0x0000, 0x0000, 0x0000, 0x0000, 0x0000, 0x0000, 0x0000, 0x0000, 0x0000, 0x0000, 0x0000, 0x0000, 0x0000, 0x0000, 
  0x0000, 0x0000, 0x0000, 0x0000, 0x0000, 0x0000, 0x0000, 0x0000, 0x0000, 0x0000, 0x0000, 0x0000, 0x0000, 0x0000, 0x0000, 0x0000, 
  0x0000, 0x0000, 0x0000, 0x0000, 0x0000, 0x0000, 0x0000, 0x0000, 0x0000, 0x0000, 0x0000, 0x0000, 0x0000, 0x0000, 0x0000, 0x0000, 
  0x0000, 0x0000, 0x0000, 0x0000, 0x0000, 0x03e7, 0x0020, 0x0000, 0x5944, 0x4ecb, 0x0dff, 0x681f, 0xfb40, 0xffed, 0x07ff, 0x681f, 
  0xfb40, 0xffed, 0x07ff, 0x681f, 0xfb40, 0xffed, 0x07ff, 0x681f, 0xfb60, 0xffed, 0x07fb, 0x585f, 0xc281, 0x9345, 0x23c0, 0x0000, 
  0x0000, 0x0000, 0x001f, 0x7800, 0xb9e0, 0x0000, 0x0000, 0x0000, 0x0000, 0x0000, 0x0000, 0x0000, 0x0000, 0x0000, 0x0000, 0x0000, 
  0x0000, 0x0000, 0x0000, 0x0000, 0x0000, 0x0000, 0x0000, 0x0000, 0x0000, 0x0000, 0x0000, 0x0000, 0x0000, 0x0000, 0x0000, 0x0000, 
  0x0000, 0x0000, 0x0000, 0x0000, 0x0000, 0x05e7, 0x003f, 0x5000, 0x0000, 0x0000, 0x001f, 0x3800, 0xaa42, 0xbf6c, 0x0fff, 0x701f, 
  0xfb40, 0xffed, 0x07ff, 0x681f, 0xfb40, 0xffed, 0x07ff, 0x681f, 0xfb40, 0xffee, 0x07f8, 0x5076, 0x000a, 0x07ff, 0x0000, 0x0000, 
  0x0000, 0x0000, 0x0000, 0x0000, 0x0000, 0x0000, 0x0000, 0x0000, 0xfb40, 0xe7ed, 0x07ff, 0x681f, 0xfb40, 0xffed, 0x07ff, 0x681f, 
  0xf340, 0xfe6b, 0x0940, 0x0000, 0xfbe0, 0x0000, 0x0000, 0x0000, 0x0000, 0x04c6, 0x0020, 0x0000, 0x81c3, 0x7fcc, 0x07ff, 0x681f, 
  0xfb40, 0xffed, 0x07ff, 0x681f, 0xfb60, 0xff8c, 0x07f5, 0x4046, 0x0000, 0x07ef, 0x0000, 0x0000, 0x0000, 0x0000, 0x0000, 0x0000, 
  0x0000, 0x0000, 0x0000, 0x0000, 0x0000, 0x0000, 0x0000, 0x0000, 0x0000, 0x0000, 0x0013, 0x40b5, 0xfb60, 0xffed, 0x07ff, 0x681f, 
  0xfb40, 0xffed, 0x07ff, 0x681f, 0xfb40, 0xffed, 0x07ff, 0x681f, 0xfb40, 0xffed, 0x07ff, 0x681f, 0xfb40, 0xffed, 0x07ff, 0x681f, 
  0xcaa1, 0xfd08, 0x1460, 0x0000, 0xf800, 0x07ef, 0x0015, 0x5000, 0x0000, 0x0000, 0x0000, 0x0000, 0x0000, 0x0000, 0x0000, 0x0000, 
  0x0000, 0x0000, 0x0000, 0x0000, 0x0000, 0x0000, 0x0000, 0x0000, 0x0000, 0x0000, 0x0000, 0x0000, 0x0000, 0x0000, 0x0000, 0x0000, 
  0x0000, 0x0000, 0x0000, 0x0000, 0x0000, 0x0000, 0x0000, 0x0000, 0x0000, 0x0000, 0x0000, 0x0000, 0x0000, 0x0000, 0x0000, 0x0000, 
  0x0000, 0x0000, 0x0000, 0x0000, 0x0000, 0x0000, 0x0000, 0x0000, 0x0000, 0x0000, 0x0000, 0x0000, 0x0000, 0x0000, 0x0000, 0x0000, 
  0x0000, 0x0000, 0x0000, 0x0000, 0x0000, 0x0000, 0x0000, 0x0000, 0x0000, 0x0000, 0x0000, 0x0000, 0x0000, 0x0000, 0x0000, 0x0000, 
  0x0000, 0x0000, 0x0000, 0x0000, 0x0000, 0x0000, 0x0000, 0x0000, 0x0000, 0x0000, 0x0000, 0x0000, 0x0000, 0x0000, 0x0000, 0x0000, 
  0x0000, 0x0000, 0x0000, 0x0000, 0x0000, 0x0000, 0x0000, 0x0000, 0x0000, 0x0000, 0x0000, 0x0000, 0x0000, 0x0000, 0x0000, 0x0000, 
  0x0000, 0x0000, 0x0000, 0x0000, 0x0000, 0x0000, 0x0000, 0x0000, 0x0000, 0x0000, 0x0000, 0x0000, 0x0000, 0x0000, 0x0000, 0x0000, 
  0x0000, 0x0000, 0x0000, 0x0000, 0x0000, 0x0000, 0x0000, 0x0000, 0x0000, 0x0000, 0x0000, 0x0000, 0x0000, 0x0000, 0x0000, 0x0000, 
  0x0000, 0x0000, 0x0000, 0x0000, 0x0000, 0x0000, 0x0013, 0x6000, 0x0000, 0x0000, 0x0034, 0x4096, 0xf340, 0xffed, 0x07ff, 0x681f, 
  0xfb40, 0xffed, 0x07ff, 0x681f, 0xfb40, 0xffed, 0x07ff, 0x681f, 0xfb40, 0xffed, 0x07df, 0x681f, 0xfb60, 0xff6c, 0x07d7, 0x505d, 
  0xcaa1, 0x5d08, 0x11cc, 0x30c1, 0x0000, 0x0000, 0x0000, 0x0000, 0x0000, 0x07ea, 0x0017, 0x3800, 0xb9e0, 0x03e7, 0x002f, 0x39e0, 
  0x7800, 0x0000, 0x0000, 0x0000, 0x0000, 0x0000, 0x0000, 0x0000, 0x0000, 0x0000, 0x000f, 0x39e0, 0x79e0, 0x03e7, 0x0037, 0x3800, 
  0xfbe0, 0x07ff, 0x0000, 0x0000, 0x0000, 0x0000, 0x0009, 0x18e2, 0x91e2, 0x4d28, 0x16dc, 0x603d, 0xfb60, 0xffed, 0x07df, 0x601f, 
  0xfb40, 0xffed, 0x07ff, 0x681f, 0xfb40, 0xffed, 0x07ff, 0x681f, 0xfb80, 0xfeeb, 0x0580, 0x02a0, 0xfbe0, 0x0000, 0x0000, 0x0000, 
  0x0000, 0x0000, 0x0000, 0x0000, 0x0000, 0x0000, 0x0000, 0x0000, 0xfb40, 0xe7ed, 0x07ff, 0x681f, 0xfb40, 0xffed, 0x07ff, 0x681f, 
  0xf340, 0xfe6b, 0x0940, 0x0000, 0xfbe0, 0x0000, 0x0000, 0x0000, 0x0000, 0x04c6, 0x0020, 0x0000, 0x81c3, 0x7fcc, 0x07ff, 0x681f, 
  0xfb40, 0xffed, 0x07ff, 0x681f, 0xfb60, 0xff8c, 0x07f5, 0x4046, 0x0000, 0x07ef, 0x0000, 0x0000, 0x0000, 0x0000, 0x0000, 0x0000, 
  0x0000, 0x0000, 0x0000, 0x0000, 0x0000, 0x0000, 0x0000, 0x0000, 0x0000, 0x07ea, 0x0000, 0x0000, 0xeb20, 0xcfed, 0x07ff, 0x681f, 
  0xfb40, 0xffed, 0x07ff, 0x681f, 0xfb40, 0xffed, 0x07ff, 0x681f, 0xfb40, 0xffed, 0x07df, 0x681f, 0xfb80, 0xff0c, 0x0f71, 0x38b6, 
  0x38c5, 0x2000, 0x283f, 0xa800, 0xcb20, 0x03e0, 0x0000, 0x0000, 0x0000, 0x0000, 0x0000, 0x0000, 0x0000, 0x0000, 0x0000, 0x0000, 
  0x0000, 0x0000, 0x0000, 0x0000, 0x0000, 0x0000, 0x0000, 0x0000, 0x0000, 0x0000, 0x0000, 0x0000, 0x0000, 0x0000, 0x0000, 0x0000, 
  0x0000, 0x0000, 0x0000, 0x0000, 0x0000, 0x0000, 0x0000, 0x0000, 0x0000, 0x0000, 0x0000, 0x0000, 0x0000, 0x0000, 0x0000, 0x0000, 
  0x0000, 0x0000, 0x0000, 0x0000, 0x0000, 0x0000, 0x0000, 0x0000, 0x0000, 0x0000, 0x0000, 0x0000, 0x0000, 0x0000, 0x0000, 0x0000, 
  0x0000, 0x0000, 0x0000, 0x0000, 0x0000, 0x0000, 0x0000, 0x0000, 0x0000, 0x0000, 0x0000, 0x0000, 0x0000, 0x0000, 0x0000, 0x0000, 
  0x0000, 0x0000, 0x0000, 0x0000, 0x0000, 0x0000, 0x0000, 0x0000, 0x0000, 0x0000, 0x0000, 0x0000, 0x0000, 0x0000, 0x0000, 0x0000, 
  0x0000, 0x0000, 0x0000, 0x0000, 0x0000, 0x0000, 0x0000, 0x0000, 0x0000, 0x0000, 0x0000, 0x0000, 0x0000, 0x0000, 0x0000, 0x0000, 
  0x0000, 0x0000, 0x0000, 0x0000, 0x0000, 0x0000, 0x0000, 0x0000, 0x0000, 0x0000, 0x0000, 0x0000, 0x0000, 0x0000, 0x0000, 0x0000, 
  0x0000, 0x0000, 0x0000, 0x0000, 0x0000, 0x0000, 0x0000, 0x0000, 0x0000, 0x0000, 0x0000, 0x0000, 0x0000, 0x0000, 0x0000, 0x0000, 
  0x0000, 0x0000, 0x0000, 0x0000, 0x0000, 0x0000, 0x0000, 0x0000, 0x79e7, 0x0000, 0x0000, 0x01c2, 0x89e2, 0x672b, 0x075f, 0x701f, 
  0xfb60, 0xffed, 0x07ff, 0x681f, 0xfb40, 0xffed, 0x07ff, 0x681f, 0xfb40, 0xffed, 0x07ff, 0x681f, 0xfb40, 0xffed, 0x07df, 0x681f, 
  0xfb80, 0xffac, 0x07fe, 0x6016, 0xb261, 0x9c88, 0x1886, 0x0180, 0x000a, 0x0800, 0x7800, 0x0000, 0x0000, 0x0000, 0x0000, 0x0000, 
  0xfbe0, 0x07e7, 0x0037, 0x3800, 0xb9e0, 0x05e7, 0x0037, 0x3800, 0xb9e0, 0x07e7, 0x0020, 0x0000, 0x0000, 0x0000, 0x0000, 0x0000, 
  0x0000, 0x00e0, 0x5840, 0x0000, 0x5144, 0x2ce8, 0x153e, 0x6017, 0xfb40, 0xffed, 0x07ff, 0x681f, 0xfb40, 0xffed, 0x07ff, 0x681f, 
  0xfb40, 0xffed, 0x07ff, 0x681f, 0xfb40, 0xffed, 0x07df, 0x701f, 0xe300, 0xb800, 0x001f, 0x0000, 0x7be0, 0x0000, 0x0000, 0x0000, 
  0x0000, 0x0000, 0x0000, 0x0000, 0x0000, 0x0000, 0x0000, 0x0000, 0xfb40, 0xe7ed, 0x07ff, 0x681f, 0xfb40, 0xffed, 0x07ff, 0x681f, 
  0xf340, 0xfe2a, 0x0960, 0x0000, 0xfbe0, 0x0000, 0x0000, 0x0000, 0x0000, 0x04c6, 0x0020, 0x0000, 0x81c3, 0x7fcc, 0x07ff, 0x681f, 
  0xfb40, 0xffed, 0x07ff, 0x681f, 0xfb60, 0xff8c, 0x07f5, 0x4046, 0x0000, 0x07ef, 0x0000, 0x0000, 0x0000, 0x0000, 0x0000, 0x0000, 
  0x0000, 0x0000, 0x0000, 0x0000, 0x0000, 0x0000, 0x0000, 0x0000, 0x0000, 0x054a, 0x0000, 0x0000, 0xb241, 0x5fed, 0x07ff, 0x681f, 
  0xfb40, 0xffed, 0x07ff, 0x681f, 0xfb40, 0xffed, 0x07ff, 0x681f, 0xfb60, 0xffee, 0x07fc, 0x603f, 0xba61, 0xa244, 0x21a0, 0x0000, 
  0xf800, 0x054a, 0x0000, 0x0000, 0x0000, 0x0000, 0x0000, 0x0000, 0x0000, 0x0000, 0x0000, 0x0000, 0x0000, 0x0000, 0x0000, 0x0000, 
  0x0000, 0x0000, 0x0000, 0x0000, 0x0000, 0x0000, 0x0000, 0x0000, 0x0000, 0x0000, 0x0000, 0x0000, 0x0000, 0x0000, 0x0000, 0x0000, 
  0x0000, 0x0000, 0x0000, 0x0000, 0x0000, 0x0000, 0x0000, 0x0000, 0x0000, 0x0000, 0x0000, 0x0000, 0x0000, 0x0000, 0x0000, 0x0000, 
  0x0000, 0x0000, 0x0000, 0x0000, 0x0000, 0x0000, 0x0000, 0x0000, 0x0000, 0x0000, 0x0000, 0x0000, 0x0000, 0x0000, 0x0000, 0x0000, 
  0x0000, 0x0000, 0x0000, 0x0000, 0x0000, 0x0000, 0x0000, 0x0000, 0x0000, 0x0000, 0x0000, 0x0000, 0x0000, 0x0000, 0x0000, 0x0000, 
  0x0000, 0x0000, 0x0000, 0x0000, 0x0000, 0x0000, 0x0000, 0x0000, 0x0000, 0x0000, 0x0000, 0x0000, 0x0000, 0x0000, 0x0000, 0x0000, 
  0x0000, 0x0000, 0x0000, 0x0000, 0x0000, 0x0000, 0x0000, 0x0000, 0x0000, 0x0000, 0x0000, 0x0000, 0x0000, 0x0000, 0x0000, 0x0000, 
  0x0000, 0x0000, 0x0000, 0x0000, 0x0000, 0x0000, 0x0000, 0x0000, 0x0000, 0x0000, 0x0000, 0x0000, 0x0000, 0x0000, 0x0000, 0x0000, 
  0x0000, 0x0000, 0x0000, 0x0000, 0x0000, 0x0000, 0x0000, 0x0000, 0x0000, 0x0000, 0x0000, 0x0000, 0x0000, 0x0000, 0x0000, 0x0000, 
  0x0000, 0x0000, 0x0000, 0x0000, 0x0000, 0x0000, 0x0000, 0x0000, 0x0000, 0x0000, 0x000c, 0x3000, 0x0000, 0x02c5, 0x21b5, 0x4897, 
  0xeb20, 0xffee, 0x07ff, 0x681f, 0xfb40, 0xffed, 0x07ff, 0x681f, 0xfb40, 0xffed, 0x07ff, 0x681f, 0xfb40, 0xffed, 0x07ff, 0x681f, 
  0xfb40, 0xffed, 0x07df, 0x701f, 0xfb60, 0xffcd, 0x07bb, 0x583e, 0xaa42, 0xfdea, 0x0bd9, 0x5829, 0xa202, 0x5366, 0x1a8a, 0x212b, 
  0x40e4, 0x2000, 0x0000, 0x0000, 0x0000, 0x0000, 0x0000, 0x0000, 0x0000, 0x0000, 0x0008, 0x1949, 0x5124, 0x53a6, 0x1ab5, 0x406a, 
  0xd2c0, 0x4d08, 0x1697, 0x507f, 0xf320, 0xf7ed, 0x07ff, 0x701f, 0xfb40, 0xffed, 0x07ff, 0x681f, 0xfb40, 0xffed, 0x07ff, 0x681f, 
  0xfb40, 0xffed, 0x07ff, 0x681f, 0xfb40, 0xffed, 0x07fa, 0x5859, 0x5124, 0x5800, 0x000a, 0x5000, 0x0000, 0x0000, 0x0000, 0x0000, 
  0x0000, 0x0000, 0x0000, 0x0000, 0x0000, 0x0000, 0x0000, 0x0000, 0xfb40, 0xe7ed, 0x07ff, 0x681f, 0xfb40, 0xffed, 0x07ff, 0x681f, 
  0xf340, 0xfe6b, 0x0940, 0x0000, 0xfbe0, 0x0000, 0x0000, 0x0000, 0x0000, 0x04c6, 0x0020, 0x0000, 0x79a3, 0x7fac, 0x07ff, 0x681f, 
  0xfb40, 0xffed, 0x07ff, 0x681f, 0xfb60, 0xff8c, 0x07f5, 0x4046, 0x0000, 0x07ef, 0x0000, 0x0000, 0x0000, 0x0000, 0x0000, 0x0000, 
  0x0000, 0x0000, 0x0000, 0x0000, 0x0000, 0x0000, 0x0000, 0x0000, 0x0000, 0x07e0, 0x0000, 0x0000, 0x0086, 0x0e6a, 0x0ebf, 0x681f, 
  0xfb40, 0xffed, 0x07ff, 0x681f, 0xfb40, 0xffed, 0x07ff, 0x701f, 0xeb20, 0xf5c9, 0x0d6f, 0x30c4, 0x0000, 0x07ff, 0x000f, 0x39e0, 
  0x0000, 0x0000, 0x0000, 0x0000, 0x0000, 0x0000, 0x0000, 0x0000, 0x0000, 0x0000, 0x0000, 0x0000, 0x0000, 0x0000, 0x0000, 0x0000, 
  0x0000, 0x0000, 0x0000, 0x0000, 0x0000, 0x0000, 0x0000, 0x0000, 0x0000, 0x0000, 0x0000, 0x0000, 0x0000, 0x0000, 0x0000, 0x0000, 
  0x0000, 0x0000, 0x0000, 0x0000, 0x0000, 0x0000, 0x0000, 0x0000, 0x0000, 0x0000, 0x0000, 0x0000, 0x0000, 0x0000, 0x0000, 0x0000, 
  0x0000, 0x0000, 0x0000, 0x0000, 0x0000, 0x0000, 0x0000, 0x0000, 0x0000, 0x0000, 0x0000, 0x0000, 0x0000, 0x0000, 0x0000, 0x0000, 
  0x0000, 0x0000, 0x0000, 0x0000, 0x0000, 0x0000, 0x0000, 0x0000, 0x0000, 0x0000, 0x0000, 0x0000, 0x0000, 0x0000, 0x0000, 0x0000, 
  0x0000, 0x0000, 0x0000, 0x0000, 0x0000, 0x0000, 0x0000, 0x0000, 0x0000, 0x0000, 0x0000, 0x0000, 0x0000, 0x0000, 0x0000, 0x0000, 
  0x0000, 0x0000, 0x0000, 0x0000, 0x0000, 0x0000, 0x0000, 0x0000, 0x0000, 0x0000, 0x0000, 0x0000, 0x0000, 0x0000, 0x0000, 0x0000, 
  0x0000, 0x0000, 0x0000, 0x0000, 0x0000, 0x0000, 0x0000, 0x0000, 0x0000, 0x0000, 0x0000, 0x0000, 0x0000, 0x0000, 0x0000, 0x0000, 
  0x0000, 0x0000, 0x0000, 0x0000, 0x0000, 0x0000, 0x0000, 0x0000, 0x0000, 0x0000, 0x0000, 0x0000, 0x0000, 0x0000, 0x0000, 0x0000, 
  0x0000, 0x0000, 0x0000, 0x0000, 0x0000, 0x0000, 0x0000, 0x0000, 0x0000, 0x0000, 0x0000, 0x0000, 0xbbe7, 0x0000, 0x0000, 0x0140, 
  0x89e2, 0x3e8a, 0x05fe, 0x681f, 0xfb80, 0xffed, 0x07ff, 0x681f, 0xfb40, 0xffed, 0x07ff, 0x681f, 0xfb40, 0xffed, 0x07ff, 0x681f, 
  0xfb40, 0xffed, 0x07ff, 0x681f, 0xfb40, 0xffed, 0x07ff, 0x681f, 0xfb60, 0xffed, 0x07ff, 0x681f, 0xf320, 0xff0c, 0x0ffb, 0x587f, 
  0xdae1, 0xd72c, 0x057b, 0x5836, 0xdac1, 0xb6ab, 0x0d9b, 0x5856, 0xdae0, 0xb70b, 0x0599, 0x507e, 0xd2e1, 0xff2c, 0x0fff, 0x603f, 
  0xfb60, 0xffed, 0x07ff, 0x681f, 0xfb40, 0xffed, 0x07df, 0x681f, 0xfb40, 0xffed, 0x07ff, 0x681f, 0xfb40, 0xffed, 0x07ff, 0x681f, 
  0xfb40, 0xffed, 0x07ff, 0x681f, 0xfb60, 0xfe2a, 0x0da6, 0x3180, 0xf800, 0x07ef, 0x0000, 0x0000, 0x0000, 0x0000, 0x0000, 0x0000, 
  0x0000, 0x0000, 0x0000, 0x0000, 0x0000, 0x0000, 0x0000, 0x0000, 0xfb40, 0xe7ed, 0x07ff, 0x681f, 0xfb40, 0xffed, 0x07ff, 0x681f, 
  0xfb40, 0xfca8, 0x151f, 0x7001, 0xe340, 0x172c, 0x00bc, 0x6002, 0xe320, 0x16ab, 0x00c0, 0x0000, 0xa222, 0x8fed, 0x07ff, 0x681f, 
  0xfb40, 0xffed, 0x07ff, 0x681f, 0xfb60, 0xff8c, 0x07f5, 0x4046, 0x0000, 0x07ef, 0x0000, 0x0000, 0x0000, 0x0000, 0x0000, 0x0000, 
  0x0000, 0x0000, 0x0000, 0x0000, 0x0000, 0x0000, 0x0000, 0x0000, 0x0000, 0x0000, 0x0013, 0x3000, 0x0000, 0x0488, 0x139e, 0x683f, 
  0xfb40, 0xffed, 0x07ff, 0x681f, 0xfb80, 0xff6c, 0x07f8, 0x5075, 0x79c3, 0x3000, 0x0000, 0x0000, 0xaaa0, 0x054a, 0x0000, 0x0000, 
  0x0000, 0x0000, 0x0000, 0x0000, 0x0000, 0x0000, 0x0000, 0x0000, 0x0000, 0x0000, 0x0000, 0x0000, 0x0000, 0x0000, 0x0000, 0x0000, 
  0x0000, 0x0000, 0x0000, 0x0000, 0x0000, 0x0000, 0x0000, 0x0000, 0x0000, 0x0000, 0x0000, 0x0000, 0x0000, 0x0000, 0x0000, 0x0000, 
  0x0000, 0x0000, 0x0000, 0x0000, 0x0000, 0x0000, 0x0000, 0x0000, 0x0000, 0x0000, 0x0000, 0x0000, 0x0000, 0x0000, 0x0000, 0x0000, 
  0x0000, 0x0000, 0x0000, 0x0000, 0x0000, 0x0000, 0x0000, 0x0000, 0x0000, 0x0000, 0x0000, 0x0000, 0x0000, 0x0000, 0x0000, 0x0000, 
  0x0000, 0x0000, 0x0000, 0x0000, 0x0000, 0x0000, 0x0000, 0x0000, 0x0000, 0x0000, 0x0000, 0x0000, 0x0000, 0x0000, 0x0000, 0x0000, 
  0x0000, 0x0000, 0x0000, 0x0000, 0x0000, 0x0000, 0x0000, 0x0000, 0x0000, 0x0000, 0x0000, 0x0000, 0x0000, 0x0000, 0x0000, 0x0000, 
  0x0000, 0x0000, 0x0000, 0x0000, 0x0000, 0x0000, 0x0000, 0x0000, 0x0000, 0x0000, 0x0000, 0x0000, 0x0000, 0x0000, 0x0000, 0x0000, 
  0x0000, 0x0000, 0x0000, 0x0000, 0x0000, 0x0000, 0x0000, 0x0000, 0x0000, 0x0000, 0x0000, 0x0000, 0x0000, 0x0000, 0x0000, 0x0000, 
  0x0000, 0x0000, 0x0000, 0x0000, 0x0000, 0x0000, 0x0000, 0x0000, 0x0000, 0x0000, 0x0000, 0x0000, 0x0000, 0x0000, 0x0000, 0x0000, 
  0x0000, 0x0000, 0x0000, 0x0000, 0x0000, 0x0000, 0x0000, 0x0000, 0x0000, 0x0000, 0x0000, 0x0000, 0x0000, 0x0000, 0x0017, 0x3800, 
  0xaaa0, 0x0000, 0x0019, 0x5047, 0xd2c1, 0xf7ed, 0x07ff, 0x681f, 0xfb60, 0xffed, 0x07ff, 0x681f, 0xfb40, 0xffed, 0x07ff, 0x681f, 
  0xfb40, 0xffed, 0x07ff, 0x681f, 0xfb40, 0xffed, 0x07ff, 0x681f, 0xfb40, 0xffed, 0x07ff, 0x681f, 0xfb40, 0xffed, 0x07df, 0x681f, 
  0xfb60, 0xffed, 0x07ff, 0x681f, 0xfb60, 0xffed, 0x07ff, 0x681f, 0xfb60, 0xffed, 0x07ff, 0x681f, 0xfb60, 0xffed, 0x07df, 0x681f, 
  0xfb40, 0xffed, 0x07ff, 0x681f, 0xfb40, 0xffed, 0x07ff, 0x681f, 0xfb40, 0xffed, 0x07ff, 0x681f, 0xfb40, 0xffed, 0x07ff, 0x681f, 
  0xfb60, 0xffee, 0x07ff, 0x681c, 0xaa41, 0x8000, 0x385f, 0x7800, 0x52aa, 0x0000, 0x0000, 0x0000, 0x0000, 0x0000, 0x0000, 0x0000, 
  0x0000, 0x0000, 0x0000, 0x0000, 0x0000, 0x0000, 0x0000, 0x0000, 0xfb40, 0xe7ed, 0x07ff, 0x681f, 0xfb40, 0xffed, 0x07ff, 0x681f, 
  0xfb40, 0xffcd, 0x07fe, 0x681f, 0xf340, 0xffad, 0x07de, 0x681f, 0xf340, 0xffad, 0x07de, 0x681f, 0xfb40, 0xffed, 0x07ff, 0x681f, 
  0xfb40, 0xffed, 0x07ff, 0x681f, 0xfb60, 0xff8c, 0x07f5, 0x4046, 0x0000, 0x07ef, 0x0000, 0x0000, 0x0000, 0x0000, 0x0000, 0x0000, 
  0x0000, 0x0000, 0x0000, 0x0000, 0x0000, 0x0000, 0x0000, 0x0000, 0x0000, 0x0000, 0x0000, 0x0000, 0xfbe0, 0x0000, 0x001a, 0x587a, 
  0xfb60, 0xffed, 0x07ff, 0x681f, 0xe2e0, 0xad29, 0x0960, 0x0000, 0xfbe0, 0x05e7, 0x0020, 0x0000, 0x0000, 0x0000, 0x0000, 0x0000, 
  0x0000, 0x0000, 0x0000, 0x0000, 0x0000, 0x0000, 0x0000, 0x0000, 0x0000, 0x0000, 0x0000, 0x0000, 0x0000, 0x0000, 0x0000, 0x0000, 
  0x0000, 0x0000, 0x0000, 0x0000, 0x0000, 0x0000, 0x0000, 0x0000, 0x0000, 0x0000, 0x0000, 0x0000, 0x0000, 0x0000, 0x0000, 0x0000, 
  0x0000, 0x0000, 0x0000, 0x0000, 0x0000, 0x0000, 0x0000, 0x0000, 0x0000, 0x0000, 0x0000, 0x0000, 0x0000, 0x0000, 0x0000, 0x0000, 
  0x0000, 0x0000, 0x0000, 0x0000, 0x0000, 0x0000, 0x0000, 0x0000, 0x0000, 0x0000, 0x0000, 0x0000, 0x0000, 0x0000, 0x0000, 0x0000, 
  0x0000, 0x0000, 0x0000, 0x0000, 0x0000, 0x0000, 0x0000, 0x0000, 0x0000, 0x0000, 0x0000, 0x0000, 0x0000, 0x0000, 0x0000, 0x0000, 
  0x0000, 0x0000, 0x0000, 0x0000, 0x0000, 0x0000, 0x0000, 0x0000, 0x0000, 0x0000, 0x0000, 0x0000, 0x0000, 0x0000, 0x0000, 0x0000, 
  0x0000, 0x0000, 0x0000, 0x0000, 0x0000, 0x0000, 0x0000, 0x0000, 0x0000, 0x0000, 0x0000, 0x0000, 0x0000, 0x0000, 0x0000, 0x0000, 
  0x0000, 0x0000, 0x0000, 0x0000, 0x0000, 0x0000, 0x0000, 0x0000, 0x0000, 0x0000, 0x0000, 0x0000, 0x0000, 0x0000, 0x0000, 0x0000, 
  0x0000, 0x0000, 0x0000, 0x0000, 0x0000, 0x0000, 0x0000, 0x0000, 0x0000, 0x0000, 0x0000, 0x0000, 0x0000, 0x0000, 0x0000, 0x0000, 
  0x0000, 0x0000, 0x0000, 0x0000, 0x0000, 0x0000, 0x0000, 0x0000, 0x0000, 0x0000, 0x0000, 0x0000, 0x0000, 0x0000, 0x0000, 0x0000, 
  0xb9e0, 0x07ef, 0x0000, 0x0000, 0x48e4, 0x24c8, 0x1498, 0x505c, 0xfb40, 0xefed, 0x07ff, 0x681f, 0xfb40, 0xffed, 0x07df, 0x681f, 
  0xfb40, 0xffed, 0x07ff, 0x681f, 0xfb40, 0xffed, 0x07ff, 0x681f, 0xfb40, 0xffed, 0x07ff, 0x681f, 0xfb40, 0xffed, 0x07ff, 0x681f, 
  0xfb40, 0xffed, 0x07df, 0x681f, 0xfb40, 0xffed, 0x07df, 0x681f, 0xfb40, 0xffed, 0x07df, 0x681f, 0xfb40, 0xffed, 0x07ff, 0x681f, 
  0xfb40, 0xffed, 0x07ff, 0x681f, 0xfb40, 0xffed, 0x07ff, 0x681f, 0xfb40, 0xffed, 0x07ff, 0x681f, 0xfb40, 0xffed, 0x07df, 0x681f, 
  0xf340, 0xf5c9, 0x0ed4, 0x4086, 0x0000, 0x07f5, 0x001f, 0x0000, 0x0000, 0x0000, 0x0000, 0x0000, 0x0000, 0x0000, 0x0000, 0x0000, 
  0x0000, 0x0000, 0x0000, 0x0000, 0x0000, 0x0000, 0x0000, 0x0000, 0xfb40, 0xe7ed, 0x07ff, 0x681f, 0xfb40, 0xffed, 0x07ff, 0x681f, 
  0xfb40, 0xffed, 0x07ff, 0x681f, 0xfb40, 0xffed, 0x07ff, 0x681f, 0xfb40, 0xffed, 0x07ff, 0x681f, 0xfb40, 0xffed, 0x07ff, 0x681f, 
  0xfb40, 0xffed, 0x07ff, 0x681f, 0xfb60, 0xff8c, 0x07f5, 0x4046, 0x0000, 0x07ef, 0x0000, 0x0000, 0x0000, 0x0000, 0x0000, 0x0000, 
  0x0000, 0x0000, 0x0000, 0x0000, 0x0000, 0x0000, 0x0000, 0x0000, 0x0000, 0x0000, 0x0000, 0x0000, 0xfbe0, 0x0000, 0x0015, 0x40aa, 
  0xf321, 0xfdea, 0x0f51, 0x38ae, 0x0000, 0x03e0, 0x001f, 0x7800, 0x79e0, 0x0000, 0x0000, 0x0000, 0x0000, 0x0000, 0x0000, 0x0000, 
  0x0000, 0x0000, 0x0000, 0x0000, 0x0000, 0x0000, 0x0000, 0x0000, 0x0000, 0x0000, 0x0000, 0x0000, 0x0000, 0x0000, 0x0000, 0x0000, 
  0x0000, 0x0000, 0x0000, 0x0000, 0x0000, 0x0000, 0x0000, 0x0000, 0x0000, 0x0000, 0x0000, 0x0000, 0x0000, 0x0000, 0x0000, 0x0000, 
  0x0000, 0x0000, 0x0000, 0x0000, 0x0000, 0x0000, 0x0000, 0x0000, 0x0000, 0x0000, 0x0000, 0x0000, 0x0000, 0x0000, 0x0000, 0x0000, 
  0x0000, 0x0000, 0x0000, 0x0000, 0x0000, 0x0000, 0x0000, 0x0000, 0x0000, 0x0000, 0x0000, 0x0000, 0x0000, 0x0000, 0x0000, 0x0000, 
  0x0000, 0x0000, 0x0000, 0x0000, 0x0000, 0x0000, 0x0000, 0x0000, 0x0000, 0x0000, 0x0000, 0x0000, 0x0000, 0x0000, 0x0000, 0x0000, 
  0x0000, 0x0000, 0x0000, 0x0000, 0x0000, 0x0000, 0x0000, 0x0000, 0x0000, 0x0000, 0x0000, 0x0000, 0x0000, 0x0000, 0x0000, 0x0000, 
  0x0000, 0x0000, 0x0000, 0x0000, 0x0000, 0x0000, 0x0000, 0x0000, 0x0000, 0x0000, 0x0000, 0x0000, 0x0000, 0x0000, 0x0000, 0x0000, 
  0x0000, 0x0000, 0x0000, 0x0000, 0x0000, 0x0000, 0x0000, 0x0000, 0x0000, 0x0000, 0x0000, 0x0000, 0x0000, 0x0000, 0x0000, 0x0000, 
  0x0000, 0x0000, 0x0000, 0x0000, 0x0000, 0x0000, 0x0000, 0x0000, 0x0000, 0x0000, 0x0000, 0x0000, 0x0000, 0x0000, 0x0000, 0x0000, 
  0x0000, 0x0000, 0x0000, 0x0000, 0x0000, 0x0000, 0x0000, 0x0000, 0x0000, 0x0000, 0x0000, 0x0000, 0x0000, 0x0000, 0x0000, 0x0000, 
  0x0000, 0x0000, 0x000f, 0x0000, 0xf800, 0x03ef, 0x7800, 0x0000, 0x9a21, 0x460a, 0x0d7c, 0x585f, 0xfb60, 0xffed, 0x07ff, 0x681f, 
  0xfb40, 0xffed, 0x07ff, 0x681f, 0xfb40, 0xffed, 0x07ff, 0x681f, 0xfb40, 0xffed, 0x07ff, 0x681f, 0xfb40, 0xffed, 0x07ff, 0x681f, 
  0xfb40, 0xffed, 0x07ff, 0x681f, 0xfb40, 0xffed, 0x07ff, 0x681f, 0xfb40, 0xffed, 0x07ff, 0x681f, 0xfb40, 0xffed, 0x07ff, 0x681f, 
  0xfb40, 0xffed, 0x07ff, 0x681f, 0xfb40, 0xffed, 0x07ff, 0x681f, 0xfb40, 0xffed, 0x07df, 0x681f, 0xfb60, 0xffcd, 0x07f9, 0x5058, 
  0x91e2, 0x5800, 0x001f, 0x5000, 0xb9e0, 0x0000, 0x0000, 0x0000, 0x0000, 0x0000, 0x0000, 0x0000, 0x0000, 0x0000, 0x0000, 0x0000, 
  0x0000, 0x0000, 0x0000, 0x0000, 0x0000, 0x0000, 0x0000, 0x0000, 0xfb40, 0xe7ed, 0x07ff, 0x681f, 0xfb40, 0xffed, 0x07ff, 0x681f, 
  0xfb40, 0xffed, 0x07ff, 0x681f, 0xfb40, 0xffed, 0x07ff, 0x681f, 0xfb40, 0xffed, 0x07ff, 0x681f, 0xfb40, 0xffed, 0x07ff, 0x681f, 
  0xfb40, 0xffed, 0x07ff, 0x681f, 0xfb60, 0xff8c, 0x07f5, 0x4046, 0x0000, 0x07ef, 0x0000, 0x0000, 0x0000, 0x0000, 0x0000, 0x0000, 
  0x0000, 0x0000, 0x0000, 0x0000, 0x0000, 0x0000, 0x0000, 0x0000, 0x0000, 0x0000, 0x0000, 0x0000, 0x0000, 0x0000, 0x000a, 0x2943, 
  0x6164, 0x83e7, 0x1060, 0x0000, 0xcb20, 0x07e0, 0x0000, 0x0000, 0x0000, 0x0000, 0x0000, 0x0000, 0x0000, 0x0000, 0x0000, 0x0000, 
  0x0000, 0x0000, 0x0000, 0x0000, 0x0000, 0x0000, 0x0000, 0x0000, 0x0000, 0x0000, 0x0000, 0x0000, 0x0000, 0x0000, 0x0000, 0x0000, 
  0x0000, 0x0000, 0x0000, 0x0000, 0x0000, 0x0000, 0x0000, 0x0000, 0x0000, 0x0000, 0x0000, 0x0000, 0x0000, 0x0000, 0x0000, 0x0000, 
  0x0000, 0x0000, 0x0000, 0x0000, 0x0000, 0x0000, 0x0000, 0x0000, 0x0000, 0x0000, 0x0000, 0x0000, 0x0000, 0x0000, 0x0000, 0x0000, 
  0x0000, 0x0000, 0x0000, 0x0000, 0x0000, 0x0000, 0x0000, 0x0000, 0x0000, 0x0000, 0x0000, 0x0000, 0x0000, 0x0000, 0x0000, 0x0000, 
  0x0000, 0x0000, 0x0000, 0x0000, 0x0000, 0x0000, 0x0000, 0x0000, 0x0000, 0x0000, 0x0000, 0x0000, 0x0000, 0x0000, 0x0000, 0x0000, 
  0x0000, 0x0000, 0x0000, 0x0000, 0x0000, 0x0000, 0x0000, 0x0000, 0x0000, 0x0000, 0x0000, 0x0000, 0x0000, 0x0000, 0x0000, 0x0000, 
  0x0000, 0x0000, 0x0000, 0x0000, 0x0000, 0x0000, 0x0000, 0x0000, 0x0000, 0x0000, 0x0000, 0x0000, 0x0000, 0x0000, 0x0000, 0x0000, 
  0x0000, 0x0000, 0x0000, 0x0000, 0x0000, 0x0000, 0x0000, 0x0000, 0x0000, 0x0000, 0x0000, 0x0000, 0x0000, 0x0000, 0x0000, 0x0000, 
  0x0000, 0x0000, 0x0000, 0x0000, 0x0000, 0x0000, 0x0000, 0x0000, 0x0000, 0x0000, 0x0000, 0x0000, 0x0000, 0x0000, 0x0000, 0x0000, 
  0x0000, 0x0000, 0x0000, 0x0000, 0x0000, 0x0000, 0x0000, 0x0000, 0x0000, 0x0000, 0x0000, 0x0000, 0x0000, 0x0000, 0x0000, 0x0000, 
  0x0000, 0x0000, 0x0000, 0x0000, 0xaaaa, 0x07ef, 0x003f, 0x6000, 0x0000, 0x01a2, 0x306e, 0x30c3, 0xc280, 0x670b, 0x06fe, 0x603f, 
  0xfb60, 0xffed, 0x07ff, 0x681f, 0xfb40, 0xffed, 0x07df, 0x681f, 0xfb40, 0xffed, 0x07ff, 0x681f, 0xfb40, 0xffed, 0x07ff, 0x681f, 
  0xfb40, 0xffed, 0x07ff, 0x681f, 0xfb40, 0xffed, 0x07ff, 0x681f, 0xfb40, 0xffed, 0x07ff, 0x681f, 0xfb40, 0xffed, 0x07ff, 0x681f, 
  0xfb40, 0xffed, 0x07ff, 0x681f, 0xfb40, 0xffed, 0x07ff, 0x681f, 0xfb60, 0xffee, 0x07ff, 0x683f, 0xca81, 0xd4a8, 0x1245, 0x1161, 
  0x0000, 0x07ec, 0x0035, 0x5000, 0x0000, 0x0000, 0x0000, 0x0000, 0x0000, 0x0000, 0x0000, 0x0000, 0x0000, 0x0000, 0x0000, 0x0000, 
  0x0000, 0x0000, 0x0000, 0x0000, 0x0000, 0x0000, 0x0000, 0x0000, 0xfb40, 0xe7ed, 0x07ff, 0x681f, 0xfb40, 0xffed, 0x07ff, 0x681f, 
  0xfb40, 0xffed, 0x07ff, 0x681f, 0xfb40, 0xffed, 0x07ff, 0x681f, 0xfb40, 0xffed, 0x07ff, 0x681f, 0xfb40, 0xffed, 0x07ff, 0x681f, 
  0xfb40, 0xffed, 0x07ff, 0x681f, 0xfb60, 0xff8c, 0x07f5, 0x4046, 0x0000, 0x07ef, 0x0000, 0x0000, 0x0000, 0x0000, 0x0000, 0x0000, 
  0x0000, 0x0000, 0x0000, 0x0000, 0x0000, 0x0000, 0x0000, 0x0000, 0x0000, 0x0000, 0x0000, 0x0000, 0x0000, 0x0000, 0x000a, 0x5000, 
  0x0000, 0x07ef, 0x0037, 0x3800, 0x0000, 0x0000, 0x0000, 0x0000, 0x0000, 0x0000, 0x0000, 0x0000, 0x0000, 0x0000, 0x0000, 0x0000, 
  0x0000, 0x0000, 0x0000, 0x0000, 0x0000, 0x0000, 0x0000, 0x0000, 0x0000, 0x0000, 0x0000, 0x0000, 0x0000, 0x0000, 0x0000, 0x0000, 
  0x0000, 0x0000, 0x0000, 0x0000, 0x0000, 0x0000, 0x0000, 0x0000, 0x0000, 0x0000, 0x0000, 0x0000, 0x0000, 0x0000, 0x0000, 0x0000, 
  0x0000, 0x0000, 0x0000, 0x0000, 0x0000, 0x0000, 0x0000, 0x0000, 0x0000, 0x0000, 0x0000, 0x0000, 0x0000, 0x0000, 0x0000, 0x0000, 
  0x0000, 0x0000, 0x0000, 0x0000, 0x0000, 0x0000, 0x0000, 0x0000, 0x0000, 0x0000, 0x0000, 0x0000, 0x0000, 0x0000, 0x0000, 0x0000, 
  0x0000, 0x0000, 0x0000, 0x0000, 0x0000, 0x0000, 0x0000, 0x0000, 0x0000, 0x0000, 0x0000, 0x0000, 0x0000, 0x0000, 0x0000, 0x0000, 
  0x0000, 0x0000, 0x0000, 0x0000, 0x0000, 0x0000, 0x0000, 0x0000, 0x0000, 0x0000, 0x0000, 0x0000, 0x0000, 0x0000, 0x0000, 0x0000, 
  0x0000, 0x0000, 0x0000, 0x0000, 0x0000, 0x0000, 0x0000, 0x0000, 0x0000, 0x0000, 0x0000, 0x0000, 0x0000, 0x0000, 0x0000, 0x0000, 
  0x0000, 0x0000, 0x0000, 0x0000, 0x0000, 0x0000, 0x0000, 0x0000, 0x0000, 0x0000, 0x0000, 0x0000, 0x0000, 0x0000, 0x0000, 0x0000, 
  0x0000, 0x0000, 0x0000, 0x0000, 0x0000, 0x0000, 0x0000, 0x0000, 0x0000, 0x0000, 0x0000, 0x0000, 0x0000, 0x0000, 0x0000, 0x0000, 
  0x0000, 0x0000, 0x0000, 0x0000, 0x0000, 0x0000, 0x0000, 0x0000, 0x0000, 0x0000, 0x0000, 0x0000, 0x0000, 0x0000, 0x0000, 0x0000, 
  0x0000, 0x0000, 0x0000, 0x0000, 0x0000, 0x0000, 0x0000, 0x0000, 0xaaa0, 0x054a, 0x0000, 0x0000, 0x0000, 0x0162, 0x284e, 0x28ee, 
  0xdae0, 0x5dea, 0x0dda, 0x585f, 0xeb00, 0xffed, 0x07ff, 0x681f, 0xfb60, 0xffed, 0x07ff, 0x681f, 0xfb40, 0xffed, 0x07df, 0x681f, 
  0xfb40, 0xffed, 0x07ff, 0x681f, 0xfb40, 0xffed, 0x07ff, 0x681f, 0xfb40, 0xffed, 0x07ff, 0x681f, 0xfb40, 0xffed, 0x07df, 0x681f, 
  0xfb40, 0xffed, 0x07ff, 0x681f, 0xfb60, 0xffac, 0x07fa, 0x585f, 0xaa61, 0xf62a, 0x0bad, 0x28ec, 0x0000, 0x0000, 0x001f, 0x7800, 
  0xaaa0, 0x0000, 0x0000, 0x0000, 0x0000, 0x0000, 0x0000, 0x0000, 0x0000, 0x0000, 0x0000, 0x0000, 0x0000, 0x0000, 0x0000, 0x0000, 
  0x0000, 0x0000, 0x0000, 0x0000, 0x0000, 0x0000, 0x0000, 0x0000, 0xfb40, 0xe7ed, 0x07ff, 0x681f, 0xfb40, 0xffed, 0x07ff, 0x681f, 
  0xfb40, 0xffed, 0x07ff, 0x681f, 0xfb40, 0xffed, 0x07ff, 0x681f, 0xfb40, 0xffed, 0x07ff, 0x681f, 0xfb40, 0xffed, 0x07ff, 0x681f, 
  0xfb40, 0xffed, 0x07ff, 0x681f, 0xfb60, 0xff8c, 0x07f5, 0x4046, 0x0000, 0x07ef, 0x0000, 0x0000, 0x0000, 0x0000, 0x0000, 0x0000, 
  0x0000, 0x0000, 0x0000, 0x0000, 0x0000, 0x0000, 0x0000, 0x0000, 0x0000, 0x0000, 0x0000, 0x0000, 0x0000, 0x0000, 0x0000, 0x0000, 
  0x79e0, 0x0000, 0x0000, 0x0000, 0x0000, 0x0000, 0x0000, 0x0000, 0x0000, 0x0000, 0x0000, 0x0000, 0x0000, 0x0000, 0x0000, 0x0000, 
  0x0000, 0x0000, 0x0000, 0x0000, 0x0000, 0x0000, 0x0000, 0x0000, 0x0000, 0x0000, 0x0000, 0x0000, 0x0000, 0x0000, 0x0000, 0x0000, 
  0x0000, 0x0000, 0x0000, 0x0000, 0x0000, 0x0000, 0x0000, 0x0000, 0x0000, 0x0000, 0x0000, 0x0000, 0x0000, 0x0000, 0x0000, 0x0000, 
  0x0000, 0x0000, 0x0000, 0x0000, 0x0000, 0x0000, 0x0000, 0x0000, 0x0000, 0x0000, 0x0000, 0x0000, 0x0000, 0x0000, 0x0000, 0x0000, 
  0x0000, 0x0000, 0x0000, 0x0000, 0x0000, 0x0000, 0x0000, 0x0000, 0x0000, 0x0000, 0x0000, 0x0000, 0x0000, 0x0000, 0x0000, 0x0000, 
  0x0000, 0x0000, 0x0000, 0x0000, 0x0000, 0x0000, 0x0000, 0x0000, 0x0000, 0x0000, 0x0000, 0x0000, 0x0000, 0x0000, 0x0000, 0x0000, 
  0x0000, 0x0000, 0x0000, 0x0000, 0x0000, 0x0000, 0x0000, 0x0000, 0x0000, 0x0000, 0x0000, 0x0000, 0x0000, 0x0000, 0x0000, 0x0000, 
  0x0000, 0x0000, 0x0000, 0x0000, 0x0000, 0x0000, 0x0000, 0x0000, 0x0000, 0x0000, 0x0000, 0x0000, 0x0000, 0x0000, 0x0000, 0x0000, 
  0x0000, 0x0000, 0x0000, 0x0000, 0x0000, 0x0000, 0x0000, 0x0000, 0x0000, 0x0000, 0x0000, 0x0000, 0x0000, 0x0000, 0x0000, 0x0000, 
  0x0000, 0x0000, 0x0000, 0x0000, 0x0000, 0x0000, 0x0000, 0x0000, 0x0000, 0x0000, 0x0000, 0x0000, 0x0000, 0x0000, 0x0000, 0x0000, 
  0x0000, 0x0000, 0x0000, 0x0000, 0x0000, 0x0000, 0x0000, 0x0000, 0x0000, 0x0000, 0x0000, 0x0000, 0x0000, 0x0000, 0x0000, 0x0000, 
  0x0000, 0x0000, 0x0000, 0x0000, 0x0000, 0x0000, 0x0000, 0x0000, 0x0000, 0x0000, 0x0017, 0x3800, 0xfbe0, 0x07ef, 0x0020, 0x0000, 
  0x0000, 0x0102, 0x306e, 0x30c3, 0xbaa2, 0x1c87, 0x1d97, 0x5077, 0xf300, 0xb70c, 0x0f7e, 0x603f, 0xfb60, 0xffee, 0x07ff, 0x701f, 
  0xfb60, 0xffed, 0x07ff, 0x681f, 0xfb60, 0xffed, 0x07ff, 0x681f, 0xfb60, 0xffed, 0x07ff, 0x681f, 0xfb80, 0xffee, 0x07ff, 0x681f, 
  0xf321, 0xffac, 0x065d, 0x6016, 0xa242, 0xcc88, 0x1af7, 0x5001, 0x28c5, 0x1800, 0x0000, 0x0000, 0xfbe0, 0x07e7, 0x002f, 0x0000, 
  0x0000, 0x0000, 0x0000, 0x0000, 0x0000, 0x0000, 0x0000, 0x0000, 0x0000, 0x0000, 0x0000, 0x0000, 0x0000, 0x0000, 0x0000, 0x0000, 
  0x0000, 0x0000, 0x0000, 0x0000, 0x0000, 0x0000, 0x0000, 0x0000, 0xfb20, 0xe7ed, 0x07ff, 0x681f, 0xfb40, 0xffed, 0x07ff, 0x681f, 
  0xfb40, 0xffed, 0x07ff, 0x681f, 0xfb40, 0xffed, 0x07ff, 0x681f, 0xfb40, 0xffed, 0x07ff, 0x681f, 0xfb40, 0xffed, 0x07ff, 0x681f, 
  0xfb40, 0xffed, 0x07ff, 0x681f, 0xfb40, 0xff8c, 0x07f5, 0x4046, 0x0000, 0x07ef, 0x0000, 0x0000, 0x0000, 0x0000, 0x0000, 0x0000, 
  0x0000, 0x0000, 0x0000, 0x0000, 0x0000, 0x0000, 0x0000, 0x0000, 0x0000, 0x0000, 0x0000, 0x0000, 0x0000, 0x0000, 0x0000, 0x0000, 
  0x0000, 0x0000, 0x0000, 0x0000, 0x0000, 0x0000, 0x0000, 0x0000, 0x0000, 0x0000, 0x0000, 0x0000, 0x0000, 0x0000, 0x0000, 0x0000, 
  0x0000, 0x0000, 0x0000, 0x0000, 0x0000, 0x0000, 0x0000, 0x0000, 0x0000, 0x0000, 0x0000, 0x0000, 0x0000, 0x0000, 0x0000, 0x0000, 
  0x0000, 0x0000, 0x0000, 0x0000, 0x0000, 0x0000, 0x0000, 0x0000, 0x0000, 0x0000, 0x0000, 0x0000, 0x0000, 0x0000, 0x0000, 0x0000, 
  0x0000, 0x0000, 0x0000, 0x0000, 0x0000, 0x0000, 0x0000, 0x0000, 0x0000, 0x0000, 0x0000, 0x0000, 0x0000, 0x0000, 0x0000, 0x0000, 
  0x0000, 0x0000, 0x0000, 0x0000, 0x0000, 0x0000, 0x0000, 0x0000, 0x0000, 0x0000, 0x0000, 0x0000, 0x0000, 0x0000, 0x0000, 0x0000, 
  0x0000, 0x0000, 0x0000, 0x0000, 0x0000, 0x0000, 0x0000, 0x0000, 0x0000, 0x0000, 0x0000, 0x0000, 0x0000, 0x0000, 0x0000, 0x0000, 
  0x0000, 0x0000, 0x0000, 0x0000, 0x0000, 0x0000, 0x0000, 0x0000, 0x0000, 0x0000, 0x0000, 0x0000, 0x0000, 0x0000, 0x0000, 0x0000, 
  0x0000, 0x0000, 0x0000, 0x0000, 0x0000, 0x0000, 0x0000, 0x0000, 0x0000, 0x0000, 0x0000, 0x0000, 0x0000, 0x0000, 0x0000, 0x0000, 
  0x0000, 0x0000, 0x0000, 0x0000, 0x0000, 0x0000, 0x0000, 0x0000, 0x0000, 0x0000, 0x0000, 0x0000, 0x0000, 0x0000, 0x0000, 0x0000, 
  0x0000, 0x0000, 0x0000, 0x0000, 0x0000, 0x0000, 0x0000, 0x0000, 0x0000, 0x0000, 0x0000, 0x0000, 0x0000, 0x0000, 0x0000, 0x0000, 
  0x0000, 0x0000, 0x0000, 0x0000, 0x0000, 0x0000, 0x0000, 0x0000, 0x0000, 0x0000, 0x0000, 0x0000, 0x0000, 0x0000, 0x0000, 0x0000, 
  0x0000, 0x0000, 0x0000, 0x0000, 0x0000, 0x0000, 0x0000, 0x0000, 0x0000, 0x0000, 0x0000, 0x0000, 0x0000, 0x0000, 0x000f, 0x3800, 
  0xf9e0, 0x07ef, 0x0000, 0x0000, 0x0000, 0x0000, 0x0000, 0x0000, 0x0000, 0x01e3, 0x2a11, 0x308b, 0xc281, 0x5f6c, 0x0277, 0x5050, 
  0x9a02, 0xfd69, 0x0ff6, 0x489f, 0xb282, 0xfdaa, 0x17f6, 0x509f, 0xb262, 0xfd89, 0x17f5, 0x407a, 0xfb40, 0x4eab, 0x0ad8, 0x504a, 
  0x79a2, 0x5a03, 0x2880, 0x0000, 0x0000, 0x0000, 0x0000, 0x0000, 0x0000, 0x07e7, 0x002f, 0x3800, 0x0000, 0x0000, 0x0000, 0x0000, 
  0x0000, 0x0000, 0x0000, 0x0000, 0x0000, 0x0000, 0x0000, 0x0000, 0x0000, 0x0000, 0x0000, 0x0000, 0x0000, 0x0000, 0x0000, 0x0000, 
  0x0000, 0x0000, 0x0000, 0x0000, 0x0000, 0x0000, 0x0000, 0x0000, 0xf340, 0xe7ed, 0x07fe, 0x681f, 0xf340, 0xffad, 0x07fe, 0x681f, 
  0xf340, 0xffad, 0x07fe, 0x681f, 0xf340, 0xffad, 0x07fe, 0x681f, 0xf340, 0xffad, 0x07fe, 0x681f, 0xf340, 0xffad, 0x07fe, 0x681f, 
  0xf340, 0xffad, 0x07fe, 0x681f, 0xfb60, 0xff6c, 0x07f6, 0x4046, 0x0000, 0x07ef, 0x0000, 0x0000, 0x0000, 0x0000, 0x0000, 0x0000, 
  0x0000, 0x0000, 0x0000, 0x0000, 0x0000, 0x0000, 0x0000, 0x0000, 0x0000, 0x0000, 0x0000, 0x0000, 0x0000, 0x0000, 0x0000, 0x0000, 
  0x0000, 0x0000, 0x0000, 0x0000, 0x0000, 0x0000, 0x0000, 0x0000, 0x0000, 0x0000, 0x0000, 0x0000, 0x0000, 0x0000, 0x0000, 0x0000, 
  0x0000, 0x0000, 0x0000, 0x0000, 0x0000, 0x0000, 0x0000, 0x0000, 0x0000, 0x0000, 0x0000, 0x0000, 0x0000, 0x0000, 0x0000, 0x0000, 
  0x0000, 0x0000, 0x0000, 0x0000, 0x0000, 0x0000, 0x0000, 0x0000, 0x0000, 0x0000, 0x0000, 0x0000, 0x0000, 0x0000, 0x0000, 0x0000, 
  0x0000, 0x0000, 0x0000, 0x0000, 0x0000, 0x0000, 0x0000, 0x0000, 0x0000, 0x0000, 0x0000, 0x0000, 0x0000, 0x0000, 0x0000, 0x0000, 
  0x0000, 0x0000, 0x0000, 0x0000, 0x0000, 0x0000, 0x0000, 0x0000, 0x0000, 0x0000, 0x0000, 0x0000, 0x0000, 0x0000, 0x0000, 0x0000, 
  0x0000, 0x0000, 0x0000, 0x0000, 0x0000, 0x0000, 0x0000, 0x0000, 0x0000, 0x0000, 0x0000, 0x0000, 0x0000, 0x0000, 0x0000, 0x0000
};
const int imageSize = 76800;
